date,first_name,last_name,subject,joy_score,neutral_score,surprise_score,sadness_score,anger_score,fear_score,disgust_score
2016-01-01 01:00:00,Loretta,Sanchez,Looking Back on 2015,0.6671387553215027,0.27952104806900024,0.0298817940056324,0.010358543135225773,0.006740867160260677,,
2016-01-01 09:20:00,Robin,Kelly,A New Year Begins,0.03448859974741936,0.9317842721939087,0.016120344400405884,0.007813088595867157,0.004399561323225498,,
2016-01-01 12:06:40,Gerald,Connolly,Bipartisan Successes,0.38015609979629517,0.5608793497085571,0.03319642320275307,0.013199370354413986,0.007001957390457392,,
2016-01-03 08:33:20,Steve,Israel,Looking Back on 2015,0.0367700457572937,0.22887568175792694,,0.04231983423233032,0.026429610326886177,0.6482065320014954,
2016-01-03 16:53:20,Henry,Cuellar,Congressman Henry Cuellar's Congressional Report for January 3,0.34315264225006104,0.5823343396186829,0.055890072137117386,0.008695008233189583,0.0054930406622588634,,
2016-01-04 15:06:40,Jackie,Speier,Don't Miss Covered California Open Enrollment!,0.09591405838727951,0.6752802133560181,0.06230834499001503,0.1309276670217514,,0.02936890721321106,
2016-01-04 17:53:20,Alcee,Hastings,In Review: the First Session of the 114th Congress,0.4170779883861542,0.518231987953186,0.030097754672169685,0.01972660794854164,,0.006454635411500931,
2016-01-04 17:53:20,Terri,Sewell,E-Newsletter Volume Forty One - December 2015,0.011100039817392826,0.9378440380096436,0.035502392798662186,0.006889062933623791,0.0058058626018464565,,
2016-01-04 20:40:00,Richard,Nolan,Top 10 Most Effective,0.8461365699768066,0.1120767742395401,0.030449217185378075,0.0032884597312659025,0.0041847387328743935,,
2016-01-04 20:40:00,Michael,Capuano,E-Update Rep. Capuano,0.10637249797582626,0.7760546803474426,0.0366583988070488,0.06719638407230377,,0.006227403879165649,
2016-01-04 23:26:40,Terri,Sewell,Guide to Grants Issue 247- Jan 4 2016,,0.9014784097671509,0.06595411896705627,0.00962433684617281,0.009550336748361588,,0.005316257942467928
2016-01-05 10:33:20,Jim,Cooper,"Top 10 at 10: Tuesday, January 5",0.009927378036081791,0.9228582382202148,0.044786568731069565,0.00661274092271924,,0.008266563527286053,
2016-01-05 16:06:40,James,Langevin,Looking Back on 2015,0.1055329218506813,0.7793519496917725,0.031140603125095367,0.07113812118768692,,0.006203972734510899,
2016-01-05 16:06:40,Karen,Bass,Join me for a Telephone Town Hall following President Obama's State of the Union,0.07933808118104935,0.8117791414260864,0.04812241718173027,0.020691532641649246,,0.03191782161593437,
2016-01-05 18:53:20,Bonnie,Watson Coleman,President Obama has given us a running start. It's up to Congress to finish the job.,0.4096750319004059,0.5336527824401855,0.02711053006350994,,0.011654363945126534,0.007687411271035671,
2016-01-06 08:46:40,John,Carney,Year in Review ,0.023632362484931946,0.8952387571334839,0.0173555389046669,0.038507573306560516,,0.013208422809839249,
2016-01-06 08:46:40,Chellie,Pingree,Looking back on 2015,0.06716901063919067,0.8887307047843933,0.027462102472782135,0.007701730355620384,0.004532830789685249,,
2016-01-06 11:33:20,Jim,Cooper,"Top 10 at 10: Wednesday, January 6",0.025296160951256752,0.6305585503578186,0.12667274475097656,0.14420528709888458,,0.05590299889445305,
2016-01-06 11:33:20,Jackie,Speier,CHANGED TIME! Don't Miss Covered California Open Enrollment!,0.06860115379095078,0.7188393473625183,0.06073131039738655,0.11650267243385315,,0.028903203085064888,
2016-01-06 11:33:20,Brad,Sherman,January Town Hall Meeting,0.01668109931051731,0.8865084052085876,0.02465641126036644,0.02772771753370762,,0.032892413437366486,
2016-01-06 14:20:00,Joe,Courtney,A Major Breakthrough for Connecticut Defense Manufacturers,0.15206539630889893,0.7406297922134399,0.08543065935373306,0.008268170058727264,0.0063494001515209675,,
2016-01-06 14:20:00,Sander,Levin,Congress Finally Responds for 9/11 Heroes,,0.6600897312164307,0.05782287195324898,0.1189173236489296,0.019191866740584373,0.11866718530654907,
2016-01-06 14:20:00,Peter,Visclosky,Visclosky Town Forum Invitation,0.02144901268184185,0.29036611318588257,0.01593765988945961,0.02888578176498413,,0.6309466361999512,
2016-01-06 17:06:40,Al,Green,Congressman Al Green Honors the Legacy of Late Harris County Commissioner El Franco Lee ,0.04838545247912407,0.9025401473045349,0.016177747398614883,0.018655670806765556,0.005915680900216103,,
2016-01-06 17:06:40,John,Larson,A Look Back at the Pope's Historic Address,0.10133013874292374,0.23300738632678986,0.1863110363483429,0.008866808377206326,,0.46166127920150757,
2016-01-06 17:06:40,Gwen,Graham,North Florida Newsletter: One Year Anniversary!,0.9635050296783447,0.018151184543967247,0.012584923766553402,0.002352846786379814,0.002070485381409526,,
2016-01-06 17:06:40,Brad,Ashford,You're Invited,0.25632891058921814,0.672398567199707,0.033475711941719055,0.013262001797556877,0.010024863295257092,,
2016-01-06 19:53:20,Lucille,Roybal-Allard,Congresswoman Roybal-Allard on DHS Migrant Removal Operations,,0.11050984263420105,,0.09776689857244492,0.037015218287706375,0.6874306201934814,0.0547262467443943
2016-01-06 19:53:20,Mark,Takai,Aloha From the Hill 1/6/16,0.6426485180854797,0.23297670483589172,0.09634415805339813,0.005785676185041666,0.016004696488380432,,
2016-01-07 12:33:20,Charles,Rangel,My last year serving you,0.7385923862457275,0.16069503128528595,0.0785154476761818,0.013436196371912956,0.005518515128642321,,
2016-01-07 12:33:20,John,Sarbanes,Constituent Services,0.017410092055797577,0.9462997913360596,0.010824983939528465,0.01366818230599165,,0.004587990697473288,
2016-01-07 12:33:20,Bill,Foster,Reducing gun violence,0.03925713151693344,0.9084136486053467,,,0.014699224382638931,0.01402799692004919,0.009794325567781925
2016-01-07 12:33:20,Jim,Cooper,"Top 10 at 10: Wednesday, January 7",0.05911991745233536,0.8220851421356201,0.09965460002422333,0.008347309194505215,0.005197301506996155,,
2016-01-07 15:20:00,Katherine,Clark,It's Congress' turn to act on gun violence ,,0.47092100977897644,,0.07921768724918365,0.21465998888015747,0.19588391482830048,0.021583981812000275
2016-01-07 15:20:00,Charles,Rangel,Quick Survey on My Last Year Serving You,0.7169055938720703,0.16991688311100006,0.0925225242972374,0.01023885328322649,0.007041103206574917,,
2016-01-07 15:20:00,Donald,Beyer,We Must Do More,0.20590995252132416,0.669590950012207,0.02584746852517128,,0.04536570981144905,0.02504415065050125,
2016-01-07 15:20:00,Ann,Kuster,Reflecting on 2015 and Looking Ahead,0.0676284059882164,0.31569695472717285,0.027659395709633827,0.008114395663142204,,0.5728486180305481,
2016-01-07 18:06:40,Suzan,DelBene,A quick update,0.09284211695194244,0.19577696919441223,0.008116761222481728,0.011318108066916466,,0.6824654936790466,
2016-01-07 18:06:40,Niki,Tsongas,Congress in your Inbox,0.21627582609653473,0.668297290802002,0.05992898717522621,0.04075779765844345,0.0076119680888950825,,
2016-01-08 10:46:40,Sam,Farr,Attention Korean War Veterans,0.3078116178512573,0.6021588444709778,0.05874903127551079,0.014511410146951675,,0.005761672742664814,
2016-01-08 10:46:40,David,Cicilline,Ending Gun Violence,0.7227432131767273,0.06982599198818207,0.028054706752300262,0.16608020663261414,,0.007119222544133663,
2016-01-08 13:33:20,Ted,Lieu,Advisory: January 13 public meeting on safety concerns at Southern California refinery,,0.6111431121826172,0.03132984787225723,0.05886594578623772,0.08544377982616425,0.18499471247196198,
2016-01-08 16:20:00,Charles,Rangel,My Final Year Just Started,0.08293597400188446,0.48548007011413574,,0.038909200578927994,0.10238457471132278,0.24571523070335388,
2016-01-08 16:20:00,Ami,Bera,Important announcement:,0.07833372801542282,0.13373352587223053,0.01904960162937641,0.005192080046981573,,0.7573816180229187,
2016-01-08 19:06:40,Lucille,Roybal-Allard,Winter in Review,0.21496954560279846,0.7064576148986816,0.056002020835876465,0.011723296716809273,0.0055700805969536304,,
2016-01-08 19:06:40,Steve,Cohen,Fighting to Preserve the Affordable Care Act and Planned Parenthood,0.6847457885742188,0.1889275312423706,0.02965216152369976,0.05478159338235855,,0.025082794949412346,
2016-01-08 19:06:40,Nancy,Pelosi,"New Year, Old Ideas",0.007683362811803818,,0.007945522665977478,0.10282215476036072,0.07450447976589203,0.8001859188079834,
2016-01-08 19:06:40,Raul,Ruiz,Welcoming in the New Year,0.09915994852781296,0.8241128325462341,0.026068946346640587,0.030544860288500786,,0.012266240082681179,
2016-01-08 21:53:20,Michael,Capuano,E-Update Rep. Capuano,0.009065925143659115,0.42655041813850403,0.012363090179860592,0.010460719466209412,0.5311546921730042,,
2016-01-08 21:53:20,Collin,Peterson,Rep. Peterson's Newsletter 1-8-2016,0.42419329285621643,0.4775080382823944,0.028522511944174767,0.054292745888233185,,0.008184900507330894,
2016-01-08 21:53:20,Gregorio,Sablan,"e-Newsletter - Friday, January 8, 2016",,0.07994450628757477,0.05238911509513855,0.561890721321106,0.016196630895137787,0.27819254994392395,
2016-01-09 09:00:00,Steve,Israel,Time to Pass on the Torch,0.6829054355621338,0.23049432039260864,0.03286014497280121,0.04168153926730156,,0.006104751490056515,
2016-01-10 10:00:00,Pete,Aguilar,A Look Back,0.12412401288747787,0.8157117366790771,0.03129184991121292,0.013327484019100666,0.007270320784300566,,
2016-01-10 12:46:40,Joaquin,Castro,Capitol Hill Update from Congressman Castro,0.05483510345220566,0.3480689823627472,,0.2789880335330963,0.027859317138791084,0.2437111884355545,
2016-01-10 15:33:20,Brad,Ashford,Reporting to you,0.015625931322574615,0.9389621615409851,0.021204713732004166,0.01647067256271839,,,0.0028871993999928236
2016-01-10 18:20:00,Henry,Cuellar,Congressman Henry Cuellar's Congressional Report for January 10,0.11749760061502457,0.8329848647117615,0.021509910002350807,0.01810038462281227,0.003941219765692949,,
2016-01-11 11:00:00,Jim,Cooper,"Top 10 at 10: Monday, January 11",0.014072969555854797,0.9125840663909912,0.046257324516773224,0.013865310698747635,,0.006806389428675175,
2016-01-11 11:00:00,Patrick,Murphy,What do YOU want to hear from POTUS?,0.032661572098731995,0.9315975308418274,0.018804388120770454,0.009579884819686413,0.00284352689050138,,
2016-01-11 13:46:40,Derek,Kilmer,Progress with your help,0.6263467669487,0.249208465218544,0.10507983714342117,,0.008824598975479603,,0.005407815333455801
2016-01-11 13:46:40,Richard,Nolan,Stop illegal paper dumping,,0.32293564081192017,,0.4617493450641632,0.0805506631731987,0.036987923085689545,0.07244701683521271
2016-01-11 13:46:40,Raúl,Grijalva,Here to Serve You: Priorities for 2016 ,0.016619287431240082,0.9252418279647827,0.012537606991827488,0.01728500984609127,,0.01801399327814579,
2016-01-11 13:46:40,Raúl,Grijalva,Here to Serve You: Priorities for 2016 ,0.016619287431240082,0.9252418279647827,0.012537606991827488,0.01728500984609127,,0.01801399327814579,
2016-01-11 16:33:20,Gene,Green,Town Hall Meetings and Events,0.02698957733809948,0.9057124257087708,0.04633118212223053,0.009952603839337826,,0.0047056530602276325,
2016-01-11 16:33:20,Chaka,Fattah,"Capitol Hill Update - Transit Commuters Benefit, New Mentoring Funding, Gun Control",0.43726208806037903,0.41576308012008667,0.10446129739284515,0.026706941425800323,,0.00721222348511219,
2016-01-11 16:33:20,Alan,Lowenthal,"Congressman Lowenthal eNewsletter 'The 47th Flyer' - Jan. 11 - Congressional Priorities, Small Business, Scouts",,0.2678234577178955,0.027988851070404053,0.0070513333193957806,0.02951788529753685,0.6567985415458679,
2016-01-11 19:20:00,Eleanor,Norton,"e-Newsletter-Monday, January 11, 2016",0.468982070684433,0.41218432784080505,0.0923362746834755,0.007886364124715328,0.010984020307660103,,
2016-01-11 19:20:00,Theodore,Deutch,Official Congressional Survey,0.11070843040943146,0.7503604292869568,0.11151638627052307,0.007196957245469093,0.01561594009399414,,
2016-01-12 00:53:20,Terri,Sewell,Guide to Grants Issue 248- Jan 11 2016,,0.9082165956497192,0.05984607711434364,0.008939908817410469,0.009447497315704823,,0.005426032934337854
2016-01-12 09:13:20,John,Carney,Let's Talk,0.95211261510849,0.025858905166387558,0.015364601276814938,0.003391957376152277,0.0017034701304510236,,
2016-01-12 12:00:00,Jim,Cooper,"Top 10 at 10: Tuesday, January 12",,0.06887795031070709,0.008184149861335754,0.0071790521033108234,0.0060737826861441135,0.9032975435256958,
2016-01-12 14:46:40,Steve,Israel,Advice to My Successor,0.05318218469619751,0.7212502360343933,,0.18828831613063812,0.009942607954144478,,0.015496674925088882
2016-01-12 17:33:20,Daniel,Kildee,What Do You Want to Hear Tonight?,0.012483338825404644,0.9176721572875977,0.02206367813050747,0.03485661372542381,0.00503939762711525,,
2016-01-12 17:33:20,Paul,Tonko,"Federal Grant Opportunities - January 12, 2016",0.007349039427936077,0.9432926177978516,0.023446764796972275,0.00823886226862669,,0.00834365002810955,
2016-01-12 20:20:00,Ami,Bera,The State of our Union:,0.027050256729125977,0.9317643046379089,0.00927178468555212,0.01438117679208517,0.007830883376300335,,
2016-01-12 20:20:00,Betty,McCollum,A Message on the State of the Union,0.037191249430179596,0.9286691546440125,0.011064435355365276,0.005695114377886057,0.008800595067441463,,
2016-01-12 23:06:40,Eric,Swalwell,The State of our Union is…,0.12258009612560272,0.7921960949897766,0.029575718566775322,0.024393156170845032,,0.02367139793932438,
2016-01-13 10:13:20,Filemon,Vela,A Special Update from Congressman Filemon Vela,0.11310229450464249,0.728858232498169,0.11465566605329514,0.027348052710294724,0.008609664626419544,,
2016-01-13 10:13:20,Ron,Kind,SHARE YOUR THOUGHTS RE: POTUS ACTION ON GUNS ,,0.8652498126029968,0.02501114457845688,0.04947521910071373,0.013348938897252083,0.03501547873020172,
2016-01-13 10:13:20,Kathy,Castor,"State of the Union is ""Resilient"" - Let's Continue the Progress In Tampa Bay: Job Fairs & Opportunities",0.7154073119163513,0.19885140657424927,0.017551835626363754,0.05193333700299263,,,0.00822499394416809
2016-01-13 10:13:20,Jim,Cooper,"Top 10 at 10: Wednesday, January 13",0.03378429636359215,0.6216183304786682,0.05590686574578285,0.25677138566970825,,0.018206335604190826,
2016-01-13 10:13:20,Brad,Sherman,Questionnaire & Town Hall Invite,,0.029507849365472794,0.002780275186523795,0.003211623290553689,0.0033647622913122177,0.957261860370636,
2016-01-13 13:00:00,Sam,Farr,Attention Korean War Veterans,,0.5656794905662537,0.012274532578885555,0.34898000955581665,0.025647668167948723,,0.034282248467206955
2016-01-13 15:46:40,Louise,Slaughter,Let's Cure Cancer ,0.6059538125991821,0.3300055265426636,0.02329571358859539,0.02312856912612915,,0.006735378876328468,
2016-01-13 15:46:40,Brian,Higgins,Looking Back As We Move Forward,0.014383099973201752,0.27570921182632446,0.009254341013729572,0.00681806355714798,,0.6861608624458313,
2016-01-13 15:46:40,Al,Green,Congressman Al Green's Statement on the State of the Union,,0.906393826007843,0.025506626814603806,0.03335804119706154,0.007282537408173084,0.01723693311214447,
2016-01-13 15:46:40,Nita,Lowey,News from Nita: Helping residents in the Lower Hudson Valley,0.5416353344917297,0.3673638701438904,0.025063160806894302,0.04394344985485077,0.012833972461521626,,
2016-01-13 15:46:40,Steny,Hoyer,Congressman Hoyer Responds to President Obama's Final State of the Union Address,0.06340989470481873,0.8868473172187805,0.012747359462082386,0.017691219225525856,0.007932736538350582,,
2016-01-13 15:46:40,Ann,Kuster,Putting a Face on Addiction,0.060277700424194336,0.5114459991455078,0.04370563477277756,0.28923362493515015,,0.0818348377943039,
2016-01-13 15:46:40,Brian,Higgins,CORRECTION: Looking Back As We Move Forward,0.010452918708324432,0.26363831758499146,0.011239196173846722,0.006097003351897001,,0.7008134722709656,
2016-01-13 15:46:40,Brad,Ashford,State of the Union,0.3051512837409973,0.6567755937576294,0.015719208866357803,0.009020787663757801,0.006431133486330509,,
2016-01-13 18:33:20,Tulsi,Gabbard,Happy New Year!,0.2385622262954712,0.39742252230644226,0.02682512439787388,0.12483485788106918,,0.18825386464595795,
2016-01-13 18:33:20,Elizabeth,Esty,Reflections on the State of our Union,0.17687499523162842,0.7298420667648315,0.01100203488022089,0.015527088195085526,,0.051102422177791595,
2016-01-13 18:33:20,Suzan,DelBene,A quick update,,0.04144767299294472,0.0025380731094628572,0.006228290032595396,0.00548306992277503,0.9408240914344788,
2016-01-13 18:33:20,Mark,Takai,the country that cures cancer one and for all,0.7457528114318848,0.2079223394393921,0.026219602674245834,0.006914969999343157,,0.006556078791618347,
2016-01-13 18:33:20,Henry,Johnson,Congressman Hank Johnson on SOTU and Combating Terrorism,0.06053951382637024,0.7896552681922913,0.015833457931876183,0.052753470838069916,,0.06715255975723267,
2016-01-13 21:20:00,Jerry,McNerney,"Join me for a Get Covered, Contra Costa Health Care Event: January 16th",0.07662132382392883,0.8260409832000732,0.07034914940595627,0.009716062806546688,,0.008145569823682308,
2016-01-13 21:20:00,Alma,Adams,State of the Union,0.3650597035884857,0.5740588307380676,0.014597085304558277,0.015755092725157738,0.013404538854956627,,
2016-01-13 21:20:00,Albio,Sires,Last Week in Washington,,0.07813327759504318,,0.05817487835884094,0.6728474497795105,0.155083566904068,0.01853802055120468
2016-01-14 05:40:00,Lois,Capps,What are your priorities?,0.022037047892808914,0.8699259161949158,0.029899634420871735,0.0547553226351738,,0.014881237410008907,
2016-01-14 11:13:20,Jim,Cooper,"Top 10 at 10: Thursday, January 14",0.005928730592131615,0.9465306401252747,0.031335894018411636,0.004458815790712833,0.005001474637538195,,
2016-01-14 14:00:00,Charles,Rangel,New Year Townhall 1/19,0.008189534768462181,0.9297954440116882,0.025419101119041443,0.009645272977650166,,0.01563374139368534,
2016-01-14 14:00:00,Ed,Perlmutter,Lakewood Telephone Town Hall,0.007652280852198601,0.9371981024742126,0.007078114431351423,0.02673637680709362,,0.009076322428882122,
2016-01-14 14:00:00,Tammy,Duckworth,Giving Back to our Country and Community,0.8045023679733276,0.16380053758621216,0.013788478448987007,0.008804656565189362,,0.004283977672457695,
2016-01-14 16:46:40,David,Loebsack,A Day of Service,0.12600171566009521,0.8119675517082214,0.03504689410328865,0.012395079247653484,0.006454481277614832,,
2016-01-14 22:20:00,Lucille,Roybal-Allard,Fighting for the Needs of Immigrants,0.004631280433386564,0.039948176592588425,,0.011877256445586681,0.019200999289751053,0.9181968569755554,
2016-01-14 22:20:00,John,Sarbanes,Communications Blackout,0.013889847323298454,0.9478262066841125,0.00831742212176323,0.016025889664888382,0.005339908413589001,,
2016-01-15 09:26:40,Lois,Capps,Fixing the VA,,0.3210987448692322,,0.1588955819606781,0.1394432634115219,0.3298187255859375,0.03188098967075348
2016-01-15 12:13:20,Jim,Cooper,"Top 10 at 10: Friday, January 15",0.008787702769041061,0.8644258379936218,0.04864870011806488,0.030402401462197304,,0.03854724392294884,
2016-01-15 12:13:20,David,Cicilline,Honoring Dr. Martin Luther King Jr.,0.275035560131073,0.34850138425827026,0.01558871753513813,0.31931546330451965,,0.02955053001642227,
2016-01-15 12:13:20,Kyrsten,Sinema,PASSED: No Raise for Congress,0.0096071045845747,0.8902503252029419,0.019081545993685722,0.02401556633412838,0.04567863047122955,,
2016-01-15 12:13:20,Chaka,Fattah,2016 State of the Union,0.031849294900894165,0.8958582878112793,0.02756899781525135,0.020370541140437126,,0.017842769622802734,
2016-01-15 15:00:00,Beto,O’Rourke,Join me at my next town hall meeting,0.4855521619319916,0.45073598623275757,0.027814896777272224,0.016376296058297157,,0.010431190952658653,
2016-01-15 15:00:00,Emanuel,Cleaver,EC From DC: Fixing Our Politics,,0.7431080937385559,,0.09163619577884674,0.030789563432335854,0.026937972754240036,0.0862635001540184
2016-01-15 15:00:00,Charles,Rangel,With the same enthusiasm and optimism,0.48372578620910645,0.4572889804840088,0.03431374207139015,0.01170159038156271,,0.006485762540251017,
2016-01-15 17:46:40,Nancy,Pelosi,#ThanksObama,0.003158934647217393,,0.0024283535312861204,0.006156104151159525,0.005834730342030525,0.9802462458610535,
2016-01-15 17:46:40,Henry,Johnson,Honoring Dr. Martin Luther King Jr.,0.18428726494312286,0.775350034236908,0.013168472796678543,0.009187421761453152,0.008950578048825264,,
2016-01-15 17:46:40,Al,Green,Congressman Al Green's Statement on the U.S. Departments of Education and Health and Human Services' New Initiative Supporting Healthy Students and Communities ,0.017687687650322914,0.8908981680870056,0.042160894721746445,0.029620926827192307,,0.011236881837248802,
2016-01-15 17:46:40,Beto,O’Rourke,Correction: Join me at my next town hall meeting,0.2694804072380066,0.659440815448761,0.03100132942199707,0.022573698312044144,,0.007948777638375759,
2016-01-15 17:46:40,José,Serrano,"The Serrano Report - January 15, 2016",0.17147251963615417,0.3472040593624115,,,0.1857190877199173,0.23027098178863525,0.02973129227757454
2016-01-15 17:46:40,Loretta,Sanchez,Honoring Martin Luther King Jr. Day,0.15886835753917694,0.7821648120880127,0.036009326577186584,0.008415987715125084,0.007317115552723408,,
2016-01-15 17:46:40,Steve,Cohen,Remembering Frances Hooks,,0.1079227402806282,0.042202871292829514,0.37824732065200806,,0.3445073068141937,0.09162289649248123
2016-01-15 20:33:20,Joe,Courtney,Standing up for Willington residents,,0.5574858784675598,0.018825365230441093,0.05970044434070587,0.027473360300064087,0.3170620799064636,
2016-01-15 20:33:20,Michael,Capuano,E-Update Rep. Capuano,0.012807812541723251,0.6553027033805847,0.03736276179552078,0.24240531027317047,,0.035003822296857834,
2016-01-15 20:33:20,Collin,Peterson,Rep. Peterson's Newsletter 1-15-2016,0.12103017419576645,0.7912043333053589,0.01763475313782692,0.03440861776471138,0.013702265918254852,,
2016-01-15 23:20:00,Gregorio,Sablan,"e-Newsletter - Friday, January 15, 2016",0.1990082859992981,0.7276760935783386,0.051859334111213684,0.009833825752139091,0.005429526790976524,,
2016-01-15 23:20:00,Gregorio,Sablan,"e-Newsletter - Friday, January 15, 2016",0.14275583624839783,0.7755542397499084,0.06017500162124634,0.010128285735845566,0.006121370010077953,,
2016-01-16 10:26:40,Jackie,Speier,Jackie's Reading Picks,0.06494355201721191,0.42503878474235535,0.0901646763086319,0.15646246075630188,,0.1901824027299881,
2016-01-17 14:13:20,Joaquin,Castro,Capitol Hill Update from Congressman Castro,0.09439495205879211,0.42586714029312134,,,0.2159900665283203,0.1945429891347885,0.04963907599449158
2016-01-17 14:13:20,Diana,DeGette,Our Colorado Values,0.22289671003818512,0.34651127457618713,0.058100953698158264,0.29524242877960205,,0.06057659164071083,
2016-01-17 17:00:00,Raul,Ruiz,Honoring Dr. Martin Luther King Jr.'s Legacy,0.00822027400135994,0.9424218535423279,0.008376246318221092,0.02168584242463112,,0.011967450380325317,
2016-01-18 09:40:00,Grace,Meng,Civil Rights in Our Time,,0.10000776499509811,0.0282503180205822,0.4574681520462036,0.00985047873109579,0.3910815119743347,
2016-01-18 12:26:40,David,Cicilline,Do More to Fulfill Dr. King's Dream,0.05161404237151146,0.9170746803283691,0.010201210156083107,0.0061915237456560135,0.008741553872823715,,
2016-01-18 15:13:20,John,Lewis,"Capitol Connector: Dr. King's Birthday, State of the Union",0.17105552554130554,0.6362431049346924,0.03603142127394676,,0.016018282622098923,0.12914946675300598,
2016-01-18 15:13:20,Mark,Takai,Honoring MLK,0.1756337285041809,0.6279386878013611,0.15245606005191803,0.019713424146175385,,0.013182243332266808,
2016-01-18 15:13:20,Nancy,Pelosi,Honoring His Dream,,0.8056305646896362,,0.01817646063864231,0.07110053300857544,0.021904170513153076,0.06338347494602203
2016-01-19 07:53:20,Paul,Tonko,tell me what you think,0.06762959808111191,0.6454958915710449,0.0150705361738801,0.010014855302870274,,0.2503340244293213,
2016-01-19 10:40:00,Charles,Rangel,See you tonight! ,0.03463805094361305,0.873978316783905,0.03927573189139366,0.01558145321905613,,0.019468504935503006,
2016-01-19 10:40:00,Jim,Cooper,"Top 10 at 10: Tuesday, January 19",,0.5047956705093384,0.03266381472349167,0.07897305488586426,,0.3219248354434967,0.03186682611703873
2016-01-19 10:40:00,Donald,Norcross,Rep. Norcross' Fight for $15/Hour Federal Minimum Wage,,0.6440544128417969,0.016642609611153603,0.17155753076076508,0.060326144099235535,0.0834229364991188,
2016-01-19 13:26:40,Beto,O’Rourke,REMINDER: Join me at my next town hall meeting,0.3328390121459961,0.598023533821106,0.03487474471330643,0.013931536115705967,,0.010265774093568325,
2016-01-19 16:13:20,Sander,Levin,Michigan Lawmakers Call for Federal Aid for Flint,,0.5347588062286377,0.013501367531716824,0.05758938193321228,0.04294735938310623,0.3330937623977661,
2016-01-19 16:13:20,Alma,Adams,Congressional App Challenge Update-New Deadline,0.3892935514450073,0.5084729790687561,0.06974524259567261,0.01030504610389471,0.012797966599464417,,
2016-01-19 16:13:20,Richard,Nolan,Keep Rebuilding America,0.012902780435979366,0.1317867487668991,,0.12292665243148804,,0.7037079334259033,0.013844268396496773
2016-01-19 19:00:00,Al,Green,Congressman Al Green Hosts Successful CFPB Town Hall Meeting With Special Guest Director Richard Cordray,0.32837268710136414,0.5337745547294617,0.02221403643488884,0.009914609603583813,,0.09047895669937134,
2016-01-19 19:00:00,Mark,DeSaulnier,Congressman DeSaulnier Hosts Mobile District Office Hours in Moraga,0.16103754937648773,0.6726970672607422,0.12566310167312622,,0.011577235534787178,0.01921575888991356,
2016-01-19 19:00:00,Earl,Blumenauer,"Malheur National Wildlife Refuge Occupiers Need to Leave, and Now",,0.02271585911512375,0.005196716636419296,,0.5728765726089478,0.25059425830841064,0.14221949875354767
2016-01-20 00:33:20,Terri,Sewell,Guide to Grants Issue 249- Jan 19 2016 (2),,0.902576744556427,0.06133018806576729,0.008819910697638988,0.011882354505360126,,0.006405157502740622
2016-01-20 11:40:00,Jim,Cooper,"Top 10 at 10: Wednesday, January 20",0.0048024533316493034,0.8579950928688049,0.06694557517766953,0.05360723286867142,0.007579944096505642,,
2016-01-20 11:40:00,Brad,Sherman,January Town Hall Meeting,0.016301825642585754,0.8865296840667725,0.024216502904891968,0.027730168774724007,,0.03357560932636261,
2016-01-20 14:26:40,Sanford,Bishop,Reflecting on 2015,0.24056066572666168,0.7114107012748718,0.012739408761262894,0.016180196776986122,,,0.00764799490571022
2016-01-20 17:13:20,Mark,DeSaulnier,By The Numbers: Gun Violence Prevention ,,0.6147933602333069,0.10081449896097183,0.07229341566562653,0.04199554771184921,0.15224145352840424,
2016-01-20 20:00:00,Xavier,Becerra,You're Invited: Join Civil Rights Icon Rep. John Lewis,0.21873153746128082,0.697883665561676,0.04262331500649452,0.008938070386648178,,0.01686103269457817,
2016-01-21 09:53:20,Suzan,DelBene,A quick update,0.0027564680203795433,0.053556621074676514,,0.004973792005330324,0.0037249550223350525,0.930656909942627,
2016-01-21 09:53:20,Debbie,Wasserman Schultz,Our Progress under President Obama,0.01338741835206747,0.8967610001564026,0.009710895828902721,,0.027158504351973534,0.034791249781847,
2016-01-21 09:53:20,Chaka,Fattah,Join Congressman Fattah for a Telephone Town Hall on January 26,0.011698845773935318,0.862792432308197,0.028209637850522995,0.0320383682847023,,0.05286385118961334,
2016-01-21 09:53:20,Louise,Slaughter,On Gun Violence,,0.44383299350738525,,0.2590504586696625,0.04595855623483658,0.19147160649299622,0.03668474778532982
2016-01-21 09:53:20,David,Scott,A New Year in Congress,,0.6755971312522888,0.05103372037410736,0.1285109519958496,0.0328543484210968,0.0983615443110466,
2016-01-21 12:40:00,Jim,Cooper,"Top 10 at 10: Thursday, January 21",,0.38422465324401855,0.05779648199677467,0.5003601908683777,,0.02980377897620201,0.009660164825618267
2016-01-21 12:40:00,Adam,Smith,IRS Assistance During the 2016 Tax Season,0.005934947170317173,0.9537065029144287,0.011594370938837528,0.012044934555888176,,0.009048942476511002,
2016-01-21 12:40:00,Steve,Cohen,Congress On Your Corner CANCELLED Tomorrow,,0.13650423288345337,0.01707571931183338,0.8228071928024292,0.009256969206035137,,0.006055502220988274
2016-01-21 12:40:00,Donald,Payne,Important Survey on 2016 Priorities,0.19000841677188873,0.7690234780311584,0.016550853848457336,0.008130794391036034,,0.006116162985563278,
2016-01-21 12:40:00,Grace,Napolitano,Napolitano News: Priorities for 2016?,0.013078641146421432,0.9088584184646606,0.01267936546355486,0.03028496727347374,,0.018801450729370117,
2016-01-21 12:40:00,Alma,Adams,Winter Storm Preparedness Message,,0.7433430552482605,0.010559262707829475,0.036844246089458466,0.014556566253304482,0.18281076848506927,
2016-01-21 15:26:40,Donald,Beyer,Winter Storm Jonas,,0.2494070827960968,0.011611634865403175,0.11147722601890564,0.023412100970745087,0.5961410403251648,
2016-01-21 15:26:40,David,Cicilline,#DStrong,0.46914198994636536,0.18405845761299133,0.030008381232619286,0.01747695915400982,,0.28694722056388855,
2016-01-21 15:26:40,Jerrold,Nadler,"Time is Now for Sanctioning Iran's Non-nuclear, Illicit Behavior",,0.06286441534757614,,0.03538172319531441,0.2262549251317978,0.5858996510505676,0.08509990572929382
2016-01-21 15:26:40,David,Loebsack,"Healthy minds, healthy lives",0.013418479822576046,0.40667831897735596,0.015338432975113392,0.5085407495498657,,0.04543902352452278,
2016-01-21 18:13:20,John,Garamendi,"After the State of the Union, Let's Assess the Past Year & the Year Ahead",0.012558127753436565,0.6271787285804749,0.33160272240638733,,,0.010376821272075176,0.006633284501731396
2016-01-21 18:13:20,Bill,Pascrell,"A Letter from Congressman Bill Pascrell, Jr.",0.10464387387037277,0.835436999797821,0.04430927708745003,0.00700363190844655,0.004236177075654268,,
2016-01-22 08:06:40,Charles,Rangel,Top 3 Issues that Matter to You,0.2803460359573364,0.6425200700759888,0.024698201566934586,0.01650312915444374,,0.02327059581875801,
2016-01-22 10:53:20,Jim,Cooper,"Top 10 at 10: Friday, January 22",,0.8704962134361267,0.07444072514772415,0.029750151559710503,0.008145549334585667,0.0087248794734478,
2016-01-22 10:53:20,Steve,Cohen,"Honoring Dr. Martin Luther King, Jr.",0.022350141778588295,0.6747227907180786,,0.23054005205631256,0.028841689229011536,0.022004416212439537,
2016-01-22 10:53:20,Niki,Tsongas,What issues are important to you?,,0.9061803817749023,0.011667643673717976,0.035030297935009,0.009375939145684242,0.02480407804250717,
2016-01-22 10:53:20,Rosa,DeLauro,Winter Storm Jonas,,0.5011819005012512,0.027131451293826103,0.15975132584571838,0.02742699161171913,0.2703391909599304,
2016-01-22 10:53:20,Mark,DeSaulnier,Reminder: DeSaulnier Hosts Mobile District Office Hours in Moraga,0.15496240556240082,0.6714702844619751,0.1334242969751358,,0.01164404209703207,0.01864205114543438,
2016-01-22 13:40:00,Rick,Larsen,"Sharing some good news from 2015, goals for 2016",0.8110179305076599,0.15800605714321136,0.009836820885539055,0.009707650169730186,0.005085013806819916,,
2016-01-22 13:40:00,Adam,Smith,Guaranteeing the Legacy of Roe v. Wade,0.007045846898108721,0.9479696154594421,0.007939852774143219,,0.015497627668082714,,0.010096811689436436
2016-01-22 13:40:00,Donald,Norcross,A New Year-A Fresh Start-Message from Congressman Donald Norcross,0.45220646262168884,0.4329656958580017,0.08006264269351959,0.014393853954970837,0.010291554033756256,,
2016-01-22 16:26:40,Ami,Bera,Responding to you:,0.029246337711811066,0.25542256236076355,,0.009686046279966831,0.013956455513834953,0.6780438423156738,
2016-01-22 16:26:40,Michael,Honda,Six years ago:,,0.3887859880924225,,0.12304170429706573,0.1779991090297699,0.13728821277618408,0.13309364020824432
2016-01-22 19:13:20,Gregorio,Sablan,"e-Newsletter - Friday, January 22, 2016",0.14042510092258453,0.7181333899497986,0.12145686894655228,0.009922382421791553,0.006420457735657692,,
2016-01-22 19:13:20,Nancy,Pelosi,Only 9 Days Left,0.01786956377327442,0.4822251796722412,0.1710008829832077,0.2576335370540619,,0.052086666226387024,
2016-01-22 19:13:20,John,Sarbanes,It's Time for a Serious Conversation About Gun Safety,,0.06278906762599945,0.021839281544089317,0.5143709778785706,,0.3585570156574249,0.022640148177742958
2016-01-22 22:00:00,Collin,Peterson,Rep. Peterson's Newsletter 1-22-2016,0.2408769279718399,0.6643621325492859,0.062432873994112015,0.020160391926765442,,0.005834805779159069,
2016-01-22 22:00:00,Xavier,Becerra,Upcoming Events: Community Office Hours,0.01483993325382471,0.9311930537223816,0.029960468411445618,0.009054641239345074,,0.008957425132393837,
2016-01-23 11:53:20,Raul,Ruiz,January Updates from Dr. Ruiz,0.024169767275452614,0.28601181507110596,0.011484072543680668,0.4969731271266937,,0.16727709770202637,
2016-01-23 20:13:20,John,Sarbanes,Winter Storm Resources,,0.9107441306114197,0.01470776367932558,0.022433331236243248,0.007889741100370884,0.03418345004320145,
2016-01-24 12:53:20,Joaquin,Castro,Capitol Hill Update from Congressman Castro,0.941184937953949,0.019438225775957108,0.026719629764556885,0.006134489551186562,,0.003249170957133174,
2016-01-24 18:26:40,Henry,Cuellar,Congressman Henry Cuellar's Congressional Report for January 24,0.2789967358112335,0.6377288699150085,0.06044952943921089,0.006647051777690649,0.010309881530702114,,
2016-01-25 11:06:40,Brad,Sherman,January Town Hall Meeting,0.017530497163534164,0.8865500092506409,0.023629194125533104,0.025716474279761314,,0.03460768237709999,
2016-01-25 11:06:40,Jim,Cooper,"Top 10 at 10: Monday, January 25",0.011750309728085995,0.09275462478399277,0.08457805216312408,0.7973501682281494,,0.008703061379492283,
2016-01-25 13:53:20,Chaka,Fattah,Fattah Mobile Offices - Visit One This Week!,,0.7531313300132751,0.03792080283164978,0.0825810581445694,0.018156005069613457,0.09297176450490952,
2016-01-25 13:53:20,Derek,Kilmer,"Education, like Wheaties, is good for you",0.22260475158691406,0.6645441055297852,0.09162645041942596,0.0073659056797623634,0.007603682577610016,,
2016-01-25 16:40:00,Richard,Nolan,"""NO"" to privatizing Social Security & Medicare",0.07447609305381775,0.8738874197006226,,0.012426331639289856,0.013166381977498531,,0.014230898581445217
2016-01-25 19:26:40,Filemon,Vela,A Special Message from Congressman Filemon Vela,0.02537701278924942,0.6079064607620239,,0.06583964824676514,0.02784746140241623,0.24834364652633667,
2016-01-25 22:13:20,Terri,Sewell,Guide to Grants Issue 250- Jan 25 2016 (2),,0.905123233795166,0.06257196515798569,0.008170543238520622,0.009981229901313782,,0.00639469176530838
2016-01-26 14:53:20,Brad,Sherman,Porter Ranch Leak/Town Hall Reminder,,0.7372435927391052,0.026991209015250206,0.0695662572979927,0.02198636718094349,0.12863951921463013,
2016-01-26 17:40:00,Alma,Adams,You're Invited!,0.02708818018436432,0.5405567288398743,0.3906858265399933,0.00786068569868803,0.024725008755922318,,
2016-01-27 10:20:00,Jim,Cooper,"Top 10 at 10: Wednesday, January 27",,0.7384781241416931,0.09793394804000854,0.046082716435194016,0.02560804784297943,0.05909370630979538,
2016-01-27 10:20:00,Paul,Tonko,"Federal Grant Opportunities - January 27, 2016",0.007208105642348528,0.9467564821243286,0.02284887246787548,0.008301547728478909,,0.006643081549555063,
2016-01-27 15:53:20,Al,Green,Congressman Al Green's Quarterly Newsletter,,0.8102424740791321,0.02969297021627426,0.12700898945331573,0.006640427280217409,0.01725144125521183,
2016-01-27 15:53:20,Michael,Doyle,News from Congressman Doyle,0.0060473415069282055,0.05465399846434593,0.0104931415989995,0.006341471336781979,,0.9160423874855042,
2016-01-27 15:53:20,Charles,Rangel,See You This Sat! ,0.022401655092835426,0.8056163787841797,0.0800132006406784,0.023910224437713623,,0.04622326418757439,
2016-01-27 21:26:40,Mark,Takai,Bringing federal dollars back home,0.07512106001377106,0.8103405237197876,,0.05086389183998108,0.0277087539434433,0.01599317416548729,
2016-01-28 05:46:40,Lois,Capps,Sign up for Health Insurance,0.006890570279210806,0.8620486259460449,0.021917011588811874,0.08760961890220642,,0.012658171355724335,
2016-01-28 11:20:00,Ed,Perlmutter,Saturday: Tuition Fair & Scholarship Panel,0.04834621399641037,0.9155895113945007,0.00963432528078556,,0.00812554731965065,0.0073434109799563885,
2016-01-28 11:20:00,Elizabeth,Esty,Equal Access to Justice for Victims of Gun Violence,,0.06437084078788757,0.0050730351358652115,0.04712006822228432,0.005529833026230335,0.8724629282951355,
2016-01-28 11:20:00,Ron,Kind,Helping Wisconsin 3rd District Residents in 2016.,,0.8943319320678711,0.012706673704087734,0.04365824535489082,0.011521528474986553,0.024478090927004814,
2016-01-28 11:20:00,Jim,Cooper,"Top 10 at 10: Thursday, January 28",,0.3705279529094696,0.03971724584698677,0.03898509591817856,0.020320694893598557,0.519363284111023,
2016-01-28 14:06:40,Debbie,Wasserman Schultz,International Holocaust Remembrance Day,0.011033035814762115,0.09144409000873566,,0.8616330027580261,,0.015222554095089436,0.01115911453962326
2016-01-28 16:53:20,Barbara,Lee,Invite: Town Hall on Gun Violence,0.08657194674015045,0.6087998747825623,0.022593451663851738,0.03683733195066452,,0.21284380555152893,
2016-01-28 16:53:20,Al,Green,Congressman Al Green's Statement on the Attack and Robbery of a 95-Year-Old Sunnyside Woman,,0.0026289192028343678,0.005390391685068607,0.0030434909276664257,,0.9843810796737671,0.0021320171654224396
2016-01-28 16:53:20,Alma,Adams,REMINDER: You're Invited!,0.041902560740709305,0.39077669382095337,0.5120246410369873,,0.03839411213994026,0.00713552488014102,
2016-01-28 19:40:00,Ted,Lieu,CONGRESSMAN LIEU JOINS VA SECRETARY TO UNVEIL WEST L.A. MASTER PLAN & RELATED LEGISLATION,0.27306056022644043,0.6455967426300049,0.03659803420305252,,0.009268865920603275,0.02423729933798313,
2016-01-29 09:33:20,David,Cicilline,Rhode Island's Good Samaritan Law,0.0473138652741909,0.7221636176109314,0.035714857280254364,0.09318093955516815,,0.07868025451898575,
2016-01-29 12:20:00,Debbie,Wasserman Schultz,Equal Pay Can't Wait,,0.04442431777715683,0.0029410752467811108,0.005284640938043594,0.006037088111042976,0.936258852481842,
2016-01-29 12:20:00,Marc,Veasey,Marc's Memo - January 2016 Congressional Updates,0.016483228653669357,0.915154755115509,0.023120621219277382,0.016573168337345123,0.017318151891231537,,
2016-01-29 12:20:00,Bill,Foster,Valentines for Vets 2016,0.05288374796509743,0.9000640511512756,0.026804031804203987,0.009625812061131,0.004847243428230286,,
2016-01-29 12:20:00,Suzan,DelBene,A quick update,,0.5151068568229675,0.011551212519407272,0.04896664246916771,,0.4011183977127075,0.01043831929564476
2016-01-29 15:06:40,Adam,Smith,Equal Pay Can't Wait,,0.9522550702095032,0.009524484165012836,0.00960610993206501,0.010417776182293892,,0.008359095081686974
2016-01-29 15:06:40,John,Larson,Grants E-Newsletter - January 2016,0.10690384358167648,0.7777301073074341,0.08154121786355972,0.022693678736686707,0.00615252461284399,,
2016-01-29 17:53:20,Steny,Hoyer,Maryland Health Connection Open Enrollment Deadline Extended ,,0.8747519850730896,0.02915324829518795,0.05812909081578255,0.010027826763689518,0.017891304567456245,
2016-01-29 17:53:20,Nancy,Pelosi,Empowering Young People,0.02376681938767433,0.0024929691571742296,,0.030221497640013695,0.011590582318603992,0.929389476776123,
2016-01-29 17:53:20,Emanuel,Cleaver,EC From DC: The Weight of Sacrifice,0.5792853832244873,0.35033032298088074,0.048617273569107056,0.009558400139212608,0.005182451568543911,,
2016-01-29 17:53:20,Steve,Cohen,Sunday is the Last Day to Sign Up For Health Insurance,0.05882417410612106,0.7300679683685303,0.1926732063293457,,0.004984300583600998,0.005068652331829071,
2016-01-29 17:53:20,Loretta,Sanchez,Honoring Wounded Warriors,0.016329169273376465,0.9516063332557678,0.020297758281230927,0.0037804734893143177,0.003550623543560505,,
2016-01-29 17:53:20,Charles,Rangel,Second Chance ,0.16712996363639832,0.6077925562858582,0.046051815152168274,0.044421203434467316,0.08405060321092606,,
2016-01-29 20:40:00,Alan,Lowenthal,"Congressman Lowenthal eNewsletter 'The 47th Flyer' - Jan. 29 - Public Lands, Breakwater Study, Methane Rule",,0.2635326385498047,0.025532042607665062,0.05851869657635689,0.014549612067639828,0.6246256828308105,
2016-01-29 20:40:00,Michael,Capuano,E-Update Rep. Capuano,0.40787452459335327,0.3302769958972931,0.05610872805118561,0.1844436675310135,0.01009251456707716,,
2016-01-29 20:40:00,Collin,Peterson,Rep. Peterson's Newsletter 1-29-2016,0.2856288552284241,0.5305982232093811,0.07869772613048553,0.09133472293615341,0.00648827850818634,,
2016-01-29 23:26:40,Gregorio,Sablan,"e-Newsletter - Friday, January 29, 2016",0.3200979232788086,0.5457006096839905,0.10740154981613159,0.014427335001528263,0.00783976074308157,,
2016-01-30 07:46:40,Gwen,Graham,North Florida Newsletter: Farm Tour Edition,0.29345908761024475,0.6536438465118408,0.026441065594553947,0.008178849704563618,0.007777146063745022,,
2016-01-30 10:33:20,Cheri,Bustos,Send a Valentine to a Veteran!,0.6690608263015747,0.25191012024879456,0.05778619274497032,0.009864680469036102,0.005564305931329727,,
2016-01-30 10:33:20,Henry,Cuellar,Congressman Henry Cuellar's Congressional Report for January 30,0.03199160844087601,0.7961938381195068,0.06775037944316864,0.07549124956130981,0.012682786211371422,,
2016-01-30 10:33:20,Raul,Ruiz,SURVEY: What Can I Do For You?,,0.7439311146736145,0.010528966784477234,0.07117246836423874,0.022047847509384155,0.1352030336856842,
2016-01-30 13:20:00,Nancy,Pelosi,Super Bowl 50: Celebrating the Bay,0.16792748868465424,0.7748957872390747,0.0321989431977272,0.011945161037147045,0.00627672765403986,,
2016-01-30 16:06:40,Chris,Van Hollen,"Stopping the immigration raids, holding gun makers accountable, tax help and more",0.008947798050940037,0.9426244497299194,,0.009224800392985344,0.016398048028349876,0.009356786496937275,
2016-01-31 11:33:20,Joaquin,Castro,Capitol Hill Update from Congressman Castro,0.02964705228805542,0.8849549293518066,0.04431550204753876,0.030287988483905792,0.004290348384529352,,
2016-01-31 14:20:00,Ami,Bera,new update:,0.7622500658035278,0.11812818050384521,0.029973797500133514,0.07261820882558823,0.008837019093334675,,
2016-02-01 09:46:40,Jim,Cooper,"Top 10 at 10: Monday, February 1",0.021733427420258522,0.7702580094337463,0.10720932483673096,0.04725050926208496,,0.03592613711953163,
2016-02-01 12:33:20,Richard,Nolan,We're at your service,0.6682449579238892,0.27450472116470337,0.03945409134030342,0.005622050259262323,0.007860037498176098,,
2016-02-01 12:33:20,John,Delaney,Black History Month,0.8670364618301392,0.080720454454422,0.0394306518137455,0.007226388435810804,0.0032608078327029943,,
2016-02-01 15:20:00,Rick,Larsen,Please join me for a community coffee,0.18126533925533295,0.7451527714729309,0.03937932103872299,0.0193215012550354,,0.006161500234156847,
2016-02-01 15:20:00,Joe,Courtney,Great news for our economy and workers across the state from Electric Boat,0.05640622600913048,0.4402853846549988,0.37409958243370056,0.009080365300178528,,0.10838258266448975,
2016-02-01 15:20:00,Debbie,Wasserman Schultz,Black History Month,0.07630447298288345,0.8021053075790405,0.024350766092538834,0.02675996534526348,,,0.0452016144990921
2016-02-01 15:20:00,Suzanne,Bonamici,Bonamici Bulletin,0.03186064213514328,0.09957513958215714,,0.02702033519744873,0.060639675706624985,0.772462785243988,
2016-02-01 18:06:40,Sander,Levin,"House Republicans Celebrate Groundhog Day with Another Dead-End Vote to Cut Americans, Health Care",0.05109839886426926,0.6882936954498291,0.16676443815231323,0.07071403414011002,0.015078981406986713,,
2016-02-02 08:00:00,Lois,Capps,Here to Help,0.008953790180385113,0.8397617936134338,0.02277239039540291,0.10264530777931213,,0.016497265547513962,
2016-02-02 10:46:40,Mike,Quigley,Fighting America's Gun Epidemic ,,0.13997423648834229,0.03866654261946678,0.036818232387304306,0.01596837118268013,0.7608218789100647,
2016-02-02 10:46:40,Jim,Cooper,"Top 10 at 10: Tuesday, February 2",0.008622449822723866,0.9119807481765747,0.06229531392455101,0.00499275466427207,0.005705910734832287,,
2016-02-02 13:33:20,André,Carson,Did You Know?,,0.8470351696014404,0.01975790597498417,,0.012317931279540062,0.08443839102983475,0.02232399210333824
2016-02-02 16:20:00,David,Loebsack,Social Security's Promise,0.012838371098041534,0.8189642429351807,0.019927747547626495,0.07705464214086533,,0.06101883575320244,
2016-02-02 16:20:00,Al,Green,Congressman Al Green Introduces Resolutions to Recognize Black History Month and Honor the NAACP on its 107th Anniversary,0.02837706357240677,0.9137750864028931,0.015278967097401619,0.013488114811480045,0.012700260616838932,,
2016-02-02 16:20:00,James,Langevin,A Taxing Issue,0.04020259529352188,0.7597107887268066,0.04416780546307564,0.03481745347380638,,0.10445941239595413,
2016-02-02 19:06:40,Donald,Norcross,In Case You Missed It...,0.35053759813308716,0.5508856773376465,0.024680346250534058,0.011764965951442719,,0.05023616552352905,
2016-02-02 19:06:40,Al,Green,"House Approves Congressman Al Green's Homes for Heroes Act as Part of H.R. 3700, the Housing Opportunity Through Modernization Act of 2015",,0.8919469714164734,,0.03202764317393303,0.025066817179322243,0.02296866476535797,0.012750142253935337
2016-02-02 21:53:20,Mark,Takano,What matters to you?,,0.8924087285995483,0.009653620421886444,0.006782104726880789,0.01214053574949503,0.06952979415655136,
2016-02-03 09:00:00,David,Scott,"Congressional Update - February 4, 2016",0.013684004545211792,0.8687455654144287,0.05562644451856613,0.04702060669660568,,0.008143521845340729,
2016-02-03 11:46:40,Jim,Cooper,"Top 10 at 10: Wednesday, February 3",,0.4581424295902252,0.07723424583673477,0.246394544839859,0.022810427471995354,0.17068399488925934,
2016-02-03 11:46:40,Nita,Lowey,News from Nita: Ensuring a safe and secure Lower Hudson Valley,0.011377083137631416,0.023172393441200256,0.048108965158462524,0.03386949375271797,,0.8763195276260376,
2016-02-03 14:33:20,Donald,Beyer,Will You Join Me?,0.06282765418291092,0.8177614808082581,0.048180051147937775,0.023536821827292442,,0.03294355049729347,
2016-02-03 20:06:40,Henry,Johnson,Congressman Hank Johnson's 2016 Resources Fair,0.8494580388069153,0.0822293683886528,0.05534525588154793,0.005778473801910877,0.0038312652613967657,,
2016-02-04 07:13:20,Juan,Vargas,February E-Newsletter,0.02341981790959835,0.8951891660690308,0.021587779745459557,0.030087707564234734,,0.01959577016532421,
2016-02-04 10:00:00,Debbie,Wasserman Schultz,Standing Up for Women's Health,,0.6073502898216248,,0.0862337052822113,0.1714293360710144,0.07061031460762024,0.04627744480967522
2016-02-04 10:00:00,Suzan,DelBene,A quick update,,0.18241816759109497,0.005672447383403778,0.017163455486297607,0.007147077936679125,0.7808170914649963,
2016-02-04 10:00:00,Jim,Cooper,"Top 10 at 10: Thursday, February 4",,0.8594316244125366,0.047704633325338364,0.040442414581775665,0.020407525822520256,0.017574848607182503,
2016-02-04 12:46:40,Paul,Tonko,all month long,0.5889270305633545,0.3611280024051666,0.026734642684459686,0.0059617795050144196,0.01125282421708107,,
2016-02-04 12:46:40,Joseph,Crowley,What should our top priority be?,0.08981488645076752,0.8642933964729309,0.02905525267124176,0.007093713153153658,0.004487158730626106,,
2016-02-04 12:46:40,Raúl,Grijalva,Supporting Small Businesses In Arizona ,0.3353639543056488,0.5658063292503357,0.07183770090341568,,0.013698968105018139,,0.005908839870244265
2016-02-04 15:33:20,Tammy,Duckworth,Helping Make College Affordable,,0.8264975547790527,0.021504539996385574,0.04680071026086807,0.050145696848630905,0.026833917945623398,
2016-02-04 15:33:20,Alma,Adams,Valentines for Veterans,0.5644993185997009,0.35692843794822693,0.05323341488838196,0.01397109404206276,0.006100622937083244,,
2016-02-04 15:33:20,Ann,Kuster,Combating the Epidemic,0.041635673493146896,0.4521704316139221,0.031911447644233704,0.1713537871837616,,0.283035010099411,
2016-02-04 15:33:20,Filemon,Vela,A Special Update from Congressman Filemon Vela,0.07599985599517822,0.8410578966140747,0.05080096051096916,0.015611514449119568,0.007447025738656521,,
2016-02-04 18:20:00,Judy,Chu,2015: Year In Review,0.31200680136680603,0.628674328327179,0.026007935404777527,0.011618690565228462,,0.01393683161586523,
2016-02-04 18:20:00,Raul,Ruiz,Celebrating Black History Month,0.05064091831445694,0.9006075263023376,0.013914323411881924,0.016112560406327248,0.0067285532131791115,,
2016-02-04 18:20:00,Jackie,Speier,I want to hear from you,0.018183529376983643,0.26661309599876404,0.009432327933609486,0.011330150067806244,,0.683026134967804,
2016-02-04 21:06:40,Mark,Takai,World Cancer Day,0.7966969013214111,0.11564185470342636,0.05835818499326706,0.023003384470939636,0.0026734014973044395,,
2016-02-05 05:26:40,Lois,Capps,Phillips 66 Proposal,,0.24559636414051056,,0.06574399769306183,0.13064350187778473,0.41596755385398865,0.12778116762638092
2016-02-05 08:13:20,Alcee,Hastings,The Hastings Monthly Report - February 2016,0.2580066919326782,0.25520995259284973,0.026091165840625763,0.3406957983970642,,0.10667426884174347,
2016-02-05 11:00:00,Adam,Schiff,What are your priorities in 2016? ,0.037539053708314896,0.3827229142189026,0.025749795138835907,0.13829956948757172,,0.3884987533092499,
2016-02-05 11:00:00,Jim,Cooper,"Top 10 at 10: Friday, February 5",0.013755079358816147,0.5668408274650574,0.08984728157520294,,0.067731112241745,0.24041379988193512,
2016-02-05 11:00:00,David,Cicilline,A Major Announcement Next Week,0.8020089864730835,0.142777681350708,0.025235138833522797,,0.007585729938000441,0.016319090500473976,
2016-02-05 13:46:40,José,Serrano,"The Serrano Report - February 5, 2016",0.039766937494277954,0.8561078906059265,0.017833122983574867,,0.008385921828448772,0.0671636164188385,
2016-02-05 16:33:20,Emanuel,Cleaver,EC From DC: It Can Be Done!,0.03525450825691223,0.8640137910842896,0.017587730661034584,0.04526685178279877,0.01840073987841606,,
2016-02-05 16:33:20,Daniel,Lipinski,"Congressman Lipinski E-Newsletter Update, February 5, 2016",0.17581230401992798,0.7289333343505859,0.06254398822784424,0.01919776201248169,0.008049246855080128,,
2016-02-05 16:33:20,Charles,Rangel,"More jobs, better housing",0.09405922144651413,0.6146771907806396,0.2549549341201782,0.019316857680678368,0.010493512265384197,,
2016-02-05 16:33:20,Alan,Lowenthal,"Congressman Lowenthal eNewsletter 'The 47th Flyer' - Feb. 5 - Seabird Protection, Black History, Affordable Housing",,0.9261945486068726,0.013596153818070889,0.008918507024645805,0.017193196341395378,0.023474015295505524,
2016-02-05 16:33:20,Steve,Cohen,Celebrating Black History Month,0.3986912667751312,0.29734525084495544,0.10582156479358673,0.18488886952400208,0.005856431555002928,,
2016-02-05 16:33:20,Nancy,Pelosi,A Toxic Cycle,0.04410361126065254,0.007952913641929626,,0.8683032393455505,0.019435184076428413,0.0524853952229023,
2016-02-05 19:20:00,Lucille,Roybal-Allard,January in Review,0.28593212366104126,0.14824002981185913,0.08846963942050934,0.027487969025969505,,0.4257175624370575,
2016-02-05 19:20:00,Gwen,Moore,Black History Month | Ending Gun Violence | Defending Choice,0.16350609064102173,0.5025186538696289,,0.07657621055841446,0.05746650695800781,0.16149093210697174,
2016-02-05 22:06:40,Collin,Peterson,Rep. Peterson's Newsletter 2-5-2016,0.47556811571121216,0.44658124446868896,0.05342241749167442,0.012704737484455109,0.00608794717118144,,
2016-02-05 22:06:40,Michael,Capuano,E-Update Rep. Capuano,0.4973413050174713,0.28917196393013,0.10999426245689392,0.09134824573993683,,0.006012574769556522,
2016-02-05 22:06:40,Xavier,Becerra,"Telephone Town Hall: Tuesday, February 9, 2016",0.009889802895486355,0.902773916721344,0.033980607986450195,0.03316871076822281,,0.010674632154405117,
2016-02-05 22:06:40,Gregorio,Sablan,"e-Newsletter - Friday, February 5, 2016",0.33171817660331726,0.542055606842041,0.1093733012676239,0.006605654489248991,0.006689765956252813,,
2016-02-06 03:40:00,Lois,Capps,Offshore Fracking,0.6529364585876465,0.2700687348842621,0.03319012001156807,0.025022458285093307,0.012045180425047874,,
2016-02-06 09:13:20,Alma,Adams,GAME ON! Super Bowl 50,0.6669354438781738,0.2600313723087311,0.03583924472332001,,0.014992712065577507,0.016354795545339584,
2016-02-06 12:00:00,Henry,Cuellar,Congressman Henry Cuellar's Congressional Report for February 6,0.11236006766557693,0.7809019684791565,0.03601466864347458,0.026955895125865936,,0.026323990896344185,
2016-02-06 12:00:00,Jackie,Speier,Jackie's Reading Picks,0.06500926613807678,0.7758007645606995,0.054167382419109344,0.040406886488199234,,,0.037990301847457886
2016-02-06 14:46:40,Xavier,Becerra,"Student Artists: Win a Trip to Washington, D.C.! ",0.28349658846855164,0.5822098255157471,0.10347914695739746,0.007389990147203207,0.015702776610851288,,
2016-02-07 13:00:00,Diana,DeGette,Proud to be A Broncos fan,0.027736132964491844,0.9256894588470459,0.02539745531976223,0.00841687060892582,,0.005890226922929287,
2016-02-07 13:00:00,Joaquin,Castro,Capitol Hill Update from Congressman Castro,0.8924850225448608,0.054710451513528824,0.04199595004320145,0.006128889508545399,0.002505331765860319,,
2016-02-07 15:46:40,Brad,Ashford,Invitation,0.023588763549923897,0.9346923828125,0.02788417413830757,0.006310359109193087,0.0030397153459489346,,
2016-02-08 11:13:20,Sanford,Bishop,Government working for you,0.4482603669166565,0.45688092708587646,0.05259197577834129,0.01750771328806877,0.01695120520889759,,
2016-02-08 11:13:20,Jim,Cooper,"Top 10 at 10: Monday, February 8",0.1392422318458557,0.7373723983764648,0.059383053332567215,0.02809917740523815,,0.023020340129733086,
2016-02-08 14:00:00,Derek,Kilmer,Lutefisk! Get your Lutefisk here!,0.028092999011278152,0.35965245962142944,0.024336937814950943,0.5368116497993469,,0.02958129160106182,
2016-02-08 16:46:40,Albio,Sires,Last Week in Washington,0.6809831857681274,0.27014097571372986,0.017793182283639908,0.01585914008319378,0.007257276680320501,,
2016-02-08 16:46:40,Al,Green,Congressman Al Green Hosts Annual Distribution of Flags to Honor Veterans at the Michael E. DeBakey VA Medical Center,0.4540817439556122,0.45962053537368774,0.05005461350083351,0.016979137435555458,,0.008159116841852665,
2016-02-08 19:33:20,Richard,Nolan,TPP loopholes take aim at iron ore & steel,,0.3044576346874237,,0.4202974736690521,0.1187329813838005,0.10653185099363327,0.031205348670482635
2016-02-08 22:20:00,Eleanor,Norton,"e-Newsletter-Monday, February 8, 2016",,0.6340412497520447,0.011541557498276234,,0.12972868978977203,0.1816932111978531,0.025870738551020622
2016-02-08 22:20:00,Terri,Sewell,Guide to Grants Issue 251- Feb 08 2016 ,0.004880215507000685,0.9135711789131165,0.06197686120867729,0.009016774594783783,0.005995217710733414,,
2016-02-09 12:13:20,Ann,Kirkpatrick,SURVEY: Want to get money out of politics?,,0.5367076992988586,,0.029068144038319588,0.30928266048431396,0.059140242636203766,0.05071746185421944
2016-02-09 12:13:20,Suzan,DelBene,A quick update,0.0080817686393857,0.342975378036499,,0.012120493687689304,0.010052494704723358,0.617081344127655,
2016-02-09 12:13:20,Patrick,Murphy,Continuing to Fight for our Waterways,0.04642679542303085,0.8444163203239441,,0.05281214416027069,0.014761542901396751,0.01885167323052883,
2016-02-09 15:00:00,Niki,Tsongas,Congress in your Inbox,0.04107414186000824,0.8886677622795105,0.02212989330291748,0.0321909599006176,,0.008305640891194344,
2016-02-09 17:46:40,Bill,Foster,Combating the Heroin Epidemic,0.6448014974594116,0.30527034401893616,0.023625889793038368,0.013232770375907421,,,0.005923524498939514
2016-02-09 17:46:40,Daniel,Kildee,Amir Hekmati has Returned Home,0.2106737345457077,0.6729521751403809,0.09004253894090652,0.01026911661028862,0.009407433681190014,,
2016-02-09 17:46:40,Karen,Bass,I want to hear from you & your neighbors,0.044128697365522385,0.8377063274383545,0.09504345804452896,0.012416459619998932,,0.004865479655563831,
2016-02-09 17:46:40,Paul,Tonko,"Federal Grant Opportunities - February 9, 2016",0.015061960555613041,0.9471774697303772,0.021995089948177338,0.005402167793363333,,0.004716321360319853,
2016-02-09 17:46:40,Filemon,Vela,A Special Update from Congressman Filemon Vela,0.00814278144389391,0.8820120096206665,0.038819149136543274,0.040205150842666626,,0.02215375006198883,
2016-02-09 23:20:00,Mark,Takano,What matters to you?,0.006151879206299782,0.9508886933326721,0.010407963767647743,,0.006157892290502787,0.01828084886074066,
2016-02-10 10:26:40,John,Sarbanes,Boosting Environmental Education Across the Country,0.8106672763824463,0.15919427573680878,0.0190298929810524,0.0039637344889342785,0.003131455508992076,,
2016-02-10 10:26:40,Jim,Cooper,"Top 10 at 10: Wednesday, February 10",,0.19668461382389069,0.060977526009082794,0.011038259603083134,0.012293137609958649,0.7072572708129883,
2016-02-10 13:13:20,John,Larson,Please Join Rep. John B. Larson for an Important Discussion on the Heroin Epidemic,0.004977039527148008,0.035777099430561066,0.006867433898150921,0.9358290433883667,,0.011252268217504025,
2016-02-10 13:13:20,Seth,Moulton,You're invited!,0.1285104900598526,0.7560552954673767,0.07743766158819199,0.01747637614607811,,0.012030121870338917,
2016-02-10 13:13:20,John,Delaney,Let's talk one-on-one,0.0059623802080750465,0.08664508908987045,0.00570777989923954,0.005545065738260746,,0.8917819857597351,
2016-02-10 13:13:20,David,Cicilline,Top Priorities for 2016,0.043121337890625,0.9279229640960693,0.012130716815590858,0.004723874852061272,0.005297274328768253,,
2016-02-10 18:46:40,Brad,Ashford,January,,0.2968771755695343,0.21337102353572845,0.19250454008579254,0.02108951099216938,0.24006667733192444,
2016-02-10 18:46:40,Michael,Honda,I can't believe they did this:,,0.012619459070265293,,0.01876569166779518,0.08918135613203049,0.061565447598695755,0.8137268424034119
2016-02-10 18:46:40,Karen,Bass,January in Review,0.8932316303253174,0.032570112496614456,0.01063135452568531,,0.01898038759827614,0.03328142687678337,
2016-02-10 18:46:40,Henry,Johnson,Congressman Hank Johnson's 2016 Resources Fair,0.766132116317749,0.15539726614952087,0.06539430469274521,0.005397619213908911,0.004103716462850571,,
2016-02-10 21:33:20,Nydia,Velázquez,Velázquez E-Update ,0.058138053864240646,0.808795154094696,0.04840800166130066,0.051955126225948334,,0.024974467232823372,
2016-02-10 21:33:20,David,Cicilline,Top Priorities for 2016,0.043121337890625,0.9279229640960693,0.012130716815590858,0.004723874852061272,0.005297274328768253,,
2016-02-11 00:20:00,Mark,Takai,A budget that invests in our nation,0.615583062171936,0.30363452434539795,0.05610417202115059,0.014802745543420315,0.004104919731616974,,
2016-02-11 00:20:00,Mark,Takano,Upcoming Event for Veterans and Their Families,0.050599198788404465,0.8998926877975464,0.026106836274266243,0.008393547497689724,,0.007674240041524172,
2016-02-11 11:26:40,Pete,Aguilar,Do you have the information you need?,0.053273770958185196,0.8634790778160095,0.05495171993970871,0.010338813066482544,,0.008983592502772808,
2016-02-11 14:13:20,Steny,Hoyer,Hoyer Welcomes Mobile Vet Center to Southern Maryland,0.01275678351521492,0.9125905632972717,0.018513036891818047,0.029955176636576653,,0.01603563502430916,
2016-02-11 14:13:20,Ami,Bera,Can I help you?,0.008946199901401997,0.2451918125152588,,0.008595578372478485,0.008260668255388737,0.7198839783668518,
2016-02-11 14:13:20,Barbara,Lee,Fighting for Affordable Housing,0.9054846167564392,0.03477653115987778,0.02909397892653942,,0.009009460918605328,0.015476594679057598,
2016-02-11 17:00:00,Betty,McCollum,I Oppose the Trans Pacific Partnership,,0.24317879974842072,,0.18952003121376038,0.04145924746990204,0.4852495491504669,0.02093229442834854
2016-02-11 17:00:00,Al,Green,CONGRESSIONAL ALERT: Congressman Al Green to Speak Today in Honor of the 107th Anniversary of the NAACP,,0.9044473171234131,0.03997261822223663,0.021550051867961884,0.0081601208075881,0.018666207790374756,
2016-02-11 19:46:40,Raul,Ruiz,Great News for the Salton Sea! ,0.08681371808052063,0.859700620174408,0.013099963776767254,0.015957854688167572,,0.01242527924478054,
2016-02-12 12:26:40,Donald,Norcross,Crisis in Our Communities,0.02061126008629799,0.822456955909729,0.05959454923868179,0.06753628700971603,,0.01948588900268078,
2016-02-12 12:26:40,Nancy,Pelosi,The Flint Water Crisis: Lessons for Protecting America's Children,0.002127725165337324,,,0.015539695508778095,0.2202623337507248,0.7533003687858582,0.005213889759033918
2016-02-12 12:26:40,David,Cicilline,Join Me February 20th for a Neighborhood Conversation,0.09871511906385422,0.8632153868675232,0.01758105680346489,0.0065294173546135426,,0.005984078627079725,
2016-02-12 12:26:40,Jim,Cooper,"Top 10 at 10: Friday, February 12",0.02025802619755268,0.7019509673118591,0.053247395902872086,0.03637125715613365,,0.1701604127883911,
2016-02-12 15:13:20,Nita,Lowey,News from Nita: Supporting strong investments in the Lower Hudson Valley,,0.026760006323456764,0.007650882471352816,0.0065423366613686085,0.007077558897435665,0.9444971084594727,
2016-02-12 15:13:20,Charles,Rangel,2017 Budget and Heroes,0.9110738039016724,0.05704531818628311,0.02026156522333622,0.004273027181625366,0.003357744077220559,,
2016-02-12 15:13:20,Suzan,DelBene,Happy Valentine's Day!,0.011086462065577507,0.5048104524612427,0.01261905301362276,0.01720958575606346,,0.4458543062210083,
2016-02-12 15:13:20,Eric,Swalwell,Appointment to Leadership Position on Steering & Policy Committee,0.1842663288116455,0.18939083814620972,0.044411882758140564,0.3540353775024414,,0.21859124302864075,
2016-02-12 15:13:20,Debbie,Wasserman Schultz,Stay in Touch,0.012571634724736214,0.8823198080062866,,0.04499256610870361,0.011191850528120995,0.03353937342762947,
2016-02-12 15:13:20,Adam,Smith,Office of Congressman Smith March and April Mobile Office Hours,0.018974464386701584,0.49057886004447937,0.01111700851470232,0.009100176393985748,,0.46151456236839294,
2016-02-12 15:13:20,Mark,DeSaulnier,Kicking Off the First Town Hall of 2016 in Walnut Creek,0.01643447019159794,0.8243668675422668,0.11827157437801361,,0.009466367773711681,0.021226294338703156,
2016-02-12 18:00:00,Steve,Cohen,Addressing the Over-Incarceration of Minorities,0.03454982116818428,0.9055226445198059,0.012450135312974453,,0.01846838928759098,0.012731282971799374,
2016-02-12 18:00:00,Joe,Courtney,Ensuring Connecticut voices are heard opposing new rail line,,0.11138193309307098,0.09967634826898575,0.7195572257041931,,0.030288387089967728,0.021354159340262413
2016-02-12 18:00:00,Janice,Schakowsky,2016 Legislative Priorities,0.08933717757463455,0.7470247745513916,0.030318228527903557,0.08503976464271545,,0.026142258197069168,
2016-02-12 18:00:00,Jared,Huffman,As the legislative session begins...,0.4734891951084137,0.43384018540382385,0.04053422063589096,0.03403710573911667,0.01046651042997837,,
2016-02-12 18:00:00,Alan,Lowenthal,"Congressman Lowenthal eNewsletter 'The 47th Flyer' - Feb. 5 - Clean Powet, Human Rights, Alan's Inbox",,0.09009305387735367,0.02550431899726391,0.5672481656074524,,0.2977660000324249,0.00952228158712387
2016-02-12 18:00:00,Donald,Payne,Donald's Dispatch - January 2016,,0.25377246737480164,,0.053881991654634476,0.194914773106575,0.44070562720298767,0.0431930273771286
2016-02-12 18:00:00,Loretta,Sanchez,Black History Month 2016,0.46715977787971497,0.43672895431518555,0.06623940169811249,0.007313067093491554,0.01300093811005354,,
2016-02-12 18:00:00,Nancy,Pelosi,Lessons for Protecting America's Children,,0.006418920587748289,,0.013507958501577377,0.1902858167886734,0.7799721956253052,0.005224277265369892
2016-02-12 20:46:40,Tulsi,Gabbard,Fighting for Talia,,0.27276530861854553,,0.4053245782852173,0.07657498121261597,0.11933699250221252,0.09664928168058395
2016-02-12 20:46:40,Michael,Capuano,E-Update Rep. Capuano,0.027603469789028168,0.9256841540336609,0.029005220159888268,0.006778972689062357,0.00641005439683795,,
2016-02-12 23:33:20,Gregorio,Sablan,"e-Newsletter - Friday, February 12, 2016",0.0797773227095604,0.8063415884971619,0.0902043879032135,0.010364037938416004,0.008568229153752327,,
2016-02-12 23:33:20,Collin,Peterson,Rep. Peterson's Newsletter 2-12-2016,0.5555541515350342,0.36225026845932007,0.05663394182920456,0.016511807218194008,0.005110619589686394,,
2016-02-13 10:40:00,Henry,Cuellar,Congressman Henry Cuellar's Congressional Report for February 13,0.049998633563518524,0.9052342176437378,0.013011462055146694,0.007789965718984604,,0.012122975662350655,
2016-02-13 21:46:40,John,Garamendi,"I'm Hosting 7 Seven Center Roundtable Conversations, You're Invited!",0.010888122953474522,0.19097597897052765,0.013222333043813705,0.007100245449692011,,0.7696872353553772,
2016-02-14 17:13:20,Ed,Perlmutter,Priorities for a Better Future,0.2433317005634308,0.665230929851532,0.06573597341775894,0.01107834093272686,0.007400810718536377,,
2016-02-14 17:13:20,Diana,DeGette,Clean water is a fundamental right,,0.8506574034690857,0.015672074630856514,0.013289004564285278,0.02001919224858284,0.08871088922023773,
2016-02-15 09:53:20,John,Larson,Tonight: Please Join Rep. John B. Larson for a Discussion & Film Screening,,0.19350884854793549,0.02417992614209652,0.45473378896713257,,0.29282280802726746,0.01742100901901722
2016-02-16 10:53:20,Paul,Tonko,improving online services for you,0.7248126268386841,0.1641993671655655,0.09821772575378418,0.0047793034464120865,0.004409045446664095,,
2016-02-16 10:53:20,Raul,Ruiz,Compete in the Fourth Annual Congressional Art Competition! ,0.07345712929964066,0.1647181212902069,0.012959797866642475,,0.006389209534972906,0.7342786192893982,
2016-02-16 13:40:00,Kyrsten,Sinema,Saving Taxpayer Dollars,0.01970134861767292,0.9289734363555908,,0.01534264162182808,0.014062708243727684,,0.010950597003102303
2016-02-16 13:40:00,Earl,Blumenauer,Our Priorities for 2016,0.044077757745981216,0.9114518165588379,,0.018498102203011513,0.00804079882800579,,0.007967619225382805
2016-02-16 16:26:40,Donald,Norcross,Fighting for America's Workers,0.03427297994494438,0.9225481748580933,0.01871545985341072,0.011686951853334904,0.007184938527643681,,
2016-02-16 16:26:40,Mark,DeSaulnier,Reminder: First Town Hall of 2016 in Walnut Creek,0.01643447019159794,0.8243668675422668,0.11827157437801361,,0.009466367773711681,0.021226294338703156,
2016-02-16 16:26:40,José,Serrano,"The Serrano Report - February 16, 2016",0.6042041778564453,0.35494551062583923,0.02182982861995697,0.005037435796111822,0.006446319166570902,,
2016-02-16 16:26:40,Richard,Nolan,Clean water win for Voyageurs,0.31663066148757935,0.3959921896457672,0.018322603777050972,,0.02300393022596836,0.21864137053489685,
2016-02-16 19:13:20,Henry,Johnson,Congressman Hank Johnson's 2016 Resources Fair,0.024829136207699776,0.9056232571601868,0.050790682435035706,0.0074754501692950726,0.005838486365973949,,
2016-02-17 00:46:40,Terri,Sewell,Guide to Grants Issue 252- Feb 16 ,0.006493900436908007,0.8935651183128357,0.08154010027647018,0.00893168430775404,0.005382695235311985,,
2016-02-17 11:53:20,Elizabeth,Esty,Working to Prevent Opioid Addiction,,0.29151657223701477,0.012768479995429516,0.4251517951488495,,0.21759985387325287,0.03888683766126633
2016-02-17 14:40:00,Eleanor,Norton,"e-Newsletter-Wednesday, February 17, 2016",0.6647377610206604,0.26901593804359436,0.04667055979371071,0.007919582538306713,0.007703856099396944,,
2016-02-17 14:40:00,Scott,Peters,You're Invited to Two Free Events this Week,0.32524481415748596,0.5798813700675964,0.06814735382795334,0.014557868242263794,0.005537875462323427,,
2016-02-17 14:40:00,Brenda,Lawrence,Rep. Lawrence February 2016 e-newsletter,0.06932946294546127,0.4160022437572479,0.024654297158122063,0.15518061816692352,,0.30371859669685364,
2016-02-18 07:20:00,Ron,Kind,Working for Wisconsin Families and Students,,0.8884507417678833,0.014823456294834614,0.026566646993160248,0.010365310125052929,0.04894518107175827,
2016-02-18 12:53:20,Steve,Cohen,Hosting a Roundtable Discussion on the Zika Virus and Infant Mortality,0.05127383768558502,0.8695657849311829,0.027273939922451973,0.014681060798466206,,0.02877321094274521,
2016-02-18 15:40:00,Suzan,DelBene,A quick update,,0.01623666286468506,0.0031617037020623684,0.005345104727894068,0.0018499274738132954,0.9709187746047974,
2016-02-18 15:40:00,Donald,Beyer,Just the Facts,,0.09626299887895584,,0.01728963665664196,0.006979217287153006,0.864341139793396,0.007045759353786707
2016-02-18 15:40:00,Brad,Ashford,Visit with me,0.024133700877428055,0.8925403356552124,0.012222036719322205,0.034987229853868484,,0.02546730265021324,
2016-02-18 15:40:00,Jerrold,Nadler,Expand Federal Funding for the Housing Opportunities for People with AIDS (HOPWA) Program ,,0.8000834584236145,,0.04176923260092735,0.052027251571416855,0.07524670660495758,0.016632847487926483
2016-02-18 15:40:00,David,Loebsack,I want to hear from you,0.0910036712884903,0.8270915150642395,0.052015647292137146,0.013575299642980099,,0.007321526296436787,
2016-02-18 18:26:40,Daniel,Kildee,Updates on the Flint Water Crisis,,0.7400334477424622,0.012077603489160538,0.0209855567663908,0.016855301335453987,0.19540511071681976,
2016-02-18 21:13:20,Brad,Sherman,Free Income Tax Preparation at CSUN,0.03669422119855881,0.8961486220359802,0.030078256502747536,0.019196368753910065,,0.010011967271566391,
2016-02-19 02:46:40,Daniel,Kildee,Updates on the Flint Water Crisis,,0.7400334477424622,0.012077603489160538,0.0209855567663908,0.016855301335453987,0.19540511071681976,
2016-02-19 11:06:40,Denny,Heck,money in politics,0.021135859191417694,0.8683480024337769,0.034545015543699265,0.05458865314722061,,0.009204854257404804,
2016-02-19 11:06:40,David,Cicilline,Dispelling Myths About Gun Violence,0.6721829175949097,0.26651322841644287,0.039220355451107025,0.012055890634655952,0.00367131014354527,,
2016-02-19 11:06:40,Jim,Cooper,"Top 10 at 10: Friday, February 19",0.016660092398524284,0.4621577560901642,0.09752757847309113,0.23176981508731842,,0.1699991524219513,
2016-02-19 13:53:20,Patrick,Murphy,"Strengthening Social Security, Families, and Our Economy",0.038093797862529755,0.7028881311416626,0.044142939150333405,0.16400468349456787,0.033300481736660004,,
2016-02-19 13:53:20,Seth,Moulton,2016 got off to a busy start,0.2349809855222702,0.6628901362419128,0.03583303838968277,0.010991360992193222,,0.043124180287122726,
2016-02-19 13:53:20,Beto,O’Rourke,El Paso is making its mark,0.23506012558937073,0.6422168612480164,0.10582449287176132,0.005899990908801556,0.004833852872252464,,
2016-02-19 16:40:00,Charles,Rangel,Lifetime Commitment to Public Service,0.5959355235099792,0.06535866111516953,0.2300802320241928,0.0898575633764267,,0.012362794019281864,
2016-02-19 16:40:00,Emanuel,Cleaver,EC From DC: Keeping Our Pension Promises,,0.23546111583709717,0.08402306586503983,0.6263595819473267,0.015960093587636948,0.020247846841812134,
2016-02-19 16:40:00,Loretta,Sanchez,National Cancer Prevention Month 2016,0.026616550981998444,0.06602064520120621,0.016938744112849236,0.7830206155776978,,0.10259497165679932,
2016-02-19 16:40:00,Steny,Hoyer,Need Assistance With Filing Your Tax Return?,,0.8973437547683716,0.0151063846424222,0.04711219668388367,0.010401240549981594,0.021306348964571953,
2016-02-19 16:40:00,Nancy,Pelosi,Shoot for the Moon,0.19989675283432007,0.07417093217372894,,0.04860508814454079,0.0995115116238594,0.5381600260734558,
2016-02-19 19:26:40,Joe,Courtney,Working to end the prescription drug and heroin abuse epidemic,,0.08107590675354004,0.03044803813099861,0.8027262091636658,,0.07439378648996353,0.004556611645966768
2016-02-19 19:26:40,Michael,Honda,Commemorating Black History Month,0.09692844748497009,0.4665016829967499,0.02863236889243126,0.3793536126613617,,,0.012466826476156712
2016-02-19 19:26:40,Tulsi,Gabbard,Dengue Fever Update,,0.31874918937683105,,0.01356396172195673,0.5734244585037231,0.05581122636795044,0.030679522082209587
2016-02-19 22:13:20,Michael,Capuano,E-Update Rep. Capuano,0.6830132007598877,0.26310503482818604,0.03567397594451904,0.010636305436491966,0.0034254970960319042,,
2016-02-19 22:13:20,Collin,Peterson,Rep. Peterson's Newsletter 2-19-2016,0.409089058637619,0.45006027817726135,0.09541741013526917,0.03006724826991558,,0.007786833681166172,
2016-02-19 22:13:20,Gregorio,Sablan,"e-Newsletter - Friday, February 19, 2016",0.36629655957221985,0.5670741200447083,0.03630547970533371,0.010724425315856934,,0.009271000511944294,
2016-02-20 06:33:20,Steve,Cohen,Investing in Memphis's Infrastructure with Vice President Biden,0.4556034505367279,0.4536324739456177,0.06130585819482803,0.01067421492189169,,0.010576264001429081,
2016-02-20 12:06:40,Henry,Cuellar,Congressman Henry Cuellar's Congressional Report for February 20,0.19576114416122437,0.7511664628982544,0.028533218428492546,0.010467343963682652,0.006287799216806889,,
2016-02-20 17:40:00,Xavier,Becerra,"Upcoming Events: Community Office Hours, February 22 & 27",0.012322233989834785,0.9344686269760132,0.030526570975780487,0.009774942882359028,,0.00710304407402873,
2016-02-22 00:13:20,Alan,Lowenthal,"Congressman Lowenthal eNewsletter 'The 47th Flyer' - Feb. 21 - Syria Cease-fire, Animal Abuse, Black Trailblazers",,0.7541314363479614,,0.13090002536773682,0.02884664386510849,0.032984089106321335,0.029044631868600845
2016-02-22 11:20:00,Jim,Cooper,"Top 10 at 10: Monday, February 22",,0.6602712869644165,0.14770570397377014,0.015094276517629623,0.022447770461440086,0.1337764412164688,
2016-02-22 11:20:00,Ami,Bera,Deadline approaching:,,0.34334519505500793,0.012281417846679688,0.0296811331063509,0.012093888595700264,0.5867415070533752,
2016-02-22 11:20:00,John,Carney,Join me,0.09551398456096649,0.8162941932678223,0.0342397466301918,0.03515058010816574,,0.01091882772743702,
2016-02-22 14:06:40,Sanford,Bishop,Let's stay in touch,,0.9204692244529724,0.011233586817979813,0.02365722879767418,0.011617818847298622,0.02283949963748455,
2016-02-22 14:06:40,Richard,Nolan,The White House responds,0.009423380717635155,0.1890202909708023,,0.028504911810159683,0.031880028545856476,0.7307066321372986,
2016-02-22 14:06:40,Chaka,Fattah,Announcing the 2016 Congressional Art Competition,0.043535467237234116,0.8615700006484985,0.050153665244579315,0.021403254941105843,,0.013804886490106583,
2016-02-22 16:53:20,Donald,Beyer,Updates from the 114th Congress,0.06189310550689697,0.893943190574646,0.012659098021686077,0.01188105158507824,0.008566428907215595,,
2016-02-22 16:53:20,Derek,Kilmer,The town hall tour,0.3954276740550995,0.4939965605735779,0.0752653032541275,0.024215685203671455,0.005247361492365599,,
2016-02-22 19:40:00,Eleanor,Norton,"e-Newsletter-Monday, February 22, 2016",0.7412859797477722,0.20293846726417542,0.040567439049482346,0.005592934787273407,0.00437223631888628,,
2016-02-23 09:33:20,Steve,Israel,Zika: Know Before You Go,,0.8608423471450806,,0.022611476480960846,0.020111098885536194,0.07509166747331619,0.011511478573083878
2016-02-23 12:20:00,Paul,Tonko,"Federal Grant Opportunities - February 23, 2016",0.006460277363657951,0.9508835077285767,0.021214710548520088,0.007686401251703501,,0.006184007506817579,
2016-02-23 12:20:00,Jim,Cooper,"Top 10 at 10: Tuesday, February 23",,0.7316082715988159,,0.10052517801523209,0.016964448615908623,0.09855623543262482,0.03440016880631447
2016-02-23 12:20:00,Suzan,DelBene,A quick update,0.011390269733965397,0.6609292030334473,0.011353996582329273,0.01741553097963333,,0.28915610909461975,
2016-02-23 15:06:40,Donald,Norcross,Stay Connected,0.10632909089326859,0.8406187891960144,0.03697407245635986,0.007469490636140108,0.004142370540648699,,
2016-02-23 15:06:40,Sanford,Bishop,"Artists, Activists, and the Armed Forces",0.3022860884666443,0.2937231957912445,0.06801734119653702,0.3153185546398163,0.00973387062549591,,
2016-02-23 17:53:20,Kathy,Castor,Join me in honoring our trailblazers during Black History Month,0.04529247432947159,0.8813470005989075,0.04937808960676193,0.011448970064520836,0.0069817365147173405,,
2016-02-24 10:33:20,Pete,Aguilar,Need help with student loans?,0.04216000810265541,0.8597697019577026,0.06307239085435867,0.010787419974803925,,0.01443932019174099,
2016-02-24 10:33:20,Bill,Foster,Announcing the 2016 Congressional Art Competition,0.03565268963575363,0.6499844789505005,0.2900395095348358,,0.009613314643502235,,0.006289332639425993
2016-02-24 10:33:20,Jim,Cooper,"Top 10 at 10: Wednesday, February 24",0.014496625401079655,0.7652246356010437,0.12292598932981491,0.017024468630552292,,0.06718696653842926,
2016-02-24 13:20:00,Katherine,Clark,"In Boston Globe: Clark gives ""the law some teeth"" to fight the internet's most dangerous prank",,0.02174265682697296,0.005917620845139027,,0.0075796241872012615,0.9560763239860535,0.00477609783411026
2016-02-24 16:06:40,Donald,Norcross,Cutting Through the Red Tape-How I Can Help You & Your Family,0.4576616585254669,0.45907872915267944,0.047037798911333084,0.017232567071914673,0.011402792297303677,,
2016-02-24 16:06:40,André,Carson,Are you eligible for a larger tax refund?,0.02270362339913845,0.9367395043373108,0.0267279464751482,0.005747995339334011,0.004898701328784227,,
2016-02-24 18:53:20,Mark,Takai,Day of Remembrance,0.025105465203523636,0.8920872807502747,0.03221232816576958,0.009383727796375751,,0.03260248899459839,
2016-02-25 00:26:40,Terri,Sewell,Guide to Grants Issue 253- Feb 24 ,,0.908485472202301,0.056339364498853683,0.008738326840102673,0.011026982218027115,,0.0064301760867238045
2016-02-25 00:26:40,Michael,Honda,OFFICIAL SURVEY: Your thoughts on the CA Bullet train coming to San Jose,0.05823946371674538,0.8141605257987976,0.09995696693658829,,0.00883304513990879,0.008236943744122982,
2016-02-25 11:33:20,Ann,Kuster,Join me for a Jobs and Opportunity Fair,0.38162297010421753,0.5246790051460266,0.06762143969535828,0.007350833620876074,,0.008232845924794674,
2016-02-25 11:33:20,Patrick,Murphy,Crisis in our waterways,,0.16568587720394135,,0.1199992448091507,0.017962494865059853,0.6688521504402161,0.0148771982640028
2016-02-25 11:33:20,Jim,Cooper,"Top 10 at 10: Thursday, February 25",,0.8373587727546692,0.08544854819774628,0.024858197197318077,0.02773422934114933,0.016087478026747704,
2016-02-25 11:33:20,Adam,Schiff,Should court order Apple to comply with encryption ruling?,,0.7369532585144043,,0.03246627002954483,0.11348962038755417,0.08542434126138687,0.016886983066797256
2016-02-25 11:33:20,John,Larson,Keeping busy,,0.3821812868118286,,0.11041688174009323,0.023129954934120178,0.45394614338874817,0.012776308692991734
2016-02-25 11:33:20,Theodore,Deutch,Transatlantic Town Hall Tickets,0.7088766098022461,0.14965450763702393,0.09417518973350525,0.008779829367995262,,0.031067993491888046,
2016-02-25 17:06:40,Ted,Lieu,HOUSE COMMITTEE APPROVES BILLS AUTHORED BY CONGRESSMAN LIEU TO SUPPORT HOMELESS VETERANS AND FUND CONSTRUCTION AT WEST LA VA,0.16561535000801086,0.7826921343803406,0.022737309336662292,,0.0106629254296422,,0.007129283156245947
2016-02-25 17:06:40,Donald,Beyer,Just the Facts,0.011389506980776787,0.5891451239585876,,0.04366352781653404,0.010446228086948395,0.32695722579956055,
2016-02-25 17:06:40,Al,Green,CONGRESSIONAL ALERT: Congressman Al Green to Speak Today About His Original Black History Month Resolution,,0.8881924152374268,0.04869033396244049,0.02109190821647644,0.008881818503141403,0.02586347609758377,
2016-02-25 17:06:40,David,Loebsack,Enter the Congressional Art Contest today,0.14534278213977814,0.6957992911338806,0.13907082378864288,0.007177462801337242,0.0071203685365617275,,
2016-02-25 17:06:40,Suzanne,Bonamici,Bonamici Bulletin,0.00497298501431942,0.023023730143904686,0.014010465703904629,0.9140999913215637,,0.038611508905887604,
2016-02-25 19:53:20,Rick,Larsen,Let's talk,0.3293512165546417,0.6022861003875732,0.04069999232888222,0.012086918577551842,,0.006021290551871061,
2016-02-25 19:53:20,Raul,Ruiz,New Initiatives to Support Our Veterans,0.16304366290569305,0.3952782154083252,0.024966513738036156,0.18045386672019958,,0.21598902344703674,
2016-02-25 19:53:20,Ed,Perlmutter,A Path to Energy Independence and a Cleaner Environment ,0.017758283764123917,0.7923753261566162,0.0625300481915474,0.08139490336179733,0.022934501990675926,,
2016-02-25 19:53:20,Mark,DeSaulnier,Meet One-On-One With Us In Martinez ,0.014386719092726707,0.8788647651672363,0.0666060671210289,0.008598369546234608,,0.02264045551419258,
2016-02-25 19:53:20,Nancy,Pelosi,50 Days to File,0.01713653840124607,0.9615216255187988,0.009043053723871708,0.0046432423405349255,0.003281286219134927,,
2016-02-26 09:46:40,Jim,Cooper,"Top 10 at 10: Friday, February 26",0.032870225608348846,0.6604844331741333,0.12436830252408981,0.023543965071439743,,0.13916845619678497,
2016-02-26 09:46:40,Gwen,Graham,Watch our new North Florida video!,0.12029749155044556,0.8204362392425537,0.04334258660674095,0.004613575991243124,0.004764064680784941,,
2016-02-26 09:46:40,Mike,Quigley,Fighting for a Woman's Right to Choose,,0.7760132551193237,,0.030471453443169594,0.07701641321182251,0.08289734274148941,0.01877015084028244
2016-02-26 12:33:20,Mark,Pocan,Pocan Post: It's Budget Season,0.033722419291734695,0.9116295576095581,0.020615655928850174,0.021123694255948067,0.005637594033032656,,
2016-02-26 12:33:20,Niki,Tsongas,Congress in your Inbox,0.3505910038948059,0.5694795846939087,0.06052718684077263,0.005843703635036945,,,0.005145302042365074
2016-02-26 12:33:20,Steny,Hoyer,Supporting our Federal Employees ,0.3993682563304901,0.5426861047744751,0.015091205947101116,0.018973249942064285,0.013105128891766071,,
2016-02-26 12:33:20,Nita,Lowey,News from Nita: Working hard for the Lower Hudson Valley,0.7944533824920654,0.0907236710190773,0.046250119805336,0.05320364236831665,0.01024715043604374,,
2016-02-26 12:33:20,Mark,Pocan,Pocan Post: It's Budget Season,0.038141243159770966,0.9094935059547424,0.02226979099214077,0.017562290653586388,0.005599022842943668,,
2016-02-26 15:20:00,Jackie,Speier,"Calling all elementary, middle and high school girls!",0.34150055050849915,0.5188647508621216,0.10966290533542633,,0.013244924135506153,0.008178161457180977,
2016-02-26 15:20:00,David,Cicilline,Let's Close the Hate Crimes Loophole,0.03289549797773361,0.759336531162262,,,0.0711509957909584,0.09098561108112335,0.025736572220921516
2016-02-26 15:20:00,Henry,Johnson,Congressman Hank Johnson: Seeking Public Comment on Coal Ash Disposal in Georgia,,0.33838245272636414,,0.05990910902619362,0.071741983294487,0.4689387083053589,0.04572460055351257
2016-02-26 18:06:40,Nancy,Pelosi,Where's the Budget?,,0.1541290283203125,0.02521008811891079,0.7630174160003662,,0.022442078217864037,0.02312598191201687
2016-02-26 18:06:40,Janice,Schakowsky,An Update On Tax Season and the Supreme Court Case Next Week,0.02079659141600132,0.8304283618927002,,0.025527048856019974,0.061254508793354034,0.04435401409864426,
2016-02-26 18:06:40,Alan,Lowenthal,"Congressman Lowenthal eNewsletter 'The 47th Flyer' - Feb. 26 - Cuba Visit, Affordable College, STARBASE Students",,0.17860932648181915,0.023622479289770126,0.05171984061598778,0.018980639055371284,0.7173361778259277,
2016-02-26 18:06:40,Steve,Cohen,Roundtable Discussion on the Zika Virus and Infant Mortality,0.8490138053894043,0.11301756650209427,0.01864386349916458,0.008410820737481117,,0.004585328046232462,
2016-02-26 18:06:40,Joe,Courtney,Correcting a national disgrace by standing up for 'Blue Water' Navy veterans,,0.40678271651268005,,0.3139849305152893,0.07735610753297806,0.036515042185783386,0.12712085247039795
2016-02-26 18:06:40,Judy,Chu,Job Opening in My District Office,0.28588777780532837,0.6212285757064819,0.05533929541707039,0.0213768407702446,0.0059939054772257805,,
2016-02-26 18:06:40,Rick,Larsen,Big win for small businesses,0.33688026666641235,0.5877191424369812,0.05276402458548546,0.011573588475584984,0.0055467807687819,,
2016-02-26 18:06:40,Daniel,Lipinski,"Congressman Lipinski E-Newsletter Update February 26, 2016",0.4092845618724823,0.501163899898529,0.056291982531547546,0.018687738105654716,0.008242720738053322,,
2016-02-26 18:06:40,Emanuel,Cleaver,EC From DC: A Busy Week,0.02158293128013611,0.7213839888572693,0.07220660150051117,0.14380072057247162,,0.02323317714035511,
2016-02-26 18:06:40,Charles,Rangel,Honoring Unsung Heroes,0.01676936447620392,0.5987898111343384,,0.01196710392832756,0.32626768946647644,,0.03169379010796547
2016-02-26 20:53:20,Michael,Capuano,E-Update Rep. Capuano,0.011808624491095543,0.8898825645446777,0.01204923540353775,,0.04828453063964844,,0.014867529273033142
2016-02-26 20:53:20,Collin,Peterson,Rep. Peterson's Newsletter 2-26-2016,0.8870697617530823,0.07243966311216354,0.030328957363963127,0.005655867047607899,0.0022010700777173042,,
2016-02-26 23:40:00,Gregorio,Sablan,"e-Newsletter - Friday, February 26, 2016",0.03346306458115578,0.6449622511863708,0.04892168939113617,0.051484398543834686,,0.20407791435718536,
2016-02-27 08:00:00,Lois,Capps,Saving the California Condor,,0.037749309092760086,,0.021426141262054443,0.026057500392198563,0.8651199340820312,0.04242870584130287
2016-02-27 10:46:40,Henry,Cuellar,Congressman Henry Cuellar's Congressional Report for February 27,0.24340438842773438,0.6238548755645752,0.10920649021863937,0.011578606441617012,0.006663783919066191,,
2016-02-28 11:46:40,Joaquin,Castro,Capitol Hill Update from Congressman Castro,0.9610360860824585,0.014738140627741814,0.018812960013747215,0.0021396190859377384,0.0018324769334867597,,
2016-02-28 17:20:00,Diana,DeGette,"A Democracy Of, By, and For the People",0.4018856883049011,0.49993592500686646,0.06444085389375687,0.014580804854631424,,0.009512959979474545,
2016-02-29 10:00:00,John,Carney,Speaking with a Legend,0.3461211621761322,0.5165572762489319,0.10793089866638184,0.02139056846499443,,0.0036331312730908394,
2016-02-29 10:00:00,Niki,Tsongas,Quarterly Veterans Newsletter,0.3792691230773926,0.5272237658500671,0.04884196072816849,0.030383920297026634,0.006726822815835476,,
2016-02-29 12:46:40,Tulsi,Gabbard,Made in Hawaii,0.10240122675895691,0.8379544615745544,0.03958357125520706,0.0056807054206728935,0.006623419933021069,,
2016-02-29 12:46:40,John,Delaney,The Importance Of Black History Month,0.31851497292518616,0.6190484166145325,0.033759746700525284,0.014270639047026634,0.006667203735560179,,
2016-02-29 12:46:40,Jim,Cooper,"Top 10 at 10: Monday, February 29",,0.13476744294166565,0.02550072781741619,0.01908026821911335,0.01563219539821148,0.7922679781913757,
2016-02-29 15:33:20,Lucille,Roybal-Allard,Follow Congresswoman Roybal-Allard Online,,0.1347038298845291,0.020368032157421112,0.021500786766409874,0.02679668553173542,0.7882904410362244,
2016-02-29 15:33:20,Louise,Slaughter,"""Progress is neither automatic nor inevitable.""",0.05895904451608658,0.8934937715530396,0.023315023630857468,0.006873827427625656,0.007761290762573481,,
2016-02-29 15:33:20,Debbie,Wasserman Schultz,The Everglades,,0.8875512480735779,0.01110618282109499,0.04481585696339607,0.013290326111018658,0.031134851276874542,
2016-02-29 15:33:20,Marc,Veasey,Marc's Memo - Celebrating Black History Month in the Metroplex,0.3069825768470764,0.6044561266899109,0.04763516038656235,0.024555547162890434,0.007387521676719189,,
2016-02-29 15:33:20,Kurt,Schrader,"Rep. Schrader to Hold Town Hall Events in Tillamook, Lincoln Counties, Military Academy Open House",0.19197618961334229,0.7036147117614746,0.06709720194339752,0.021617161110043526,,0.00678096991032362,
2016-02-29 15:33:20,Richard,Nolan,Responding to your message,,0.2349846065044403,,0.5295236110687256,0.07559043169021606,0.09572597593069077,0.04942846670746803
2016-02-29 15:33:20,John,Lewis,U.S. House Passes My MLK Park Bill,0.021488768979907036,0.14463093876838684,0.010407469235360622,0.0058289263397455215,,0.8112863302230835,
2016-02-29 18:20:00,Susan,Davis,News from Congresswoman Davis,0.03454223647713661,0.7185161709785461,0.0178495142608881,0.01822158880531788,,0.1918722689151764,
2016-02-29 18:20:00,Mark,DeSaulnier,Join Us Next Week in San Pablo,0.01562708616256714,0.8379607200622559,0.10115066915750504,,0.01092832162976265,0.024304820224642754,
2016-02-29 21:06:40,Chris,Van Hollen,"Fair pay for federal workers, Harriet Tubman and the $10 bill, and more.",0.019212065264582634,0.5741601586341858,0.06627227365970612,0.06873656809329987,0.2524127960205078,,
2016-02-29 21:06:40,Xavier,Becerra,"Upcoming Events: Telephone Town Hall, Coffee with your Congressman, and more",0.06253981590270996,0.8577079176902771,0.049695391207933426,0.00934833474457264,,0.010835676454007626,
2016-03-01 11:00:00,Donald,Payne,Constituents Service Update: How I Can Help You & Your Family,0.5994120240211487,0.33266592025756836,0.02643144130706787,0.026580359786748886,0.009252368472516537,,
2016-03-01 13:46:40,Paul,Tonko,your voice at the IRS,0.02503395825624466,0.7157098650932312,0.015354783274233341,0.019026314839720726,,0.2136966735124588,
2016-03-01 16:33:20,Steny,Hoyer,Hoyer Testifies on Importance of Relocating FBI Headquarters to Maryland,0.0229727141559124,0.927457869052887,0.009662342257797718,0.011509032920002937,,0.016354462131857872,
2016-03-01 19:20:00,Filemon,Vela,A Special Update from Congressman Filemon Vela,0.3493078351020813,0.5637697577476501,0.05817985534667969,0.011990201659500599,0.007088318467140198,,
2016-03-01 19:20:00,Karen,Bass,February in Review,0.3678479492664337,0.43813541531562805,0.11025333404541016,0.026387229561805725,,0.03556704893708229,
2016-03-01 22:06:40,Terri,Sewell,Guide to Grants Issue 254- March 1 2016,0.004916401579976082,0.907680094242096,0.06450044363737106,0.008037793450057507,0.007974298670887947,,
2016-03-02 12:00:00,Jim,Cooper,"Top 10 at 10: Wednesday, March 2",0.02263365127146244,0.7653393745422363,0.04357067123055458,0.022051949054002762,,0.1267930418252945,
2016-03-02 14:46:40,Alcee,Hastings,The Hastings Monthly Report - March 2016,0.07108466327190399,0.28207218647003174,,0.16273048520088196,0.014778177253901958,0.4474000632762909,
2016-03-02 14:46:40,Ron,Kind,Supreme Court Nominee?,,0.7934028506278992,0.03496207669377327,0.09145069867372513,0.011486470699310303,0.05387130379676819,
2016-03-02 20:20:00,Mark,Takai,Hawaii is at the center of the rebalance to the Asia-Pacific,0.8070825934410095,0.15600554645061493,0.0198668260127306,0.004642970860004425,,,0.004681816790252924
2016-03-02 20:20:00,Barbara,Lee,The Supreme Court is at Stake,,0.5151270627975464,,0.033810608088970184,0.26395681500434875,0.10699853301048279,0.04955337569117546
2016-03-03 04:40:00,Lois,Capps,Reflecting on UCSB's Vietnam Veterans Class,,0.6064997911453247,0.082389235496521,0.12089627981185913,0.04966730996966362,0.08069880306720734,
2016-03-03 10:13:20,Lois,Capps,Today at the Supreme Court,,0.2630983293056488,,0.10885342955589294,0.5131112337112427,0.05268191546201706,0.05107380822300911
2016-03-03 10:13:20,John,Carney,Have time to grab coffee?,0.27650266885757446,0.6883561015129089,0.01362156867980957,0.009004148654639721,0.005046466365456581,,
2016-03-03 10:13:20,Gene,Green,Avoid Tax Scams,,0.3954713046550751,,0.028416171669960022,0.021725164726376534,0.535490095615387,0.007917378097772598
2016-03-03 10:13:20,Patrick,Murphy,Combating Zika,0.022758208215236664,0.9103822708129883,,0.014135214500129223,,0.032788898795843124,0.007621100638061762
2016-03-03 13:00:00,Suzan,DelBene,A quick update,,0.018330853432416916,0.0022597324568778276,0.0043002585880458355,0.0029400161001831293,0.9698983430862427,
2016-03-03 13:00:00,Chaka,Fattah,United States Service Academy Open House on April 25,0.03453456237912178,0.8669670820236206,0.05067307874560356,0.02174333482980728,,0.0165445227175951,
2016-03-03 15:46:40,Donald,Beyer,Just the Facts,0.01003500260412693,0.9405272603034973,0.030933473259210587,0.0048606181517243385,0.007567513268440962,,
2016-03-03 15:46:40,Adam,Schiff,Please join me for a discussion on Preserving the Rim of the Valley,0.03566841408610344,0.8915743231773376,0.01750030182301998,0.031842611730098724,,0.01352520752698183,
2016-03-03 15:46:40,Mark,DeSaulnier,Join Us for a Joint Town Hall in Antioch,0.2195558398962021,0.5802940726280212,0.16390621662139893,,0.009472104720771313,0.016008635982871056,
2016-03-03 15:46:40,James,Langevin,Cyber in the Spotlight,0.7170676589012146,0.16554993391036987,0.09479140490293503,0.0072602578438818455,,0.009173122234642506,
2016-03-04 08:26:40,Joseph,Crowley,Traveling soon?,,0.6880832314491272,,0.030293626710772514,0.011085878126323223,0.24542947113513947,0.008823753334581852
2016-03-04 11:13:20,David,Cicilline,New Federal Funding for Community Development,0.06529550999403,0.8785349130630493,0.02348235435783863,,0.013634889386594296,0.009639367461204529,
2016-03-04 11:13:20,Louise,Slaughter,I want your thoughts on the Supreme Court...,,0.8563713431358337,0.018472349271178246,0.04171779751777649,0.015996117144823074,0.0525638684630394,
2016-03-04 11:13:20,Jim,Cooper,"Top 10 at 10: Friday, March 4",0.017951499670743942,0.47223320603370667,0.07835683226585388,,0.044784851372241974,0.36554303765296936,
2016-03-04 14:00:00,Grace,Meng,Our Shared Priorities,,0.7055562138557434,,0.04794114828109741,0.0423332154750824,0.16537024080753326,0.02131745219230652
2016-03-04 14:00:00,Ann,Kuster,Catching up with Annie,0.42340123653411865,0.4365866780281067,0.08431869000196457,0.026112070307135582,,0.02054322138428688,
2016-03-04 16:46:40,Charles,Rangel,Economy must work for all of us,0.02800636738538742,0.8046604990959167,0.024180810898542404,0.12055262923240662,,,0.009540463797748089
2016-03-04 16:46:40,José,Serrano,"The Serrano Report - March 4, 2016",0.13787442445755005,0.7661225199699402,0.019261395558714867,,0.04026199132204056,,0.016593031585216522
2016-03-04 16:46:40,Julia,Brownley,Rim of the Valley March 2016,0.09347417950630188,0.844700038433075,0.04128541797399521,0.008478446863591671,0.004808630794286728,,
2016-03-04 16:46:40,Steve,Cohen,Visiting the United States Military Academy in West Point,0.7622537612915039,0.18024836480617523,0.03914940357208252,0.009377369657158852,,0.0034316224046051502,
2016-03-04 16:46:40,Tammy,Duckworth,Working for Working Families,0.05870336294174194,0.7944871783256531,0.019923720508813858,0.011988883838057518,,0.09873685985803604,
2016-03-04 16:46:40,Mark,DeSaulnier,Reminder: Join Us in San Pablo ,0.014715990982949734,0.8565922379493713,0.08739852160215378,,0.009768451564013958,0.022219495847821236,
2016-03-04 16:46:40,Ted,Lieu,You are invited to a telephone town hall,0.11192028224468231,0.8218798637390137,0.034869417548179626,0.018180953338742256,,0.007161498069763184,
2016-03-04 16:46:40,Barbara,Lee,Congresswoman Lee Invites You To A Special Screening,,0.9423984289169312,0.027257787063717842,0.012287459336221218,,0.005290831904858351,0.005669974721968174
2016-03-04 16:46:40,Nancy,Pelosi,Women's History Month: Celebrating Our Women Veterans,0.7216098308563232,0.02535368874669075,0.03168824315071106,,0.03980628401041031,0.1626574695110321,
2016-03-04 16:46:40,André,Carson,Do You Know a High School Art Student?,0.6389527320861816,0.14768846333026886,0.19213443994522095,,0.007673953659832478,0.006367282476276159,
2016-03-04 16:46:40,Emanuel,Cleaver,EC From DC: Celebrating Women's History Month,0.027948757633566856,0.08280492573976517,,0.070266492664814,0.02152577042579651,0.7838859558105469,
2016-03-04 16:46:40,Nancy,Pelosi,Honoring Our Women Veterans,0.5324462652206421,0.03763994947075844,0.030445646494627,,0.044638779014348984,0.33915871381759644,
2016-03-04 19:33:20,Collin,Peterson,Rep. Peterson's Newsletter 3-4-2016,0.1111140102148056,0.7533806562423706,0.07205063104629517,0.041795969009399414,,0.011564153246581554,
2016-03-04 19:33:20,Brad,Sherman,Town Hall Meeting/Porter Ranch Gas Leak,,0.8164156675338745,0.01605169288814068,0.07296209037303925,0.02259700559079647,0.05503779649734497,
2016-03-04 19:33:20,Michael,Capuano,E-Update Rep. Capuano,0.014117451384663582,0.9147777557373047,0.014292427338659763,0.018271993845701218,0.025650883093476295,,
2016-03-04 19:33:20,Mark,Takai,Announcing College Prep Workshops,0.045582469552755356,0.8769088983535767,0.061535030603408813,0.005717836786061525,0.004648291505873203,,
2016-03-04 19:33:20,Joe,Courtney,My Week in Washington,,0.5487091541290283,0.0381193570792675,0.21515139937400818,,0.15444046258926392,0.020819511264562607
2016-03-04 22:20:00,Gregorio,Sablan,"e-Newsletter - Friday, March 4, 2016",,0.5807284116744995,0.0314754880964756,0.2884918749332428,0.03592852130532265,0.026762915775179863,
2016-03-05 06:40:00,Lois,Capps,Domestic Violence & Firearms,,0.05361021310091019,0.02255762740969658,0.8358689546585083,,0.07629287242889404,0.004989245440810919
2016-03-05 09:26:40,Henry,Cuellar,Congressman Henry Cuellar's Congressional Report for March 5,0.03885490819811821,0.8994290828704834,0.02079129032790661,,0.012867793440818787,0.012662976048886776,
2016-03-05 12:13:20,Jackie,Speier,Jackie's Reading Picks,0.10123889148235321,0.05747460573911667,0.023541107773780823,0.5571838617324829,,0.2558235228061676,
2016-03-06 13:13:20,John,Delaney,Taking The Lead On Climate Change,,0.42770564556121826,0.01600433699786663,0.06426122039556503,0.05198342353105545,0.422185480594635,
2016-03-06 16:00:00,Diana,DeGette,Stand With Me & Be Heard to Protect Reproductive Choice,0.01511864922940731,0.4759306013584137,0.036637693643569946,,0.03468639403581619,0.41771766543388367,
2016-03-06 21:33:20,Denny,Heck,Save the Dates: 2016 U.S. Service Academy Information Nights in the 10th Congressional District,0.025854459032416344,0.9051899313926697,0.04494955390691757,0.013945240527391434,,0.00490907346829772,
2016-03-07 11:26:40,Jim,Cooper,"Top 10 at 10: Monday, March 7",,0.06250356137752533,0.022527744993567467,0.03235999494791031,0.023764094337821007,0.8510116338729858,
2016-03-07 14:13:20,Derek,Kilmer,Remembering Our Neighbors,0.032024092972278595,0.08990339934825897,0.3354235291481018,0.26186618208885193,,0.26248323917388916,
2016-03-07 14:13:20,Mark,DeSaulnier,Reminder: Join Us for a Town Hall in Antioch,0.2195558398962021,0.5802940726280212,0.16390621662139893,,0.009472104720771313,0.016008635982871056,
2016-03-07 17:00:00,Gwen,Moore,President Obama in Milwaukee | The Passing of Nancy Reagan,0.05458032339811325,0.38004517555236816,0.04718237742781639,0.4856865406036377,,0.01900293305516243,
2016-03-07 17:00:00,Nita,Lowey,News from Nita: Working for a safer Lower Hudson Valley,0.02258998155593872,0.29299396276474,,0.24730044603347778,0.17309190332889557,0.22756507992744446,
2016-03-07 19:46:40,Lucille,Roybal-Allard,February in Review,0.03679948300123215,0.15452630817890167,,0.01754758134484291,0.024507634341716766,0.7519322037696838,
2016-03-07 19:46:40,Richard,Nolan,Winning the War on Cancer,0.02309803105890751,0.1290368288755417,0.08315128833055496,0.011964259669184685,,0.7381423115730286,
2016-03-07 22:33:20,Eleanor,Norton,"e-Newsletter-Monday, March 7, 2016",,0.51020747423172,0.025768402963876724,0.29674988985061646,,0.12972217798233032,0.01606392301619053
2016-03-07 22:33:20,Xavier,Becerra,"REMINDER: Telephone Town Hall, Community Office Hours, and more",0.01140348706394434,0.9301297664642334,0.030982159078121185,0.010147309862077236,,0.009886715561151505,
2016-03-08 09:40:00,Pete,Aguilar,How can I help?,0.021997705101966858,0.9190608859062195,0.03222472593188286,0.014169030822813511,,0.005976471584290266,
2016-03-08 12:26:40,Susan,Davis,Join us TOMORROW for a Campaign Finance Reform Roundtable Discussion,0.061477676033973694,0.8619839549064636,0.04682314768433571,0.011530285701155663,,0.010560653172433376,
2016-03-08 12:26:40,Donald,Payne,Important Survey on Supreme Court Vacancy,,0.9327206611633301,0.01636136882007122,0.019747743383049965,0.011760922148823738,0.010117299854755402,
2016-03-08 12:26:40,Jim,Cooper,"Top 10 at 10: Tuesday, March 8",0.00698258588090539,0.9185612201690674,0.04346652328968048,0.014845609664916992,,0.007689573336392641,
2016-03-08 12:26:40,Julia,Brownley,IRS Event March 2016,0.0589279942214489,0.89967942237854,0.02118559740483761,0.006766592152416706,,0.0052119349129498005,
2016-03-08 12:26:40,Paul,Tonko,"Federal Grant Opportunities - March 8, 2016",0.010426077991724014,0.9414471983909607,0.02754397876560688,0.006595447659492493,,0.007268032990396023,
2016-03-08 15:13:20,Ami,Bera,Fwd: Please read,0.009731292724609375,0.24309930205345154,0.012522044591605663,0.019977416843175888,,0.7036527395248413,
2016-03-08 18:00:00,Juan,Vargas,Service Academy Night-April 22nd!,,0.7685675621032715,0.033559348434209824,0.13668662309646606,0.014431243762373924,0.03078351728618145,
2016-03-08 20:46:40,Bill,Pascrell,"A Letter from Congressman Bill Pascrell, Jr.",0.024362953379750252,0.9426625370979309,0.01578240469098091,0.00582827627658844,0.004506946075707674,,
2016-03-09 07:53:20,Juan,Vargas,March Newsletter,0.07693837583065033,0.8383653163909912,0.036124102771282196,0.028711816295981407,,0.010744741186499596,
2016-03-09 07:53:20,Michael,Honda,Why this funding matters to Silicon Valley:,0.2089596837759018,0.6572161316871643,0.08877000212669373,0.012580253183841705,,0.012097019702196121,
2016-03-09 10:40:00,James,Himes,Water and Justice for Flint,,0.137974351644516,0.6930551528930664,0.038237065076828,,0.06987282633781433,0.029777733609080315
2016-03-09 10:40:00,Raul,Ruiz,Veterans University,0.1722516119480133,0.6416633129119873,0.1134231686592102,0.03444362059235573,,0.0218082033097744,
2016-03-09 10:40:00,David,Scott,"Congressional Update - March 9, 2016",0.017887931317090988,0.8900999426841736,0.04551781713962555,0.02591465599834919,,0.013122327625751495,
2016-03-09 13:26:40,Donald,Payne,Donald's Dispatch: February 2016 -- Empowering Our Children & Youth,0.3958207666873932,0.4916059672832489,0.09249306470155716,0.007783226203173399,0.007471718359738588,,
2016-03-09 13:26:40,John,Garamendi,Women's Roundtable Conversation on Career Advancement in Fairfield March 18th,0.05151146650314331,0.8884571194648743,0.020861485973000526,0.017256353050470352,,0.012031134217977524,
2016-03-09 13:26:40,Jerrold,Nadler,Join Me On Facebook,0.15559405088424683,0.7369129657745361,0.07877005636692047,0.009487459436058998,0.009188568219542503,,
2016-03-09 13:26:40,Doris,Matsui,An Update from Congresswoman Doris Matsui,0.010429703630506992,0.8855011463165283,0.015955597162246704,0.037766292691230774,,0.03616245836019516,
2016-03-09 16:13:20,Donald,Norcross,An Honor for a Fallen South Jersey Hero,0.013408108614385128,0.831760585308075,0.026462119072675705,0.03590165451169014,,0.08068789541721344,
2016-03-09 16:13:20,Jackie,Speier,Calling all artists! Invitation to participate in the Congressional Art Competition,0.2647353708744049,0.6578569412231445,0.054635874927043915,0.006566133815795183,0.008374586701393127,,
2016-03-09 16:13:20,Elizabeth,Esty,Preserving our traditions of manufacturing and open space,0.01157441921532154,0.9333085417747498,0.013014494441449642,0.015069193206727505,0.011410617269575596,,
2016-03-09 16:13:20,Nancy,Pelosi,Follow the Leader,0.019946318119764328,0.9192861318588257,0.009758257307112217,0.023977573961019516,0.015514003112912178,,
2016-03-09 19:00:00,Brad,Sherman,Congressman Brad Sherman: Town Hall Invitation and Discussion on Porter Ranch Gas Leak,0.04791770130395889,0.864022433757782,0.032905664294958115,0.02537870593369007,,0.019895222038030624,
2016-03-10 00:33:20,Terri,Sewell,Guide to Grants Issue 255- March 9 2016,0.00559396855533123,0.8969349265098572,0.06797809898853302,0.009869398549199104,0.010834918357431889,,
2016-03-10 11:40:00,Suzan,DelBene,A quick update,0.006669590715318918,0.21014642715454102,,0.014027809724211693,0.0061806319281458855,0.7543825507164001,
2016-03-10 17:13:20,Donald,Beyer,Just the Facts,,0.9607353806495667,0.00966621283441782,0.011372102424502373,0.006642416585236788,,0.005035306327044964
2016-03-10 17:13:20,Gerald,Connolly,I Want to Hear From You,0.11446800827980042,0.8171321749687195,0.01255814079195261,0.030688831582665443,,0.011939640156924725,
2016-03-10 17:13:20,Susan,Davis,Summit on Emerging Digital Technology and Government,0.08465491235256195,0.870043158531189,0.025148307904601097,0.005662372335791588,,0.00566811254248023,
2016-03-10 17:13:20,Niki,Tsongas,Congress in your Inbox,0.010680432431399822,0.9287422299385071,0.016982505097985268,0.02696254290640354,,0.007125280797481537,
2016-03-11 09:53:20,David,Cicilline,"$891,000 to Protect Rhode Island's Coastline",0.22679364681243896,0.7213595509529114,0.03400423377752304,0.004988490603864193,0.006966879591345787,,
2016-03-11 09:53:20,Carolyn,Maloney,News for New York's 12th Congressional District,0.6535662412643433,0.23087871074676514,0.06041035056114197,0.025577833876013756,,0.01858656480908394,
2016-03-11 12:40:00,Patrick,Murphy,Standing up for Seniors,0.06675474345684052,0.5067974925041199,,0.09117577970027924,0.12606561183929443,0.17739610373973846,
2016-03-11 15:26:40,Charles,Rangel,What Women Want ,0.7341891527175903,0.15739914774894714,0.022011877968907356,,0.021687045693397522,0.05334559828042984,
2016-03-11 15:26:40,Alan,Lowenthal,"Congressman Lowenthal eNewsletter 'The 47th Flyer' - March 11 - Protecting Seniors, SHARE Act, Super Scout",0.0906047597527504,0.7906287312507629,0.03984304517507553,0.02980508655309677,,0.026752326637506485,
2016-03-11 18:13:20,Joe,Courtney,My Week in Connecticut,0.2797788679599762,0.5801573991775513,0.10397704690694809,0.02546820044517517,,0.005282878875732422,
2016-03-11 18:13:20,Tulsi,Gabbard,Blazing the Trail,0.11520693451166153,0.7914246320724487,0.06813203543424606,0.005509107373654842,0.01229177601635456,,
2016-03-11 18:13:20,Mark,Takai,Making Higher Ed More Accessible,,0.809297502040863,0.015579605475068092,0.023629484698176384,0.014680781401693821,0.12487028539180756,
2016-03-11 18:13:20,Steve,Cohen,"Join My Telephone Town Hall on Tuesday, March 15",0.032639168202877045,0.7865258455276489,0.032180704176425934,0.0499427504837513,0.0785069391131401,,
2016-03-11 18:13:20,Nancy,Pelosi,Loud and Clear,0.001116315950639546,,0.0010118463542312384,0.0034640259109437466,0.007481482345610857,0.9855217337608337,
2016-03-11 21:00:00,Michael,Capuano,E-Update Rep. Capuano,0.04889256879687309,0.517301619052887,0.08786565065383911,0.062363430857658386,,0.23581260442733765,
2016-03-11 21:00:00,Collin,Peterson,Rep. Peterson's Newsletter 3-11-2016,0.8855388760566711,0.06667473912239075,0.03750424087047577,0.005449302494525909,0.00248529389500618,,
2016-03-11 23:46:40,Gregorio,Sablan,"e-Newsletter - Friday, March 11, 2016",0.2036387324333191,0.6274820566177368,0.1232588067650795,0.022527240216732025,,0.012472523376345634,
2016-03-12 10:53:20,Henry,Cuellar,Congressman Henry Cuellar's Congressional Report for March 12,0.11834597587585449,0.8047345280647278,0.04268886148929596,0.010368037037551403,,0.011950051411986351,
2016-03-12 10:53:20,Jackie,Speier,Jackie's Reading Picks,0.041131243109703064,0.3575122058391571,0.10998490452766418,0.4089987576007843,,0.0697183609008789,
2016-03-12 10:53:20,John,Carney,Your input,0.05001476779580116,0.881743311882019,0.03161046653985977,0.017509030178189278,,0.010879481211304665,
2016-03-13 11:53:20,Joaquin,Castro,Capitol Hill Update from Congressman Castro,0.009586254134774208,0.18273265659809113,0.0073639629408717155,0.006170894950628281,,0.7857846021652222,
2016-03-13 20:13:20,Denny,Heck,National recognition for our South Sound student artists,0.09444422274827957,0.8297772407531738,0.0603230744600296,0.006997010670602322,0.0036090363282710314,,
2016-03-13 20:13:20,Ed,Perlmutter,"Houston, We Have an Opportunity",0.040166739374399185,0.48752501606941223,0.02697312831878662,0.007095638196915388,,0.42831486463546753,
2016-03-14 10:06:40,Ann,Kuster,At your service,0.11624494940042496,0.8035986423492432,0.021374033764004707,0.020593807101249695,,0.022556614130735397,
2016-03-14 10:06:40,Alma,Adams,You're Invited!,0.1331871598958969,0.7100692391395569,0.11653558909893036,0.01926727220416069,,0.011059759184718132,
2016-03-14 10:06:40,Jim,Cooper,"Top 10 at 10: Monday, March 14",,0.13216492533683777,0.0216980017721653,0.02391362003982067,0.03050309047102928,0.7820236086845398,
2016-03-14 12:53:20,Eleanor,Norton,"e-Newsletter-Monday, March 14, 2016",0.9526549577713013,0.012670530937612057,0.029279178008437157,0.0018919631838798523,0.0016862819902598858,,
2016-03-14 15:40:00,Richard,Nolan,NO Privatizing Social Security & Medicare,,0.1441112458705902,,0.0370161347091198,0.0919698104262352,0.6404338479042053,0.0775490328669548
2016-03-14 18:26:40,Jared,Huffman,Reaching across the aisle to get things done,,0.9278000593185425,0.009180880151689053,0.012988206930458546,0.02545768953859806,0.010615491308271885,
2016-03-14 18:26:40,Nydia,Velázquez,Velázquez E-Update ,0.2895675301551819,0.5886746048927307,0.0996464416384697,0.007525356952100992,,0.007429421879351139,
2016-03-15 11:06:40,Brian,Higgins,In and Around Lake Erie,0.30500873923301697,0.6303013563156128,0.020843373611569405,0.011729173362255096,,0.021667076274752617,
2016-03-15 11:06:40,Jim,Cooper,"Top 10 at 10: Tuesday, March 15",,0.0647638663649559,0.8085422515869141,0.049649253487586975,0.01800287328660488,0.050065409392118454,
2016-03-15 16:40:00,Kyrsten,Sinema,Serving Arizona Veterans,0.07508278638124466,0.8685468435287476,0.019703103229403496,,0.010442135855555534,0.014686397276818752,
2016-03-15 16:40:00,James,Himes,Negotiation is not weakness,,0.285099059343338,,0.027300147339701653,0.19561681151390076,0.11090496927499771,0.3743703365325928
2016-03-15 16:40:00,Beto,O’Rourke,Take a look at what we're doing,0.2052171677350998,0.7246066331863403,0.042580265551805496,0.011037424206733704,0.0066778818145394325,,
2016-03-15 22:13:20,Terri,Sewell,Guide to Grants Issue 256- March 15 2016,0.005252402275800705,0.9088689684867859,0.059335168451070786,0.009091137908399105,0.009813959710299969,,
2016-03-16 12:06:40,Al,Green,Houston Reps. Al Green and Gene Green Call for DOJ Investigation on Distribution of Voting Machines and Polling Stations ,,0.053953107446432114,,0.04286006838083267,0.037977129220962524,0.8405386209487915,0.012269845232367516
2016-03-16 12:06:40,Michael,Honda,BREAKING NEWS: President Obama Nominates Merrick Garland to the Supreme Court,0.04958362132310867,0.9202057123184204,0.015438441187143326,0.004050186835229397,0.0044123283587396145,,
2016-03-16 12:06:40,Jim,Cooper,"Top 10 at 10: Wednesday, March 16",,0.3747991621494293,0.08154668658971786,0.46067941188812256,0.024526607245206833,0.023368651047348976,
2016-03-16 12:06:40,Jerrold,Nadler,Leading the Defense of Reproductive Rights,0.014617331326007843,0.6464945077896118,,,0.1421329528093338,0.14685304462909698,0.03399330750107765
2016-03-16 14:53:20,Alma,Adams,Congressional Art Competition,0.31981807947158813,0.5880593657493591,0.05522247776389122,0.023327091708779335,0.005497048608958721,,
2016-03-16 14:53:20,Steny,Hoyer,Hoyer Invites Fifth District Students to Participate in Congressional Art Competition,0.015312664210796356,0.9128449559211731,0.013415692374110222,0.024018367752432823,,0.019809197634458542,
2016-03-16 17:40:00,Mark,Takai,"Thank You, Kapolei",0.08721831440925598,0.8422351479530334,0.05682104825973511,0.004570553079247475,0.004250531084835529,,
2016-03-16 17:40:00,George,Butterfield,Butterfield: Senators Burr and Tillis Must Demand Senate Majority Leader McConnell Give Supreme Court Nominee a Vote,,0.5202280282974243,0.015013918280601501,0.01501789316534996,0.03320670127868652,0.39512062072753906,
2016-03-16 17:40:00,Daniel,Kildee,Congressman Kildee wants to connect on Facebook,0.13020704686641693,0.7733445763587952,0.07167607545852661,0.010031495243310928,0.006951009389013052,,
2016-03-16 17:40:00,Debbie,Wasserman Schultz,The Supreme Court and Affordable Care Act,0.023831872269511223,0.02171403355896473,0.010228021070361137,0.9044241309165955,,0.02961578220129013,
2016-03-16 17:40:00,Alma,Adams,Fighting for Clean Air & Water ,,0.18499138951301575,,0.11249496042728424,0.1178281307220459,0.4114384949207306,0.15290722250938416
2016-03-16 23:13:20,Xavier,Becerra,Upcoming Events: Coffee with your Congressman and more,0.0398147888481617,0.907128095626831,0.029233694076538086,0.007100945338606834,,0.007856396026909351,
2016-03-17 13:06:40,Jim,Cooper,"Top 10 at 10: Thurday, March 17",,0.06132686883211136,0.0057822177186608315,0.009230618365108967,0.015510490164160728,0.9019745588302612,
2016-03-17 15:53:20,Ann,Kirkpatrick,SURVEY: Should Senate allow Supreme Court vacancy to be filled?,,0.8542577028274536,0.01703902892768383,0.038124166429042816,0.030992725864052773,0.042604655027389526,
2016-03-17 15:53:20,Donald,Beyer,Just the Facts,0.0036604611668735743,0.96159428358078,0.013896061107516289,0.009354664012789726,0.00494409492239356,,
2016-03-17 15:53:20,Janice,Schakowsky,District Update and My Latest Efforts to Protect Seniors,,0.0963616743683815,0.051068779081106186,0.5890280604362488,0.038232553750276566,0.17255808413028717,
2016-03-18 11:20:00,Alma,Adams,You're Invited!,0.1331871598958969,0.7100692391395569,0.11653558909893036,0.01926727220416069,,0.011059759184718132,
2016-03-18 14:06:40,Henry,Johnson,"Congressman Hank Johnson's E-Newsletter for March 18, 2016",0.3084481656551361,0.5241578221321106,,0.03754783421754837,0.04601126164197922,0.04759136587381363,
2016-03-18 14:06:40,David,Cicilline,Fighting to Protect Consumer Rights in Rhode Island,0.03158891201019287,0.39416736364364624,0.027687709778547287,0.4785163998603821,,0.0443580262362957,
2016-03-18 14:06:40,Patrick,Murphy,The Fight for Our Waterways Continues,0.05400164797902107,0.7754268050193787,,0.025996975600719452,0.05147000029683113,0.06725431233644485,
2016-03-18 16:53:20,Tulsi,Gabbard,You Choose!,0.0997384563088417,0.52681964635849,0.35298919677734375,0.005176054313778877,0.008513406850397587,,
2016-03-18 16:53:20,Alma,Adams,Remembering Earline Parmon,0.051643114537000656,0.22199730575084686,0.030617907643318176,0.6866018176078796,,,0.004210426472127438
2016-03-18 16:53:20,Charles,Rangel,"From Harlem, DC to Cuba",0.6908906698226929,0.11797001212835312,0.017385220155119896,0.15942952036857605,,0.005211839452385902,
2016-03-18 16:53:20,Emanuel,Cleaver,EC From DC: Responsibility,0.015490125864744186,0.9256870150566101,0.011416343972086906,0.016062581911683083,,0.019122576341032982,
2016-03-18 16:53:20,John,Larson,Something rare,,0.9586355090141296,0.007527566980570555,0.011215190403163433,0.005095480941236019,,0.009576340205967426
2016-03-18 16:53:20,Nancy,Pelosi,Do Your Job,,0.047971829771995544,0.02044794149696827,0.04795277863740921,0.29861998558044434,0.5780051350593567,
2016-03-18 19:40:00,Michael,Capuano,E-Update Rep. Capuano,0.016264040023088455,0.8834965229034424,,0.027047377079725266,0.03438311070203781,,0.021388249471783638
2016-03-18 19:40:00,Steve,Cohen,Traveling to Cuba with President Obama,0.7596449255943298,0.17710496485233307,0.03593488037586212,0.013449696823954582,,0.00806829147040844,
2016-03-18 19:40:00,Joe,Courtney,Making sure veterans of the Women Airforce Service Pilots can be laid to rest at Arlington National Cemetery,0.8696470856666565,0.07018020749092102,0.04819560423493385,0.007188310381025076,0.0024483082816004753,,
2016-03-18 22:26:40,Gregorio,Sablan,"e-Newsletter - Friday, March 18, 2016",0.07374270260334015,0.4716670513153076,0.03599946200847626,0.0417218953371048,,0.36151736974716187,
2016-03-18 22:26:40,Collin,Peterson,Rep. Peterson's Newsletter 3-18-2016,0.8193564414978027,0.12637975811958313,0.04064306616783142,0.007819747552275658,0.0030999397858977318,,
2016-03-19 12:20:00,Henry,Cuellar,Congressman Henry Cuellar's Congressional Report for March 19,0.13127534091472626,0.7710342407226562,0.0458969809114933,0.023108283057808876,,0.013317951932549477,
2016-03-19 12:20:00,Jackie,Speier,Jackie's Reading Picks,,0.16308018565177917,0.10264382511377335,0.07615422457456589,0.1296052783727646,0.5074558258056641,
2016-03-20 13:20:00,Joaquin,Castro,Capitol Hill Update from Congressman Castro,0.0035099717788398266,0.044043734669685364,,0.0032932122703641653,0.0033477263059467077,0.940826952457428,
2016-03-20 16:06:40,Diana,DeGette,One Step Closer to the President's Desk,0.013141206465661526,0.875045895576477,0.021458864212036133,0.01928110048174858,,0.05706547573208809,
2016-03-21 06:00:00,Alma,Adams,You're Invited! RSVP Today!,0.12134582549333572,0.6999066472053528,0.14118756353855133,0.021038521081209183,,0.008154801093041897,
2016-03-21 11:33:20,Nita,Lowey,News from Nita: Fighting for Residents in the Lower Hudson Valley,0.049632083624601364,0.1286570131778717,,0.04117084667086601,0.045742884278297424,0.7249599695205688,
2016-03-21 11:33:20,Richard,Nolan,Trip to Cuba: It's Historic!,0.9603792428970337,0.017885977402329445,0.01478416658937931,0.0033188469242304564,0.0018752978648990393,,
2016-03-21 11:33:20,Jim,Cooper,"Top 10 at 10: Monday, March 22",,0.6229151487350464,0.051512543112039566,0.02570023015141487,0.14808355271816254,0.12032929062843323,
2016-03-21 11:33:20,Alan,Lowenthal,"Congressman Lowenthal eNewsletter 'The 47th Flyer' - March 21, 2016 - Cambodia Caucus, Offshore Drilling, Public Lands",0.5394949316978455,0.25339624285697937,0.023944495245814323,,0.16181308031082153,,0.01096873264759779
2016-03-21 14:20:00,George,Butterfield,Heard It First: March 14-18,0.017493287101387978,0.2620881497859955,0.04648705944418907,0.41441968083381653,,0.22758230566978455,
2016-03-21 14:20:00,Derek,Kilmer,Oh Canada,0.09708309918642044,0.44830310344696045,0.034680355340242386,0.353394478559494,,0.033244241029024124,
2016-03-21 14:20:00,Al,Green,Congressman Al Green Travels to Cuba on Official Presidential Trip,0.035452064126729965,0.8699526190757751,0.03847462683916092,0.024365577846765518,,0.02314850129187107,
2016-03-21 17:06:40,Karen,Bass,"Join me for a film screening of ""Making a Killing: Guns, Greed, and The NRA"" and a discussion about how we can end gun violence",0.0983554869890213,0.7564362287521362,0.03681095317006111,0.023328090086579323,,0.06893374025821686,
2016-03-21 19:53:20,Raul,Ruiz,My Visit to the Twentynine Palms Marine Corps Base,0.016870591789484024,0.7067126035690308,0.11325348168611526,,0.011364595033228397,0.13554207980632782,
2016-03-22 09:46:40,Alma,Adams,You're Invited! RSVP Today!,0.12134582549333572,0.6999066472053528,0.14118756353855133,0.021038521081209183,,0.008154801093041897,
2016-03-22 12:33:20,Paul,Tonko,"Federal Grant Opportunities - March 22, 2016",0.008018284104764462,0.9392817616462708,0.0249182041734457,0.011452794075012207,0.007153242826461792,,
2016-03-22 12:33:20,Suzan,DelBene,A quick update,,0.09478168189525604,0.0034546314273029566,0.011310083791613579,0.004025504924356937,0.8805199861526489,
2016-03-22 15:20:00,Ruben,Gallego,Congressman Gallego's March Update,0.010522235184907913,0.12106619775295258,0.010526234284043312,,0.2837368845939636,0.5600868463516235,
2016-03-22 18:06:40,Michelle,Lujan Grisham,E-Newsletter: Congressional Workshop,0.026496918871998787,0.6312636733055115,0.021813837811350822,0.010520126670598984,,0.30145612359046936,
2016-03-22 18:06:40,Daniel,Kildee,Confirm Congressman Kildee's friend request,0.13020704686641693,0.7733445763587952,0.07167607545852661,0.010031495243310928,0.006951009389013052,,
2016-03-22 18:06:40,Eleanor,Norton,"e-Newsletter-Tuesday, March 22, 2016",0.8295499086380005,0.12313422560691833,0.02566376142203808,0.009227264672517776,0.008731967769563198,,
2016-03-22 18:06:40,Ami,Bera,A tragic day:,,0.008052611723542213,,0.025207895785570145,0.0058253174647688866,0.9552627205848694,0.003084732685238123
2016-03-22 20:53:20,Barbara,Lee,Flying back from Cuba,0.8569549918174744,0.108745276927948,0.018837418407201767,0.00422837445512414,,0.005415700376033783,
2016-03-22 23:40:00,Terri,Sewell,Guide to Grants Issue 257- March 22 2016,,0.9091857671737671,0.05826374143362045,0.008733440190553665,0.010023157112300396,,0.005549706518650055
2016-03-23 08:00:00,Lois,Capps,Older Americans Act,0.06908207386732101,0.10944529622793198,0.03769633546471596,0.7721394300460815,,0.005491708870977163,
2016-03-23 10:46:40,Pete,Aguilar,Do you know any artistic students?,0.08525025844573975,0.8814725875854492,0.018480414524674416,0.0048735905438661575,0.005036335904151201,,
2016-03-23 10:46:40,Adam,Schiff,Do you think this Supreme Court nominee should be considered and voted on by the U.S. Senate? ,0.02860911376774311,0.9103330373764038,0.023177675902843475,0.01735098659992218,,0.009722652845084667,
2016-03-23 10:46:40,Jim,Cooper,"Top 10 at 10: Wednesday, March 23",,0.8251993656158447,0.08072733134031296,0.023675959557294846,0.013740258291363716,0.04204366356134415,
2016-03-23 13:33:20,Debbie,Wasserman Schultz,Six Years of Saving Lives,,0.9030183553695679,0.009436774998903275,0.025685930624604225,0.014620242640376091,0.036607686430215836,
2016-03-23 13:33:20,Nancy,Pelosi,The Affordable Care Act: Six Years Later,0.10350549221038818,,0.006087508983910084,0.0059136939235031605,0.006582696922123432,0.8716961145401001,
2016-03-23 16:20:00,Al,Green,Congressmen Al Green and Emanuel Cleaver Advocate for Funding of Police Body-Worn Camera Programs,0.024963349103927612,0.8770768046379089,,0.023992624133825302,0.029082756489515305,0.027014203369617462,
2016-03-23 16:20:00,Jerrold,Nadler,Follow Me on Twitter,0.11155202239751816,0.7140104174613953,0.1430814564228058,0.012867101468145847,0.009115864522755146,,
2016-03-23 19:06:40,Xavier,Becerra,A Message from Congressman Xavier Becerra,0.01058818120509386,0.7926854491233826,0.05184408277273178,0.10426224023103714,,0.029131943359971046,
2016-03-23 19:06:40,Mark,Takai,two bills,0.2936340570449829,0.5163233280181885,0.11233649402856827,0.0595405176281929,,0.009429900906980038,
2016-03-23 19:06:40,Steve,Cohen,Congress On Your Corner Tomorrow,,0.3604671359062195,0.008194820024073124,0.011331740766763687,0.00708702951669693,0.6028041243553162,
2016-03-24 09:00:00,David,Cicilline,Happy Easter!,0.6998105049133301,0.24896930158138275,0.029515894129872322,0.015138556249439716,0.002705610590055585,,
2016-03-24 11:46:40,Mike,Quigley,A Fair Hearing,,0.8226311206817627,0.008331726305186749,0.008088364265859127,0.024414505809545517,0.12426360696554184,
2016-03-24 14:33:20,Joe,Courtney,Encouraging all eastern Connecticut residents to be on alert for tax scams targeting personal information and money,,0.028969021514058113,0.010751252062618732,0.0037587268743664026,0.01252615638077259,0.9401950240135193,
2016-03-24 14:33:20,Joe,Courtney,Renewing the promise of the 'Older Americans Act',0.02873949334025383,0.8958151936531067,0.028672611340880394,0.024976182729005814,,0.007805998437106609,
2016-03-24 14:33:20,Elizabeth,Esty,Overcoming barriers for our future,0.09123437851667404,0.8443161249160767,0.04172166436910629,,0.008728430606424809,,0.006013826467096806
2016-03-24 14:33:20,Filemon,Vela,A Special Update from Congressman Filemon Vela,0.15055015683174133,0.7601544260978699,0.0578547902405262,0.012326814234256744,,0.010434165596961975,
2016-03-24 14:33:20,Ann,Kuster,Should the Supreme Court vacancy be filled this year?,0.024505244567990303,0.9306288957595825,0.02522384189069271,0.006500822026282549,,0.0056494553573429585,
2016-03-24 14:33:20,Al,Green,Congressman Al Green Recognizes the Sixth Anniversary of the Affordable Care Act,0.13487312197685242,0.1887822449207306,0.09048651903867722,0.5316499471664429,,0.044549159705638885,
2016-03-24 17:20:00,Ed,Perlmutter,Progress,0.00988682359457016,0.8085929751396179,,,0.06735508888959885,0.09174209833145142,0.01002983096987009
2016-03-24 17:20:00,Daniel,Lipinski,Congressman Lipinski Invites Third District High School Student to Submit Artwork,0.031038686633110046,0.7616134881973267,0.10259145498275757,0.03952737897634506,,0.05018771439790726,
2016-03-24 17:20:00,Xavier,Becerra,Los Angeles: Help us prepare for the 2020 Census,0.017739996314048767,0.9202622175216675,0.019221602007746696,,0.008977029472589493,0.023658614605665207,
2016-03-24 17:20:00,Nancy,Pelosi,Six Years Later,0.209791898727417,0.025564920157194138,,0.21473190188407898,0.052314624190330505,0.47621357440948486,
2016-03-24 17:20:00,Donald,Beyer,Just the Facts,,0.4584335684776306,,0.012140637263655663,0.25316524505615234,0.04748958721756935,0.21725599467754364
2016-03-24 17:20:00,Mark,DeSaulnier,By the Numbers: Income Inequality ,0.02483280934393406,0.7574802041053772,0.11941332370042801,,0.04429076611995697,0.03774221986532211,
2016-03-24 20:06:40,Karen,Bass,Free film screening Monday,0.07169003039598465,0.5876756310462952,0.062039077281951904,0.05515383556485176,,0.20462577044963837,
2016-03-24 20:06:40,Mark,Takai,You're Invited: March 30th College Prep Workshop,0.04446414113044739,0.8774335980415344,0.06111402064561844,0.0061396523378789425,,0.004641330800950527,
2016-03-25 10:00:00,Charles,Rangel,Time for Renewal,0.9199177026748657,0.05167628079652786,0.016701219603419304,0.007574462331831455,0.0016552753513678908,,
2016-03-25 12:46:40,André,Carson,Addressing our Food Desert Crisis,0.0073365988209843636,0.2812570631504059,0.06832995265722275,0.6152028441429138,,0.020281696692109108,
2016-03-25 12:46:40,Niki,Tsongas,Congress in your Inbox,0.042572878301143646,0.9048851132392883,0.02040794864296913,0.0170914214104414,,0.006813177838921547,
2016-03-25 12:46:40,Jim,Cooper,"Top 10 at 10: Friday, March 25",0.0038833962753415108,0.011885457672178745,0.0568336583673954,0.9177786707878113,,0.007020021788775921,
2016-03-25 12:46:40,Steve,Cohen,Joining President Obama's Historic Trip to Cuba,0.92484450340271,0.0384114645421505,0.014867587015032768,0.009571528062224388,,0.008925232104957104,
2016-03-25 18:20:00,Tulsi,Gabbard,Your Right To Know,0.019359299913048744,0.8513692617416382,,0.024473819881677628,0.04529782757163048,,0.030370337888598442
2016-03-25 18:20:00,Michael,Capuano,E-Update Rep. Capuano,0.06326723843812943,0.04750044643878937,,0.1771516650915146,0.014721646904945374,0.6828614473342896,
2016-03-25 18:20:00,Alan,Lowenthal,"Congressman Lowenthal eNewsletter 'The 47th Flyer' - March 25 - Brussels Attacks, Education Funding, Capitol Dome",,0.00492215296253562,0.16555260121822357,0.009617303498089314,0.004944246262311935,0.8106846213340759,
2016-03-25 21:06:40,Collin,Peterson,Rep. Peterson's Newsletter 3/25/2016,0.5339715480804443,0.3028582036495209,0.05333118140697479,0.07382306456565857,,0.02920074388384819,
2016-03-25 21:06:40,Gregorio,Sablan,"e-Newsletter - Friday, March 25, 2016",0.21134768426418304,0.5794802904129028,0.09192003309726715,0.0156914833933115,,0.08834926038980484,
2016-03-26 11:00:00,Jackie,Speier,Jackie's Reading Picks,0.05197773873806,0.31046417355537415,0.05613677203655243,,0.08498794585466385,0.4796602725982666,
2016-03-26 11:00:00,Henry,Cuellar,Congressman Henry Cuellar's Congressional Report for March 26,,0.016075465828180313,,0.04544757306575775,0.00633211387321353,0.9236961007118225,0.003907590173184872
2016-03-26 19:20:00,Raul,Ruiz,Celebrating the Successes of Women,0.008163557387888432,0.9584464430809021,0.009676637127995491,0.011136972345411777,,0.005886291153728962,
2016-03-27 09:13:20,Gwen,Moore,Happy Easter!,0.6170626878738403,0.32705157995224,0.03695254027843475,0.010704662650823593,0.004216206260025501,,
2016-03-27 12:00:00,Joaquin,Castro,Capitol Hill Update from Congressman Castro,0.013244466856122017,0.08115635812282562,0.008149647153913975,0.07877665013074875,,0.8106158375740051,
2016-03-27 17:33:20,Diana,DeGette,Keeping Drinking Water Safe in Our Community,,0.7201665639877319,0.021567296236753464,0.016940055415034294,0.015140408650040627,0.2121070772409439,
2016-03-28 10:13:20,Jim,Cooper,"Top 10 at 10: Monday, March 28",,0.7521390318870544,0.0606427863240242,0.034658461809158325,0.09818923473358154,0.03274070471525192,
2016-03-28 10:13:20,Donald,Payne,"The Backgrounder Podcast: Payne, Jr. Talks Water Crisis, Terrorists' Smartphones, His Late Father, and More",0.01557347271591425,0.7886566519737244,0.03325343504548073,0.0542667955160141,,0.09110648930072784,
2016-03-28 13:00:00,Gregory,Meeks,March Survey,,0.7190239429473877,0.020650094375014305,0.06488154828548431,0.03204280510544777,0.1467435657978058,
2016-03-28 15:46:40,Elijah,Cummings,19th Annual Job Fair,0.07341800630092621,0.8511965274810791,0.04961347579956055,0.008438336662948132,,0.00805938895791769,
2016-03-28 18:33:20,Beto,O’Rourke,Weekend plans? ,0.15001319348812103,0.7464560270309448,0.052958592772483826,,0.014455561526119709,0.023681296035647392,
2016-03-28 18:33:20,Richard,Nolan,Returning from Cuba,0.6163249611854553,0.29464906454086304,0.03568306192755699,0.006754518952220678,,0.0373847521841526,
2016-03-28 18:33:20,Eleanor,Norton,"e-Newsletter-Monday, March 28, 2016",0.12161707878112793,0.8131614923477173,0.020189549773931503,,0.030031733214855194,,0.007127504795789719
2016-03-29 00:06:40,Terri,Sewell,Guide to Grants Issue 258- March 28 2016,,0.9031088948249817,0.06552626192569733,0.009076019749045372,0.009634763933718204,,0.00506972149014473
2016-03-29 11:13:20,Jerrold,Nadler,Fighting to Preserve America's Moral Obligation to Aid Those Fleeing Persecution,,0.1581847369670868,,0.14966417849063873,0.12022320926189423,0.3929583728313446,0.16652368009090424
2016-03-29 11:13:20,John,Carney,Serving Our Veterans,0.019521666690707207,0.9190672636032104,0.025758933275938034,0.020610444247722626,,0.007511229254305363,
2016-03-29 11:13:20,Ed,Perlmutter,"ICYMI: Legislative Update, Upcoming Events & Mars",0.00988682359457016,0.8085929751396179,,,0.06735508888959885,0.09174209833145142,0.01002983096987009
2016-03-29 11:13:20,Jim,Cooper,"Top 10 at 10: Tuesday, March 29",,0.825571596622467,0.05418280139565468,0.0298296045511961,0.015891170129179955,0.057757120579481125,
2016-03-29 14:00:00,Nita,Lowey,News from Nita: Working for Residents in the Lower Hudson Valley,0.011354711838066578,0.01989874616265297,,0.03214488551020622,0.012378786690533161,0.9108232855796814,
2016-03-29 14:00:00,Ann,Kirkpatrick,Here are the survey results (Supreme Court vacancy),,0.8884370923042297,0.024906722828745842,0.03815356269478798,0.013871287927031517,0.024637119844555855,
2016-03-29 14:00:00,Joyce,Beatty,"Please Join Congresswoman Joyce Beatty for her State of the District and Town Hall Meeting on Tuesday, May 3rd at 6:00PM",0.06543043255805969,0.8417903184890747,0.06244088336825371,0.010985116474330425,,0.010742287151515484,
2016-03-29 16:46:40,Adam,Schiff,Vote for Your Favorite Piece of Student Art!,0.04799181595444679,0.8832477331161499,0.03826337680220604,0.011464971117675304,0.009734812192618847,,
2016-03-29 16:46:40,Al,Green,Congressman Al Green Salutes the NCAA's Final Four Legacy and Revitalization Dedication of the Jim and Barbara Morefield Boys and Girls Club,0.06553716212511063,0.8561400175094604,0.020187288522720337,0.03339676186442375,,0.010067716240882874,
2016-03-29 16:46:40,Al,Green,Congressman Al Green Speaks at the Michael E. DeBakey VA Medical Center's Vietnam War 50th Anniversary Commemoration Ceremony,0.03033875674009323,0.8847482800483704,0.024104278534650803,0.0324234701693058,,0.01725863106548786,
2016-03-29 16:46:40,Sean,Maloney,SCOTUS,0.005494444165378809,0.9531155228614807,0.015429925173521042,0.010387344285845757,0.0068504586815834045,,
2016-03-29 19:33:20,Scott,Peters,Update on San Diego Priorities,,0.008154154755175114,0.010077809914946556,0.0172916017472744,0.6676447987556458,0.29284876585006714,
2016-03-29 19:33:20,Nydia,Velázquez,Velázquez E-Update ,0.016654012724757195,0.8792423009872437,0.02041935920715332,0.03615660220384598,,0.03171578794717789,
2016-03-30 01:06:40,Mark,Takai,"College Prep Workshop tomorrow, March 30th",0.044248562306165695,0.8766394257545471,0.06142154335975647,0.00628966698423028,,0.004974920768290758,
2016-03-30 09:26:40,George,Butterfield,You're Invited: State of the District Address,0.16324728727340698,0.7481219172477722,0.06201878935098648,0.008735048584640026,,0.008725244551897049,
2016-03-30 12:13:20,Jim,Cooper,"Top 10 at 10: Wednesday, March 30",,0.615497887134552,0.08726911246776581,0.018690265715122223,0.0270755086094141,0.2285430133342743,
2016-03-30 15:00:00,Patrick,Murphy,Caring for our seniors,0.12867596745491028,0.7895601391792297,,0.02721625752747059,0.010719317942857742,0.030293801799416542,
2016-03-30 15:00:00,Alma,Adams,Tax Season is Almost Over,0.013405149802565575,0.9260312914848328,0.012896507047116756,0.0204610712826252,,0.019098276272416115,
2016-03-30 17:46:40,Sean,Maloney,SCOTUS,0.005494444165378809,0.9531155228614807,0.015429925173521042,0.010387344285845757,0.0068504586815834045,,
2016-03-30 17:46:40,José,Serrano,"The Serrano Report - March 30, 2016",0.032549455761909485,0.8451147079467773,,0.028892790898680687,0.025842640548944473,0.04664665833115578,
2016-03-30 17:46:40,Chris,Van Hollen,"Protecting women's healthcare, combating opioid abuse, and more",0.08149906992912292,0.10294254124164581,,0.08068624883890152,0.23496051132678986,0.4365992248058319,
2016-03-30 17:46:40,Ami,Bera,real quick: ,0.8748843669891357,0.06837241351604462,0.04236384481191635,0.008065782487392426,0.0029328353703022003,,
2016-03-30 17:46:40,Mark,Takai,RIMPAC,,0.588358998298645,0.016053516417741776,0.013266493566334248,0.2551751136779785,0.10448326170444489,
2016-03-30 20:33:20,Grace,Meng,"Planes, Trains, and Automobiles",0.1554827243089676,0.7438853979110718,,0.018397744745016098,0.01633291319012642,0.046704865992069244,
2016-03-31 10:26:40,Tammy,Duckworth,Helping Eighth District Residents Receive the Tax Refunds They Deserve,0.00827208161354065,0.12403039634227753,0.005395330023020506,0.006194666959345341,,0.8488438725471497,
2016-03-31 13:13:20,Alma,Adams,Congressional Art Competition,0.31981807947158813,0.5880593657493591,0.05522247776389122,0.023327091708779335,0.005497048608958721,,
2016-03-31 13:13:20,Raul,Ruiz,The Legacy of César Chávez,0.30046603083610535,0.625273585319519,0.013083319179713726,,0.02042233943939209,0.022474564611911774,
2016-03-31 16:00:00,Suzan,DelBene,A quick update,,0.039705727249383926,0.0036800464149564505,0.00943126529455185,0.004155841190367937,0.9398381114006042,
2016-03-31 16:00:00,Alma,Adams,REMINDER: Jobs & Workforce Development Fair,,0.9223282933235168,0.0513007678091526,0.010063959285616875,0.006304451264441013,0.004677927121520042,
2016-03-31 16:00:00,Donald,Beyer,Just the Facts,,0.8972684144973755,0.01376096811145544,,0.044715605676174164,0.014220668002963066,0.013290063478052616
2016-03-31 16:00:00,Niki,Tsongas,You're Invited!,0.02278122678399086,0.9157961010932922,0.026934171095490456,0.01188206858932972,,0.01128328312188387,
2016-03-31 16:00:00,Ann,Kuster,Supporting our Law Enforcement,,0.29238492250442505,,0.06703342497348785,0.0657927542924881,0.5425618290901184,0.013262856751680374
2016-03-31 18:46:40,Susan,Davis,News from Congresswoman Susan Davis,0.4375424385070801,0.4108979403972626,0.05340919643640518,0.0810091570019722,0.010220374912023544,,
2016-03-31 18:46:40,Suzanne,Bonamici,Bonamici Bulletin,0.3684806525707245,0.4615932106971741,0.10143833607435226,0.038369011133909225,,0.018123626708984375,
2016-03-31 18:46:40,Marc,Veasey,Marc's Memo - March 2016 Updates ,,0.3338596224784851,,0.12732315063476562,0.3414771258831024,0.05163976177573204,0.1278962790966034
2016-03-31 18:46:40,Bill,Pascrell,"A Letter from Congressman Bill Pascrell, Jr.",,0.1834777295589447,,0.12952330708503723,0.49634677171707153,0.10651043802499771,0.07214584201574326
2016-03-31 18:46:40,Judy,Chu,March Newsletter - Rep. Judy Chu,0.8724400401115417,0.08963509649038315,0.02585267834365368,0.004163202363997698,0.004495055880397558,,
2016-03-31 18:46:40,John,Delaney,Supporting our Seniors,0.01901056431233883,0.9278368353843689,0.010542331263422966,0.017193123698234558,,0.015780892223119736,
2016-03-31 21:33:20,Michael,Honda,March Grants eUpdate,0.007096739485859871,0.9533427953720093,0.013824166730046272,0.006986341904848814,,0.010961981490254402,
2016-04-01 11:26:40,David,Cicilline,2016 Congressional Art Competition,0.34865477681159973,0.11228714883327484,0.055311281234025955,,0.009274943731725216,0.4625878632068634,
2016-04-01 11:26:40,Elizabeth,Esty,Join me at one of my upcoming town halls!,0.21483030915260315,0.7096205353736877,0.0451241210103035,0.012708297930657864,,0.009335794486105442,
2016-04-01 11:26:40,Jim,Cooper,"Top 10 at 10: Friday, April 1",,0.9018563628196716,0.07149635255336761,0.006793851498514414,0.005133930128067732,0.0073034618981182575,
2016-04-01 14:13:20,David,Loebsack,DEADLINE APPROACHING,0.06204427778720856,0.8703914284706116,0.05008126422762871,0.006673228926956654,0.005766953807324171,,
2016-04-01 14:13:20,Beto,O’Rourke,Reminder: Weekend plans? ,0.1492142528295517,0.7319730520248413,0.07157804816961288,,0.011319873854517937,0.022303849458694458,
2016-04-01 14:13:20,Brad,Sherman,Town Hall Meeting This Sunday Granada Hills,0.04213541001081467,0.8448688387870789,0.01854599267244339,0.02752314694225788,,0.044825758785009384,
2016-04-01 17:00:00,Steve,Cohen,Commending Presidential Commutations for Non-Violent Drug Offenders,0.5711888074874878,0.3335692882537842,0.03317135572433472,0.0400715172290802,0.012236050330102444,,
2016-04-01 17:00:00,Charles,Rangel,March Madness & Free Tax File,0.2776029109954834,0.6327763199806213,0.052005842328071594,0.027932122349739075,0.004651043564081192,,
2016-04-01 17:00:00,Collin,Peterson,Rep. Peterson's Newsletter 4/1/2016,0.15613828599452972,0.6094550490379333,0.1012624204158783,0.10686007142066956,,0.016053814440965652,
2016-04-01 17:00:00,Joe,Courtney,Major announcement promises a bright future for eastern Connecticut and Electric Boat,0.14607495069503784,0.4069663882255554,0.12974612414836884,0.009967118501663208,,0.29330170154571533,
2016-04-01 17:00:00,André,Carson,Opportunities for our Kids,0.1117970421910286,0.8172942996025085,0.05252641811966896,0.006350260693579912,0.005448649171739817,,
2016-04-01 17:00:00,Nancy,Pelosi,Sí Se Puede,0.006179079879075289,0.005366869270801544,,0.03149796649813652,0.018956167623400688,0.9357814788818359,
2016-04-01 19:46:40,Gwen,Moore,Local Groups Call for Justice | Walker Policies Hurting WI,0.003401773748919368,0.024434763938188553,0.008465250954031944,0.9534189701080322,,0.004964655730873346,
2016-04-01 19:46:40,Xavier,Becerra,"Upcoming Events: Citizenship Workshop, Community Office Hours",0.015116164460778236,0.9213123321533203,0.033680301159620285,0.011975320056080818,,0.011123024858534336,
2016-04-01 19:46:40,Michael,Capuano,E-Update Rep. Capuano,0.11169171333312988,0.8185625076293945,0.046472031623125076,0.013272522948682308,0.005396902095526457,,
2016-04-01 22:33:20,Gregorio,Sablan,"e-Newsletter - Friday, April 1, 2016",0.5360485315322876,0.3662888705730438,0.08072603493928909,0.007185822352766991,0.0055849007330834866,,
2016-04-02 06:53:20,Debbie,Dingell,Serving our Veterans as well as they served us,0.1471620500087738,0.8048229217529297,0.025079287588596344,0.008237221278250217,0.0077072130516171455,,
2016-04-02 09:40:00,Jackie,Speier,Jackie's Reading Picks,0.10026871412992477,0.8374422788619995,0.04086574539542198,0.007921041920781136,0.00483618164435029,,
2016-04-02 12:26:40,Grace,Napolitano,Napolitano News: IRS Scam,,0.2058173269033432,,0.01047180499881506,0.02086218073964119,0.7469616532325745,0.005806861445307732
2016-04-02 12:26:40,Henry,Cuellar,Congressman Henry Cuellar's Congressional Report for April 2,,0.021576717495918274,,0.05558333545923233,0.011209816671907902,0.8663060665130615,0.03458954021334648
2016-04-03 16:13:20,Alma,Adams,REMINDER: Jobs & Workforce Development Fair,,0.9223282933235168,0.0513007678091526,0.010063959285616875,0.006304451264441013,0.004677927121520042,
2016-04-03 16:13:20,Barbara,Lee,Invite: Join Rep. Lee for a Special Forum on Voting Rights,,0.9434139728546143,0.026274818927049637,0.011926289647817612,,0.005726947914808989,0.0056409891694784164
2016-04-04 06:06:40,Alma,Adams,REMINDER: Jobs & Workforce Development Fair,,0.9223282933235168,0.0513007678091526,0.010063959285616875,0.006304451264441013,0.004677927121520042,
2016-04-04 11:40:00,Ami,Bera,An important issue for all of us:,,0.0661495104432106,,0.036448296159505844,0.014955980703234673,0.8280314803123474,0.04097582399845123
2016-04-04 11:40:00,Carolyn,Maloney,US Economy Grows Better Under Democrats,0.012360651977360249,0.8901652097702026,0.0683150514960289,0.019209833815693855,0.004727572668343782,,
2016-04-04 11:40:00,Chaka,Fattah,Capitol Hill Update - April ,0.025468572974205017,0.894698977470398,0.030700698494911194,0.027765080332756042,,0.01398551743477583,
2016-04-04 11:40:00,Sander,Levin,Congress Moves to Combat Opioid and Heroin Abuse Epidemic,,0.24307771027088165,,0.34711208939552307,0.2491329461336136,0.033598642796278,0.11385137587785721
2016-04-04 11:40:00,Bill,Foster,Announcing the 2016 Congressional Art Competition,0.03553624451160431,0.6473375558853149,0.29186731576919556,,0.010089653544127941,,0.0064449068158864975
2016-04-04 14:26:40,James,Langevin,Putting Constituents First,0.19688165187835693,0.4464541971683502,0.1027241200208664,,0.03437431901693344,0.209120512008667,
2016-04-04 14:26:40,Derek,Kilmer,A big week for our family!,0.11325421184301376,0.26381105184555054,0.2513144314289093,0.35899975895881653,,,0.004661325830966234
2016-04-04 17:13:20,Alma,Adams,Women's History Month,0.08770117908716202,0.299363374710083,0.0496477335691452,0.04353189095854759,,0.5029088258743286,
2016-04-04 17:13:20,Richard,Nolan,Older Americans Act passes,0.2523396611213684,0.4047549068927765,,0.04516233503818512,0.012361987493932247,0.2663761079311371,
2016-04-04 17:13:20,Terri,Sewell,Guide to Grants Issue 259- April 4 2016,0.006250421516597271,0.8996626138687134,0.06887553632259369,0.009310686029493809,0.009014192968606949,,
2016-04-04 20:00:00,Adam,Smith,Congressman Smith Telephone Town Halls April 5th and April 7th,0.016177121549844742,0.9376468658447266,0.01907711662352085,0.0066772266291081905,,0.011627906002104282,
2016-04-05 07:06:40,Daniel,Lipinski,Time Running Out on Great Opportunity for High School Students,0.02460743859410286,0.8452123403549194,0.06582093238830566,0.032892774790525436,,0.021673884242773056,
2016-04-05 09:53:20,Jim,Cooper,"Top 10 at 10: Tuesday, April 5",0.019814640283584595,0.915252149105072,0.03597383201122284,,0.00867383275181055,0.01297038048505783,
2016-04-05 09:53:20,Alma,Adams,TODAY: Jobs & Workforce Development Fair,0.44582024216651917,0.3269757628440857,0.17839156091213226,,0.013037334196269512,0.019472287967801094,
2016-04-05 09:53:20,Joyce,Beatty,"Please Join Congresswoman Joyce Beatty for her State of the District and Town Hall Meeting on Tuesday, May 3rd at 6:00PM",0.06543043255805969,0.8417903184890747,0.06244088336825371,0.010985116474330425,,0.010742287151515484,
2016-04-05 12:40:00,Peter,Visclosky,Visclosky Update on Actions to Protect American Steel Companies and Steelworkers,0.01139461062848568,0.9550859928131104,0.006381016690284014,,0.01289395522326231,0.005005165934562683,
2016-04-05 12:40:00,Brian,Higgins,Happening this Month ,0.08877990394830704,0.20755966007709503,0.01779390126466751,0.013721764087677002,,0.6658733487129211,
2016-04-05 12:40:00,Adam,Schiff,Vote for Your Favorite Piece of Student Art!,0.04799181595444679,0.8832477331161499,0.03826337680220604,0.011464971117675304,0.009734812192618847,,
2016-04-05 12:40:00,Pete,Aguilar,Last Call!,0.017128529027104378,0.9383454918861389,0.030828313902020454,0.007382408250123262,0.0030462625436484814,,
2016-04-05 15:26:40,Alcee,Hastings,The Hastings Monthly Report - April 2016,,0.9007858633995056,0.01050356961786747,0.01784854754805565,0.024332046508789062,0.03404918313026428,
2016-04-05 15:26:40,Donald,Beyer,RSVP Today - Human Trafficking Awareness Conference,,0.8306505680084229,0.05324624106287956,0.035741064697504044,0.009319462813436985,0.06315475702285767,
2016-04-05 15:26:40,Paul,Tonko,"Federal Grant Opportunities - April 5, 2016",0.013638816773891449,0.9401132464408875,0.025409558787941933,0.007713082246482372,,0.006802069488912821,
2016-04-05 15:26:40,Seth,Moulton,Hope this newsletter finds you well,0.7451278567314148,0.15242330729961395,0.08814749121665955,0.005144336726516485,0.004224173258990049,,
2016-04-05 18:13:20,Suzanne,Bonamici,Join Me for a Town Hall Meeting!,0.04306682571768761,0.8830773830413818,0.04791741445660591,0.009329695254564285,0.007299909833818674,,
2016-04-05 18:13:20,Al,Green,Congressman Al Green Participates in the Groundbreaking Ceremony for the New Location of the Catholic Health Initiative St. Luke's Health-Baylor St. Luke's Medical Center,0.060868039727211,0.8716826438903809,0.03716681897640228,0.01181687694042921,,0.011129580438137054,
2016-04-05 21:00:00,Eleanor,Norton,"e-Newsletter-Tuesday, April 5, 2016",0.42855361104011536,0.4922310709953308,0.0514148473739624,0.006261036265641451,0.014235708862543106,,
2016-04-06 10:53:20,Katherine,Clark,Grants E-Newsletter: April 6,0.04627913609147072,0.9026603102684021,0.03281471133232117,,0.007244427222758532,0.004961420316249132,
2016-04-06 10:53:20,Debbie,Wasserman Schultz,Forgot to do their homework,,0.6964563727378845,0.02669885754585266,0.20877543091773987,0.016179263591766357,0.03631022199988365,
2016-04-06 10:53:20,Donald,Payne,Donald's Dispatch: March 2016 - Protecting Children from Lead,0.26072973012924194,0.29272446036338806,,0.2562226355075836,0.08519972115755081,0.06457776576280594,
2016-04-06 10:53:20,Jim,Cooper,"Top 10 at 10: Wednesday, April 6",,0.7213760018348694,0.04291138797998428,0.029064565896987915,0.026053844019770622,0.1620255559682846,
2016-04-06 13:40:00,Suzan,DelBene,A quick update,,0.9243847131729126,0.00765371834859252,0.03344738855957985,0.008678457699716091,0.015775304287672043,
2016-04-06 16:26:40,Michelle,Lujan Grisham,ENewsletter: Warrior Workshop,0.034027859568595886,0.5448311567306519,0.015567817725241184,0.01093263365328312,,0.3848443329334259,
2016-04-06 16:26:40,Henry,Johnson,"Congressman Hank Johnson's E-Newsletter for April 6, 2016",,0.5646628141403198,,0.03607819229364395,0.32360371947288513,0.03365261107683182,0.02340847998857498
2016-04-06 19:13:20,Bobby,Rush,From the Office of Congressman Bobby L. Rush,0.09880775958299637,0.8376282453536987,0.03450199216604233,0.01656290516257286,0.006793396547436714,,
2016-04-06 19:13:20,Mark,Takai,Fit to Fight,0.08891676366329193,0.19540342688560486,0.683822751045227,,0.006941232364624739,0.01931021735072136,
2016-04-07 11:53:20,Robin,Kelly,Rep. Robin Kelly's First Quarter Update,0.2992855906486511,0.6280588507652283,0.04985236003994942,0.007902984507381916,,0.007475968915969133,
2016-04-07 11:53:20,Jim,Cooper,"Top 10 at 10: Thursday, April 7",,0.54523104429245,0.025312338024377823,0.025444593280553818,,0.31715747714042664,0.06836792081594467
2016-04-07 14:40:00,Chellie,Pingree,Small-business success stories,0.11490832269191742,0.8123043179512024,0.05660216137766838,0.007350022904574871,0.003679991466924548,,
2016-04-07 17:26:40,Ed,Perlmutter,Rising Above Politics,,0.9319339990615845,,0.019984714686870575,0.017506036907434464,0.010502545163035393,0.009675545617938042
2016-04-07 17:26:40,Ted,Lieu,Passport Day,0.0409533716738224,0.8827113509178162,0.050526365637779236,0.012109896168112755,0.00721755251288414,,
2016-04-07 17:26:40,Sean,Maloney,opioid epidemic,,0.23070061206817627,0.027910834178328514,0.4485260248184204,0.03053671307861805,0.23191560804843903,
2016-04-07 17:26:40,Donald,Beyer,Just the Facts,,0.3580755293369293,0.04359498247504234,0.2692165672779083,,0.09315845370292664,0.2101147174835205
2016-04-07 17:26:40,Mark,DeSaulnier,By the Numbers: Prescription Drug Abuse,,0.4868447780609131,0.11417479813098907,0.0863262489438057,0.040235742926597595,0.24566833674907684,
2016-04-07 23:00:00,Denny,Heck,Let's keep the homes of our heroes in their hands,0.11139032989740372,0.794491171836853,0.059653427451848984,0.020240694284439087,,0.0068771447986364365,
2016-04-08 04:33:20,Lois,Capps,Head Start,0.007808017078787088,0.8575936555862427,0.034164972603321075,0.0806814506649971,,0.01163284108042717,
2016-04-08 12:53:20,Debbie,Wasserman Schultz,Ryan White & Our Fight Against HIV and AIDS,,0.6761947274208069,0.010211033746600151,0.12681087851524353,0.018632013350725174,0.152251198887825,
2016-04-08 12:53:20,Jim,Cooper,"Top 10 at 10: Friday, April 8",0.04941551387310028,0.7288908362388611,0.14285698533058167,0.022407064214348793,,0.0423332117497921,
2016-04-08 15:40:00,Nancy,Pelosi,"Bigger Paychecks, Greater Possibilities ",0.16266398131847382,0.12866467237472534,,0.09590329229831696,0.05283838137984276,0.5337517261505127,
2016-04-08 15:40:00,Emanuel,Cleaver,EC From DC: It's a great day to be Royal,0.892862856388092,0.06865148991346359,0.02608094923198223,0.006476614158600569,0.0028778661508113146,,
2016-04-08 15:40:00,Charles,Rangel,Victory for NY's Working Families!,0.7323535680770874,0.1855626404285431,0.038399145007133484,0.017805252224206924,0.013263189233839512,,
2016-04-08 15:40:00,Steny,Hoyer,Congressman Hoyer Encourages Participation in National Volunteer Week,0.07313098758459091,0.8737903237342834,0.015777770429849625,0.015487069264054298,,0.011691763997077942,
2016-04-08 18:26:40,Tulsi,Gabbard,Support for Maui Workers,0.01051744818687439,0.6733934283256531,0.06297781318426132,0.028214870020747185,,0.20916445553302765,
2016-04-08 18:26:40,Michael,Capuano,E-Update Rep. Capuano,0.5276064872741699,0.2852247655391693,0.028003133833408356,0.14557360112667084,,0.006448034662753344,
2016-04-08 18:26:40,Joe,Courtney,Assisting residents impacted by crumbling foundations,,0.02127896063029766,0.5005120038986206,0.005565575323998928,0.01915881596505642,0.44538581371307373,
2016-04-08 18:26:40,Steve,Cohen,"Honoring the Life and Legacy of Dr. Martin Luther King, Jr.",0.5443277359008789,0.35451796650886536,0.05949428677558899,0.02381003089249134,,0.006599670276045799,
2016-04-08 21:13:20,Gregorio,Sablan,"e-Newsletter - Friday, April 8, 2016",0.9030094146728516,0.0660320371389389,0.022883519530296326,0.0036857433151453733,0.002458458300679922,,
2016-04-08 21:13:20,Collin,Peterson,Rep. Peterson's Newsletter 4/8/2016,0.6245142817497253,0.1570967733860016,0.08840388804674149,0.12052658945322037,0.005713560152798891,,
2016-04-09 11:06:40,Henry,Cuellar,Congressman Henry Cuellar's Congressional Report for April 9,0.231699138879776,0.6371811032295227,0.05214906856417656,0.06082065775990486,,,0.007321012672036886
2016-04-10 12:06:40,John,Delaney,Protecting middle-class retirees,0.015696842223405838,0.9370824098587036,0.009571293368935585,0.009174802340567112,0.016065742820501328,,
2016-04-10 12:06:40,Joaquin,Castro,Message from Representative Joaquin Castro,0.007294023409485817,0.02448391728103161,0.025315655395388603,0.9309699535369873,,0.008609870448708534,
2016-04-11 10:20:00,Bill,Pascrell,TOMORROW - Join Congressman Pascrell for an Equal Pay Day Rally,0.10479440540075302,0.7917485237121582,0.05649256706237793,0.034400105476379395,,0.005470204167068005,
2016-04-11 13:06:40,Jim,Cooper,"Top 10 at 10: Monday, April 11",0.013636368326842785,0.8329550623893738,0.09444582462310791,0.015099907293915749,,0.033565543591976166,
2016-04-11 13:06:40,Joyce,Beatty,The Beatty Bulletin,0.025546766817569733,0.8889616131782532,0.034537818282842636,0.01187477633357048,,0.028646407648921013,
2016-04-11 15:53:20,Richard,Nolan,End Secrecy in 9/11 Report,,0.08593560010194778,0.041454069316387177,0.7082563042640686,,0.09888573735952377,0.045201800763607025
2016-04-11 15:53:20,Gerald,Connolly,Congress Must Act On The Growing Opioid Epidemic,,0.12985824048519135,0.016632171347737312,0.0968695729970932,,0.7238145470619202,0.019663594663143158
2016-04-11 18:40:00,Steny,Hoyer,Congressman Hoyer Introduces Legislation to Upgrade Government Technology,,0.9356525540351868,0.00984716136008501,0.013189014978706837,0.010852071456611156,0.018721595406532288,
2016-04-11 18:40:00,Alma,Adams,Update from Congresswoman Adams,0.05421176180243492,0.8149893283843994,0.051097217947244644,0.05793139338493347,,0.012429567985236645,
2016-04-12 11:20:00,Ann,Kuster,Turning the Tide Together,0.04070260748267174,0.5922194719314575,,0.04644596204161644,0.026129215955734253,0.26860153675079346,
2016-04-12 11:20:00,David,Loebsack,Equal Pay Day,0.007559448946267366,0.9507308006286621,0.007886105217039585,0.012689956463873386,0.011258827522397041,,
2016-04-12 11:20:00,Julia,Brownley,Equal Pay Day April 2016,0.02053127996623516,0.898235023021698,0.030813483521342278,0.020608948543667793,0.012905731797218323,,
2016-04-12 14:06:40,Filemon,Vela,A Special Update from Congressman Filemon Vela,0.7357915639877319,0.1731734275817871,0.04517453536391258,0.02685803361237049,,0.01093579363077879,
2016-04-12 14:06:40,Debbie,Dingell,Equal Pay Can't Wait,,0.8888658285140991,0.044992126524448395,0.01396234706044197,0.012223326601088047,0.030280273407697678,
2016-04-12 14:06:40,Niki,Tsongas,Congress in your Inbox,0.01897735707461834,0.9221279621124268,0.027753980830311775,0.01779038831591606,0.005800079554319382,,
2016-04-12 14:06:40,Suzan,DelBene,A quick update,,0.027537180110812187,0.0023889762815088034,0.007752135396003723,0.005996836349368095,0.9534831047058105,
2016-04-12 16:53:20,Nita,Lowey,News from Nita: Major Success for Local Veteran ,,0.06269059330224991,0.0072996304370462894,0.03667406365275383,0.0226909089833498,0.8630725145339966,
2016-04-12 16:53:20,Debbie,Wasserman Schultz,Today is Equal Pay Day,,0.6335006356239319,,0.059228625148534775,0.05181210860610008,0.023070350289344788,0.21862097084522247
2016-04-12 16:53:20,Donald,Beyer,The ATF Enforcement Act,,0.8098778128623962,,0.017854101955890656,0.0821133628487587,0.054101426154375076,0.016857894137501717
2016-04-12 19:40:00,Alma,Adams,Equal Pay is Long Overdue,,0.4036610722541809,,0.05907423049211502,0.14687693119049072,0.021038353443145752,0.35120272636413574
2016-04-12 19:40:00,Ami,Bera,A crucial occasion for every family:,0.009067915380001068,0.35045871138572693,0.01312551461160183,,0.00913143064826727,0.6043153405189514,
2016-04-12 19:40:00,Kathy,Castor,"Inspiring & creative teachers, students",0.7084783911705017,0.18021325767040253,0.03142856806516647,0.059469230473041534,,,0.00918867252767086
2016-04-12 22:26:40,Terri,Sewell,Guide to Grants Issue 260- April 12 2016,0.0061066849157214165,0.8983572125434875,0.06710223108530045,0.009044243954122066,0.010526048019528389,,
2016-04-13 12:20:00,Jim,Cooper,"Top 10 at 10: Wednesday, April 13",0.012334215454757214,0.20916017889976501,0.09827893227338791,0.6380820274353027,,0.027266288176178932,
2016-04-13 12:20:00,Brenda,Lawrence,The latest news from Congresswoman Brenda L. Lawrence,0.24940721690654755,0.6006001234054565,0.03141195699572563,0.07252837717533112,,0.03594311326742172,
2016-04-13 12:20:00,Jackie,Speier,Job training at BART,0.11112242192029953,0.8120798468589783,0.05648539960384369,0.011275961063802242,0.004112891387194395,,
2016-04-13 12:20:00,Alan,Lowenthal,"Congressman Lowenthal eNewsletter 'The 47th Flyer' - April 13 - Doctors Day, Cypress Library, Catalina Desalination",0.5769019722938538,0.3030237555503845,0.10378766059875488,0.006570747587829828,0.004434675443917513,,
2016-04-13 15:06:40,C.,Ruppersberger,e-Newsletter for Congressman Dutch Ruppersberger,0.0739394873380661,0.22985033690929413,0.12224651128053665,,,0.4968317151069641,0.041624847799539566
2016-04-13 15:06:40,Joyce,Beatty,"Please Join Congresswoman Joyce Beatty for her State of the District and Town Hall Meeting on Tuesday, May 3rd at 6:00PM",0.06543043255805969,0.8417903184890747,0.06244088336825371,0.010985116474330425,,0.010742287151515484,
2016-04-13 15:06:40,Ann,Kirkpatrick,How did Arizona's voting problems affect you?,,0.518964409828186,0.03182882070541382,,0.34747758507728577,0.05921091511845589,0.020888034254312515
2016-04-13 15:06:40,Patrick,Murphy,Putting our community first,0.6426047682762146,0.2872294485569,0.05253612995147705,0.006290516350418329,0.0051321228966116905,,
2016-04-13 20:40:00,Michelle,Lujan Grisham,E-Newsletter: Military Service Academy Infomational Night,0.019939998164772987,0.3242128789424896,0.01742502860724926,0.012011164799332619,,0.618189811706543,
2016-04-13 20:40:00,Mark,Takai,50th Anniversary of the Vietnam War,0.31884992122650146,0.5899609327316284,0.05473870411515236,0.012559177353978157,0.01643424667418003,,
2016-04-14 10:33:20,Pete,Aguilar,Interested in attending a U.S. Service Academy?,0.06477577239274979,0.8137972950935364,0.09153583645820618,0.014140766113996506,,0.008515034802258015,
2016-04-14 10:33:20,Tim,Ryan,Just checking in,0.08326973766088486,0.23459316790103912,0.022040164098143578,0.3248601257801056,,0.31953564286231995,
2016-04-14 13:20:00,Betty,McCollum,U.S. House Passes Global Food Security Act,0.04407362639904022,0.7591677308082581,0.021706804633140564,0.13303282856941223,,,0.026877760887145996
2016-04-14 13:20:00,Joseph,Crowley,What we can do to strengthen hard-working families,0.03519973158836365,0.9253125786781311,0.013573476113379002,0.00974822137504816,0.006733458489179611,,
2016-04-14 16:06:40,Donald,Beyer,Just the Facts,,0.5560680627822876,,0.035718757659196854,0.027734892442822456,0.3517022728919983,0.0151296341791749
2016-04-14 16:06:40,Julia,Brownley,Spring 2016 e-newsletter,0.008859236724674702,0.0569024421274662,0.003832179354503751,0.005513813812285662,,0.9198200702667236,
2016-04-15 11:33:20,David,Cicilline,Please Join Me for a College Affordability Roundtable,0.1041436642408371,0.8311558365821838,0.022817017510533333,0.011909281834959984,0.01461817603558302,,
2016-04-15 11:33:20,Suzan,DelBene,A quick update,0.006247937213629484,0.07149343937635422,0.00500612985342741,0.006377513520419598,,0.9060004949569702,
2016-04-15 11:33:20,Nancy,Pelosi,Budget Failure,,,0.013455994427204132,0.18969330191612244,0.2815042734146118,0.49362173676490784,0.009029601700603962
2016-04-15 11:33:20,Jim,Cooper,"Top 10 at 10: Friday, April 15",0.053067825734615326,0.725350022315979,0.1928156018257141,0.014200590550899506,0.006222854368388653,,
2016-04-15 11:33:20,Raul,Ruiz,My Experience Around the District,0.019889650866389275,0.5038102865219116,,0.017290234565734863,0.017479244619607925,0.42043694853782654,
2016-04-15 14:20:00,Rosa,DeLauro,For The First Time In Over 50 Years,0.02977701835334301,0.864067018032074,0.06786679476499557,0.018272217363119125,,0.009214082732796669,
2016-04-15 17:06:40,Charles,Rangel,Showing our appreciation ,0.7110245227813721,0.23019811511039734,0.019314058125019073,,0.010970481671392918,,0.011801989749073982
2016-04-15 17:06:40,Steve,Cohen,Honoring Baseball Legend and Civil Rights Icon Jackie Robinson,0.7837008833885193,0.09682837128639221,0.10063594579696655,0.01053865347057581,0.003627385012805462,,
2016-04-15 17:06:40,Nancy,Pelosi,Failure of Trickle Down Economics,,0.14690661430358887,,0.23712918162345886,0.11202426254749298,0.346488356590271,0.14665430784225464
2016-04-15 17:06:40,Tulsi,Gabbard,Time Is Of The Essence,0.05003500357270241,0.89718097448349,0.02882358618080616,0.007286138366907835,0.009278899990022182,,
2016-04-15 17:06:40,Rick,Larsen,Please join me for a community coffee,0.21101540327072144,0.7114615440368652,0.04524421691894531,0.018676679581403732,,0.00574563117697835,
2016-04-15 17:06:40,Emanuel,Cleaver,EC From DC: Paycheck Fairness,,0.9260151386260986,0.021194839850068092,0.014266261830925941,0.01991521567106247,0.007960706017911434,
2016-04-15 17:06:40,Brendan,Boyle,Tomorrow! Congressman Boyle invites you to attend his U.S. Service Academy Information Day,0.1263330727815628,0.7457365989685059,0.08334749937057495,0.014420853927731514,,0.018949635326862335,
2016-04-15 17:06:40,Ben,Luján,Constituent Casework: Here to Help,0.002360847545787692,0.0299843642860651,,0.003941709641367197,0.0030561082530766726,0.9571424722671509,
2016-04-15 19:53:20,Michael,Capuano,E-Update Rep. Capuano,0.1065961942076683,0.2265539914369583,0.047798871994018555,0.6047580242156982,,0.007650202605873346,
2016-04-15 19:53:20,Joe,Courtney,Pushing Congress to act before more lives are lost to the opioid and heroin epidemic,,0.3307572901248932,0.06444434076547623,0.4180135726928711,0.009568926878273487,0.1601329743862152,
2016-04-15 19:53:20,Janice,Schakowsky,Important Information On Constituent Services,0.027399824932217598,0.9006059169769287,0.02370242215692997,0.024191511794924736,0.01151735894382,,
2016-04-15 22:40:00,Collin,Peterson,Rep. Peterson's Newsletter 4/15/2016,0.4324750006198883,0.4117667078971863,0.13539493083953857,0.009899092838168144,0.004122366197407246,,
2016-04-15 22:40:00,Gregorio,Sablan,"e-Newsletter - Friday, April 15, 2016",0.6151783466339111,0.2754533290863037,0.07991404086351395,0.01663839817047119,0.009542525745928288,,
2016-04-16 07:00:00,David,Loebsack,Cast your vote!,0.26373329758644104,0.6212506890296936,0.08803059160709381,0.008080080151557922,0.011913598515093327,,
2016-04-16 09:46:40,Gwen,Graham,"North Florida Newsletter: Wakulla, Zika & the GI Bill",0.03426210954785347,0.5625728964805603,0.027146587148308754,,0.03239139914512634,0.32073643803596497,
2016-04-16 12:33:20,Henry,Cuellar,Congressman Henry Cuellar's Congressional Report for April 16,0.6552220582962036,0.269093781709671,0.05220283195376396,0.008046128787100315,0.006350093521177769,,
2016-04-16 12:33:20,John,Delaney,Fraudsters Targeting Veterans Should be Punished,,0.07781809568405151,,0.015062442980706692,0.19006818532943726,0.10797624289989471,0.6042231321334839
2016-04-17 13:33:20,Joaquin,Castro,Capitol Hill Update from Congressman Castro,0.9493411183357239,0.019976621493697166,0.02421366050839424,0.003051378531381488,0.0020960720721632242,,
2016-04-18 09:00:00,Daniel,Lipinski,"Congressman Lipinski Hosts Senior Fairs in Orland Park, Lockport and Burbank ",,0.7521373629570007,0.01987503282725811,0.06529557704925537,0.013673468492925167,0.13388751447200775,
2016-04-18 11:46:40,Jim,Cooper,"Top 10 at 10: Monday, April 18",,0.39114415645599365,0.14210735261440277,0.22031252086162567,0.016349855810403824,0.20967203378677368,
2016-04-18 11:46:40,Elizabeth,Esty,Working together towards common solutions,,0.44601285457611084,,0.07215794920921326,0.029213368892669678,0.40318888425827026,0.022261735051870346
2016-04-18 11:46:40,James,Himes,Inspiring the next generation of women,0.006842531263828278,0.9494362473487854,0.02031133323907852,0.007524979766458273,0.007983065210282803,,
2016-04-18 14:33:20,Eleanor,Norton,"e-Newsletter-Monday, April 18, 2016",0.049437351524829865,0.29802781343460083,0.058719538152217865,0.3708416223526001,,0.20519410073757172,
2016-04-18 14:33:20,Terri,Sewell,2016 Congressional Grant Seminar Pre-Registration ,0.25467151403427124,0.6709782481193542,0.053756482899188995,0.007991308346390724,0.006202209275215864,,
2016-04-18 14:33:20,Derek,Kilmer,A Win for Everyone,0.03660906106233597,0.8872016668319702,0.05470786243677139,0.007865922525525093,0.008006795309484005,,
2016-04-18 17:20:00,Eric,Swalwell,ICYMI: Future Forum in the LA Times,,0.6838480830192566,0.038166988641023636,0.017575973644852638,0.013445191085338593,0.23150242865085602,
2016-04-18 17:20:00,Richard,Nolan,Steel Crisis Takes Center Stage,,0.15196359157562256,,0.04375282675027847,0.08170514553785324,0.6601623892784119,0.052534330636262894
2016-04-19 12:46:40,Al,Green,Congressmen Al Green and Gene Green Formally Request that President Obama Issue a Disaster Declaration for Harris County and the Houston Area,,0.4432666599750519,0.032779134809970856,0.1449710875749588,0.054180677980184555,0.30537354946136475,
2016-04-19 12:46:40,Jerrold,Nadler,Email Privacy Act Passes the House Judiciary Committee,,0.8482411503791809,0.016856780275702477,0.025584781542420387,0.02195826731622219,0.07220732420682907,
2016-04-19 12:46:40,Jim,Cooper,"Top 10 at 10: Tuesday, April 19",,0.694290280342102,0.1834855079650879,0.017485229298472404,0.021894657984375954,0.06597673892974854,
2016-04-19 12:46:40,Paul,Tonko,Federal Grant Opportunities - April 19,0.01035032793879509,0.9413895010948181,0.026478203013539314,0.008749428205192089,0.005901655647903681,,
2016-04-19 15:33:20,Steny,Hoyer,Hoyer Invites Students to Attend Annual Military Service Academy Forum ,0.07461220026016235,0.8272384405136108,0.036573395133018494,0.02744191698729992,,0.021864132955670357,
2016-04-19 15:33:20,Ami,Bera,quick update:,,0.17811319231987,,0.04110057279467583,0.20988589525222778,0.029001474380493164,0.526850700378418
2016-04-19 18:20:00,Al,Green,Congressman Al Green's Quarterly Newsletter,,0.7966160774230957,0.0284800473600626,0.13979066908359528,0.0068717957474291325,0.0189044289290905,
2016-04-19 18:20:00,Alan,Lowenthal,"Congressman Lowenthal eNewsletter 'The 47th Flyer' - April 19 - Remembrance Day, Wilson High, National Parks",0.9323155283927917,0.020333655178546906,0.02523391880095005,0.012134680524468422,,0.006770786363631487,
2016-04-19 18:20:00,Henry,Johnson,Congressman Johnson leads House coalition to fight forced arbitration,0.009000997059047222,0.8976112604141235,0.01712317392230034,,0.024976463988423347,0.04150080308318138,
2016-04-19 23:53:20,Terri,Sewell,Guide to Grants Issue 261 - April 19 2016,0.004866521339863539,0.9067379236221313,0.0659501701593399,0.009603218175470829,0.007556927390396595,,
2016-04-20 11:00:00,Debbie,Wasserman Schultz,Fighting the Zika Virus,,0.05788252130150795,0.022086448967456818,0.8155841827392578,,0.08839411288499832,0.008799371309578419
2016-04-20 11:00:00,Jim,Cooper,"Top 10 at 10: Wednesday, April 20",,0.3709281086921692,0.08960544317960739,0.1743796467781067,0.016649769619107246,0.33386915922164917,
2016-04-20 11:00:00,Katherine,Clark,Elmo and Cookie Monster go to Congress,0.013597618788480759,0.9570145606994629,0.015231887809932232,0.006116093602031469,0.0031622315291315317,,
2016-04-20 13:46:40,Kathy,Castor,Let's renew our commitment to this once-in-a-lifetime opportunity to improve Gulf of Mexico,0.09601098299026489,0.6306427121162415,,0.16150757670402527,0.03164375200867653,0.06290913373231888,
2016-04-20 13:46:40,Susan,Davis,Please join us,0.05262618511915207,0.8674533367156982,0.053405847400426865,0.007335555739700794,,0.009003637358546257,
2016-04-20 13:46:40,Joyce,Beatty,"Register Now to Join Congresswoman Joyce Beatty for her State of the District and Town Hall Meeting on Tuesday, May 3rd at 6:00PM",0.0539519377052784,0.8520689010620117,0.061754778027534485,0.009452170692384243,,0.01452496089041233,
2016-04-20 19:20:00,Brendan,Boyle,Video: Congressman Boyle Demands Bold Campaign Finance Reform,,0.5658907890319824,0.035170622169971466,0.0388006865978241,0.062128644436597824,0.24958790838718414,
2016-04-20 19:20:00,Mark,Takai,Missile Defense for Hawaii,0.0699097216129303,0.826796293258667,0.046051014214754105,0.018892984837293625,,0.02734304964542389,
2016-04-20 19:20:00,Ann,Kuster,Big news - Kinder Morgan Halts Pipeline Project,0.5399768352508545,0.3008899986743927,0.01748005487024784,0.0781702846288681,0.049174658954143524,,
2016-04-21 12:00:00,Suzan,DelBene,Every Kid in a Park,,0.2617698907852173,0.013967695645987988,0.012859940528869629,0.007207415997982025,0.6955417394638062,
2016-04-21 14:46:40,Bill,Pascrell,"A Letter from Congressman Bill Pascrell, Jr.",0.009010417386889458,0.9130373001098633,0.04485507681965828,0.024139156565070152,,0.0032818627078086138,
2016-04-21 14:46:40,Donald,Beyer,Just the Facts,,0.8165674209594727,0.027484267950057983,0.11654247343540192,0.009360924363136292,0.01687910035252571,
2016-04-21 14:46:40,David,Cicilline,Senior Resources Fair,0.9563279747962952,0.01933799684047699,0.018194785341620445,0.002445966936647892,0.0016951397992670536,,
2016-04-21 17:33:20,Nita,Lowey,News from Nita: Increasing Investments in Lower Hudson Valley,0.1232551783323288,0.04060991108417511,0.024251053109765053,0.794522762298584,,0.012974817305803299,
2016-04-21 17:33:20,Ed,Perlmutter,Survey Results and Free Admission to National Parks,0.03236347436904907,0.7476481199264526,,,0.05425291508436203,0.1396520733833313,0.011746729724109173
2016-04-22 07:26:40,Mike,Quigley,Making Earth Day Every Day,0.043823909014463425,0.8780368566513062,0.024539273232221603,0.03361804038286209,,0.011034773662686348,
2016-04-22 07:26:40,Elijah,Cummings,A Time of Renewal for Baltimore,0.14286842942237854,0.7843612432479858,0.033719852566719055,0.014957761391997337,0.010022235102951527,,
2016-04-22 07:26:40,Rick,Larsen,How are you celebrating Earth Day?,0.5904544591903687,0.29831886291503906,0.09240730106830597,0.008080597966909409,0.006841811817139387,,
2016-04-22 10:13:20,Jim,Cooper,"Top 10 at 10: Friday, April 22",0.027316981926560402,0.19549192488193512,0.19203436374664307,0.568795382976532,,0.0084353256970644,
2016-04-22 10:13:20,Debbie,Wasserman Schultz,Save the Date: Small Business Workshop,,0.8523170351982117,0.020340530201792717,0.06096094474196434,0.010326690971851349,0.043886635452508926,
2016-04-22 13:00:00,Richard,Nolan,Tune in: Nolan on '60 Minutes' this Sunday,0.4287891983985901,0.5207462906837463,0.014268654398620129,0.013587278313934803,,,0.011441875249147415
2016-04-22 13:00:00,Adam,Schiff,Recognizing the Armenian Genocide,,0.11731088161468506,0.07267166674137115,0.7085686922073364,,0.0632273405790329,0.026958050206303596
2016-04-22 13:00:00,John,Delaney,Taking Action on Climate Change,0.3095095753669739,0.6280791163444519,0.02830358035862446,,0.010687616653740406,0.013684641569852829,
2016-04-22 13:00:00,Raul,Ruiz,Happy Earth Day!,0.1335868090391159,0.09913722425699234,,0.6916306018829346,0.023840997368097305,0.029532967135310173,
2016-04-22 13:00:00,Gerald,Connolly,What We Are Celebrating This Earth Day,0.15269795060157776,0.49657130241394043,0.026331041008234024,0.17792277038097382,,0.13152852654457092,
2016-04-22 15:46:40,Filemon,Vela,A Special Update from Congressman Filemon Vela,0.5039932131767273,0.4069656431674957,0.06080830097198486,0.01371058076620102,0.006428950000554323,,
2016-04-22 15:46:40,Nancy,Pelosi,A Nation of Immigrants,0.05302583798766136,0.8118710517883301,0.010538703761994839,,0.044274672865867615,0.06150910258293152,
2016-04-22 15:46:40,George,Butterfield,You're Invited: Rep. Butterfield State of the District Address,0.10411851108074188,0.8189886808395386,0.05334875360131264,0.008437633514404297,,0.00762201426550746,
2016-04-22 15:46:40,Steve,Cohen,Giving Consumers Access to a Free Credit Score,0.056929610669612885,0.8435011506080627,0.035463493317365646,0.028624214231967926,,0.02041010372340679,
2016-04-22 15:46:40,Emanuel,Cleaver,EC From DC: Kansas City Here I Come,0.571347713470459,0.31372272968292236,0.08505011349916458,0.021039428189396858,0.004836386535316706,,
2016-04-22 18:33:20,Michael,Capuano,E-Update Rep. Capuano,,0.8124008774757385,0.031739287078380585,0.07036110013723373,0.04174903780221939,,0.03150227293372154
2016-04-22 18:33:20,Joe,Courtney,A Friday in Eastern Connecticut,0.2373286336660385,0.1148398369550705,0.6272372603416443,,0.005816168617457151,0.009055420756340027,
2016-04-22 18:33:20,Charles,Rangel,"Our Homes, Parks and Kids",0.4194871187210083,0.4792637526988983,0.02234693057835102,0.012482201680541039,,0.05234786123037338,
2016-04-22 18:33:20,Gwen,Moore,Happy Passover,0.5753247737884521,0.35323721170425415,0.01777554117143154,0.024587463587522507,,0.022177528589963913,
2016-04-22 21:20:00,Al,Green,Congressmen Al Green and Gene Green Introduce Legislation to Fully Fund Houston Area Army Corp Flood Control Construction Projects,0.013517245650291443,0.8906998038291931,0.015825867652893066,0.03712678328156471,,0.024820439517498016,
2016-04-22 21:20:00,Collin,Peterson,Rep. Peterson's Newsletter 4/22/2016,0.1754780113697052,0.7336066961288452,0.06667448580265045,0.017092103138566017,0.0034200933296233416,,
2016-04-22 21:20:00,Gregorio,Sablan,"e-Newsletter - Friday, April 22, 2016",0.2140652984380722,0.5546332001686096,0.0722951665520668,0.1328200399875641,,0.013523820787668228,
2016-04-23 02:53:20,Lois,Capps,The Green Coast,,0.6621787548065186,,0.06357929110527039,0.06522645801305771,0.03994246944785118,0.1366434544324875
2016-04-23 11:13:20,Henry,Cuellar,Congressman Henry Cuellar's Congressional Report for April 23,0.1265551894903183,0.6852619051933289,0.02505440078675747,0.04644639045000076,0.08824744075536728,,
2016-04-23 14:00:00,Zoe,Lofgren,Calling all young artists!,0.15035629272460938,0.7865793108940125,0.044350024312734604,0.006642692722380161,0.006261290051043034,,
2016-04-24 12:13:20,Joaquin,Castro,Capitol Hill Update from Congressman Castro,0.8343051671981812,0.13543595373630524,0.013946120627224445,0.006562027148902416,0.005725403316318989,,
2016-04-24 20:33:20,Denny,Heck,Solving problems,,0.5723980069160461,0.03693212568759918,0.304643452167511,0.025539100170135498,0.04833842068910599,
2016-04-24 20:33:20,Tulsi,Gabbard,Recognizing Earth Day,0.17625345289707184,0.7750278115272522,0.02907603047788143,0.009219187311828136,0.006441482342779636,,
2016-04-25 13:13:20,Jim,Cooper,"Top 10 at 10: Monday, April 25",,0.7208250761032104,0.12243151664733887,0.01729276403784752,0.02390713430941105,0.09724829345941544,
2016-04-25 16:00:00,Eleanor,Norton,"e-Newsletter-Monday, April 25, 2016",0.38625890016555786,0.546295166015625,0.03638468310236931,,0.015439482405781746,,0.006312106270343065
2016-04-25 18:46:40,Richard,Nolan,The STOP Act on 60 Minutes,,0.6349368691444397,,0.04578188806772232,0.08144951611757278,0.10904260724782944,0.11120467633008957
2016-04-25 18:46:40,Karen,Bass,Join me for a forum on U.S.-Africa Policy,0.17060625553131104,0.7652394771575928,0.04285179451107979,0.012850607745349407,0.003834944451227784,,
2016-04-25 18:46:40,Mark,DeSaulnier,By the Numbers: Climate Change,0.02161378413438797,0.7487388253211975,0.151255264878273,,0.03206798806786537,0.030811401084065437,
2016-04-25 21:33:20,Karen,Bass,WITH CORRECT LINKS: Join me for a forum on U.S.-Africa Policy,0.021314680576324463,0.681046724319458,0.06316455453634262,0.21641439199447632,,0.007544026244431734,
2016-04-26 08:40:00,Ann,Kuster,Join me for my biggest fair yet,0.6262136101722717,0.22098980844020844,0.09534261375665665,0.021840060129761696,,0.025490906089544296,
2016-04-26 11:26:40,Joyce,Beatty,FINAL NOTICE: Register Now to Join Congresswoman Beatty for her State of the District and Town Hall Meeting on May 3rd at 6:00 PM,0.03746447339653969,0.8753566741943359,0.058842387050390244,0.009866159409284592,,0.010259460657835007,
2016-04-26 11:26:40,Jim,Cooper,"Top 10 at 10: Tuesday, April 26",,0.2846428453922272,0.05730360746383667,0.10165806859731674,0.022756291553378105,0.5161081552505493,
2016-04-26 11:26:40,José,Serrano,"The Serrano Report - April 26, 2016",0.08963759988546371,0.6032954454421997,0.01590157486498356,0.05343618616461754,,0.21296481788158417,
2016-04-26 14:13:20,Alan,Lowenthal,"Rep. Lowenthal eNewsletter 'The 47th Flyer' - April 26 - Earth Day, IRS Legislation, Cambodian Genocide",0.2945772707462311,0.6307534575462341,0.05065600946545601,0.013969304971396923,0.00492109963670373,,
2016-04-26 14:13:20,Patrick,Murphy,Waterways crisis demands emergency assistance,,0.15358538925647736,,0.03599162399768829,0.028911368921399117,0.7495217323303223,0.0170608963817358
2016-04-26 19:46:40,Susan,Davis,Job Openings in Washington and San Diego,0.11877326667308807,0.8286924362182617,0.03371375426650047,0.006135204341262579,0.0060186078771948814,,
2016-04-26 22:33:20,Terri,Sewell,Guide to Grants Issue 262- April 26 2016,0.004977909382432699,0.9090775847434998,0.06444502621889114,0.0087043521925807,0.007237475365400314,,
2016-04-27 09:40:00,Jim,Cooper,"Top 10 at 10: Wednesday, April 27",,0.4872833490371704,0.08508846163749695,0.042951684445142746,0.03228604793548584,0.33311957120895386,
2016-04-27 12:26:40,Ted,Lieu,The Lieu Review - Spring 2016,0.012837021611630917,0.9111558198928833,0.025822371244430542,,0.011990619823336601,0.026883967220783234,
2016-04-27 12:26:40,Juan,Vargas,A Congressional Forum on Military Voting,,0.76557856798172,0.03194257616996765,0.13929542899131775,0.014781448990106583,0.03238344192504883,
2016-04-27 18:00:00,Al,Green,"CONGRESSIONAL ALERT: Congressmen Al Green and Gene Green to Speak Today About the 2016 Tax Day Floods and H.R. 5025, the 2016 Tax Day Floods Supplemental Funding Act",,0.8860851526260376,0.02869940549135208,0.03648187220096588,0.011523821391165257,0.028042230755090714,
2016-04-27 18:00:00,Eric,Swalwell,TOMORROW: Join me on Snapchat!,0.13511091470718384,0.6553902626037598,0.16193152964115143,,0.022182879969477654,0.017803294584155083,
2016-04-27 18:00:00,Mark,Takai,Hawaii Priorities for Consideration in the National Defense Authorization Act (NDAA),0.026771068572998047,0.907390832901001,0.016672521829605103,,0.020773444324731827,0.014081372879445553,
2016-04-28 10:40:00,Nita,Lowey,News from Nita: Working Hard for the Lower Hudson Valley,0.03337470814585686,0.058150261640548706,,0.07110133767127991,,0.7485364079475403,0.05682293325662613
2016-04-28 13:26:40,Mark,Pocan,Pocan Post: Updates from Around South Central Wisconsin,0.4166058897972107,0.43584519624710083,0.12739141285419464,0.007808295544236898,,0.005501408129930496,
2016-04-28 13:26:40,Elizabeth,Esty,Protecting Our Planet,0.8230058550834656,0.12249945849180222,0.039780497550964355,0.0070678722113370895,0.0037983283400535583,,
2016-04-28 13:26:40,Suzanne,Bonamici,Bonamici Bulletin,0.5914640426635742,0.32854366302490234,0.05377429723739624,0.012765718623995781,0.005999623332172632,,
2016-04-28 13:26:40,Ami,Bera,A disturbing epidemic:,,0.15417635440826416,0.02483787015080452,0.06528512388467789,,0.6837621927261353,0.05619771033525467
2016-04-28 13:26:40,Tammy,Duckworth,Providing Americans the Opportunity to Serve,0.03189496323466301,0.8482933044433594,,0.03078855387866497,0.03805352747440338,,0.03408994525671005
2016-04-28 16:13:20,Donald,Beyer,Just the Facts,0.029202384874224663,0.8375349640846252,0.11585527658462524,0.007250850088894367,0.005686572287231684,,
2016-04-28 19:00:00,Nancy,Pelosi,Leader Pelosi Hosts #TakeYourKidToWorkDay,0.8894755840301514,0.02307288534939289,0.042183153331279755,,0.010191076435148716,0.026469804346561432,
2016-04-28 19:00:00,George,Butterfield,Butterfield Applauds Patricia Timmons-Goodson Nomination,0.08562324941158295,0.8565019965171814,0.029421402141451836,0.009638858959078789,0.008480291813611984,,
2016-04-29 11:40:00,Daniel,Lipinski,"Congressman Lipinski Hosts Senior Fair in Burbank on Monday, May 2nd",0.018523339182138443,0.7157790660858154,0.024897897616028786,0.06739573180675507,,0.15735970437526703,
2016-04-29 11:40:00,David,Cicilline,#DoYourJob,0.12411113828420639,0.8223240375518799,0.02364298887550831,0.009260885417461395,0.008701390586793423,,
2016-04-29 11:40:00,Debbie,Wasserman Schultz,Protecting Consumers & Defending Dodd-Frank,,0.4265780448913574,,0.024843061342835426,0.32657304406166077,0.11992832273244858,0.09150043874979019
2016-04-29 11:40:00,Jim,Cooper,"Top 10 at 10: Friday, April 29",,0.5362282395362854,0.044856976717710495,0.19421176612377167,0.06546767055988312,0.1384851634502411,
2016-04-29 11:40:00,Bill,Pascrell,"A Letter from Congressman Bill Pascrell, Jr.",0.050282999873161316,0.7137333154678345,0.02761528268456459,0.04563939943909645,0.1383742392063141,,
2016-04-29 14:26:40,Marc,Veasey,Marc's Memo - April 2016 Updates,0.06994979828596115,0.8718222975730896,0.031213518232107162,0.0163975041359663,0.004281626548618078,,
2016-04-29 14:26:40,Betty,McCollum,Fourth District Update: Strengthening Minnesota's Communities,0.057729922235012054,0.8376681208610535,,0.015776600688695908,0.02532234415411949,,0.03494127094745636
2016-04-29 17:13:20,Nancy,Pelosi,900 Cases of Zika & Counting,0.0009802982676774263,,0.0009921800810843706,0.0038034876342862844,0.005125539842993021,0.9878875017166138,
2016-04-29 17:13:20,Adam,Smith,House Armed Services Committee Fiscal Year 2017 National Defense Authorization Act Mark-Up,,0.7446786761283875,,0.012878666631877422,0.15847085416316986,0.0091444943100214,0.05989076569676399
2016-04-29 17:13:20,Michelle,Lujan Grisham,E-Newsletter - 2016 Art Competition Winner,0.11918001621961594,0.27504807710647583,0.031890302896499634,0.014307972975075245,,0.5502122044563293,
2016-04-29 17:13:20,Julia,Brownley,Brownley Casework e-newsletter April 2016,0.012368741445243359,0.12433414906263351,,0.008243476040661335,0.005812100134789944,0.8408037424087524,
2016-04-29 17:13:20,Michael,Capuano,E-Update Rep. Capuano,0.04276440665125847,0.9004970192909241,0.028812028467655182,0.009287944063544273,0.011572322808206081,,
2016-04-29 17:13:20,Chris,Van Hollen,"Van Hollen Fights Against Tea Party Budget, FTC Scam Resources, and More",,0.11922330409288406,0.025118917226791382,0.02280678227543831,0.04300272837281227,0.7761669158935547,
2016-04-29 17:13:20,Joe,Courtney,Helping Connecticut's fishermen preserve their way of life,,0.42163416743278503,,0.13276751339435577,0.17027468979358673,0.21642526984214783,0.033714279532432556
2016-04-29 17:13:20,Chaka,Fattah,A Legislative Legacy To Be Proud Of,0.024841120466589928,0.884870171546936,0.018526680767536163,0.022596783936023712,,0.03651060536503792,
2016-04-29 17:13:20,Barbara,Lee,Serving you better,0.07067345082759857,0.8450889587402344,0.03523440286517143,0.022105777636170387,,0.014633821323513985,
2016-04-29 17:13:20,Charles,Rangel,Our Brighter Future,0.03102509304881096,0.4472794532775879,,0.03523450717329979,0.08528696745634079,0.3751279413700104,
2016-04-29 17:13:20,Emanuel,Cleaver,EC From DC: Fighting For Our Veterans,0.1415996104478836,0.7302219271659851,0.012829838320612907,0.08420857042074203,,0.014627392403781414,
2016-04-29 17:13:20,Steve,Cohen,Securing Federal Funding for the Memphis Minority Business Center,0.005270363762974739,0.008924005553126335,0.015783119946718216,0.9662992358207703,,0.0016943048685789108,
2016-04-29 20:00:00,José,Serrano,"The Serrano Report - April 29, 2016",0.21597081422805786,0.7340724468231201,0.02721557207405567,,0.00635786447674036,,0.005884983576834202
2016-04-29 20:00:00,Loretta,Sanchez,National Small Business Week,0.22429917752742767,0.7105605006217957,0.04588884860277176,0.0054656509310007095,0.006862961687147617,,
2016-04-29 20:00:00,Adam,Smith,Office of Congressman Adam Smith May and June Mobile Office Hours,0.017738942056894302,0.44307905435562134,0.009756095707416534,0.008377841673791409,,0.5120655298233032,
2016-04-29 22:46:40,Gregorio,Sablan,"e-Newsletter - Friday, April 29, 2016",0.5663756728172302,0.29255029559135437,0.10103730112314224,0.030599083751440048,0.005675971508026123,,
2016-04-29 22:46:40,Collin,Peterson,Rep. Peterson's Newsletter 4/29/2016,0.23472435772418976,0.6919277310371399,0.04525182023644447,0.019335046410560608,0.0032945596612989902,,
2016-04-30 09:53:20,Henry,Cuellar,Congressman Henry Cuellar's Congressional Report for April 30,0.12971940636634827,0.8145830631256104,0.02616192027926445,0.009020524099469185,,0.007671871688216925,
2016-04-30 12:40:00,Ami,Bera,Fwd: A public health crisis,,0.06751970201730728,,0.018478646874427795,0.018972190096974373,0.8661404252052307,0.013839120045304298
2016-05-01 13:40:00,Joaquin,Castro,Capitol Hill Update from Congressman Castro,0.8485043048858643,0.09299031645059586,0.025553567335009575,,0.003627758240327239,0.024317128583788872,
2016-05-01 16:26:40,Juan,Vargas,A Congressional Forum on Military Voting,,0.76557856798172,0.03194257616996765,0.13929542899131775,0.014781448990106583,0.03238344192504883,
2016-05-01 22:00:00,Denny,Heck,Your thoughts,,0.9360483884811401,0.019416002556681633,0.007593706715852022,0.018877210095524788,0.008866299875080585,
2016-05-02 09:06:40,Pete,Aguilar,Reminder! U.S. Service Academy Info Session this Saturday for Inland Empire students!,0.05811906233429909,0.8363977074623108,0.07284285873174667,0.014657987281680107,,0.010453873313963413,
2016-05-02 11:53:20,Donald,Payne,"Donald's Dispatch: April 2016 - Payne, Jr. Homeland Security Bill Passes House",0.0426924042403698,0.5586642622947693,0.017887506633996964,,0.011787678115069866,0.35371291637420654,
2016-05-02 11:53:20,Jim,Cooper,"Top 10 at 10: Monday, May 2",,0.7136049866676331,0.15921004116535187,0.014945678412914276,0.020649105310440063,0.06816679239273071,
2016-05-02 14:40:00,Alcee,Hastings,The Hastings Monthly Report - May 2016,0.09725852310657501,0.8064560294151306,0.01574164442718029,0.04191192612051964,,0.024347832426428795,
2016-05-02 14:40:00,Al,Green,In Case You Missed it--Fort Bend Independent: Two Congressmen Support Commuter Rail Along U.S. 90A,0.04094953462481499,0.8620460629463196,0.03303651884198189,0.03927735239267349,0.01083906926214695,,
2016-05-02 14:40:00,Juan,Vargas,Art Reception in Brawley,,0.7711507081985474,0.033300407230854034,0.13479912281036377,0.014297536574304104,0.03052995353937149,
2016-05-02 14:40:00,Derek,Kilmer,6th District Art at the U.S. Capitol,0.05692876875400543,0.4680883288383484,0.027176305651664734,,0.014502987265586853,0.41476842761039734,
2016-05-02 17:26:40,David,Loebsack,Happy National Teacher Appreciation Week!,0.7953786253929138,0.11774313449859619,0.06986087560653687,0.006572298239916563,0.006244319956749678,,
2016-05-02 17:26:40,Richard,Nolan,Time to burn TPP,0.028069311752915382,0.24375790357589722,,,0.5689966678619385,0.10461239516735077,0.03368797525763512
2016-05-02 17:26:40,Eleanor,Norton,"e-Newsletter-Monday, May 2, 2016",0.3130914866924286,0.5568472146987915,0.09631646424531937,,0.012120241299271584,0.011506269685924053,
2016-05-02 20:13:20,Janice,Schakowsky,"An Update From Washington, DC",0.023765457794070244,0.8847397565841675,0.013077438808977604,0.04294673353433609,,0.016714267432689667,
2016-05-02 20:13:20,Judy,Chu,April in Review,0.08132064342498779,0.2742950916290283,0.022292908281087875,0.5641143918037415,,0.030713306739926338,
2016-05-03 10:06:40,Suzan,DelBene,A quick update,0.007239047903567553,0.5173529386520386,0.014158608391880989,0.010834915563464165,,0.4409976005554199,
2016-05-03 10:06:40,Paul,Tonko,"Federal Grant Opportunities - May 3, 2016",0.01149635948240757,0.9403291940689087,0.027623146772384644,0.008608220145106316,,0.005128708202391863,
2016-05-03 12:53:20,Jared,Huffman,An Update on North Coast Priorities,0.4578934609889984,0.4200209975242615,0.09179830551147461,0.009038777090609074,,0.011276681907474995,
2016-05-03 12:53:20,Jackie,Speier,"INVITE: Small Business 101 seminar on Friday, May 20",0.1372099667787552,0.7755635380744934,0.05835019052028656,0.00928710587322712,,0.011104726232588291,
2016-05-03 12:53:20,John,Sarbanes,I Want to Hear from You,0.02809981442987919,0.7533915042877197,0.03097703866660595,0.1741665005683899,,0.00720760365948081,
2016-05-03 12:53:20,George,Butterfield,TODAY: Rep. Butterfield State of the District Address,0.12092819809913635,0.7825281620025635,0.06560249626636505,0.014465034939348698,,0.00825837254524231,
2016-05-03 15:40:00,Steny,Hoyer,Thank You Fifth District Teachers,0.0902574211359024,0.8281089067459106,0.03503905236721039,0.02403266914188862,0.012453777715563774,,
2016-05-03 15:40:00,Steve,Cohen,The 150th Anniversary of the Memphis Massacre,0.04655833914875984,0.48158904910087585,,0.20593728125095367,,0.13374722003936768,0.07563237845897675
2016-05-03 15:40:00,James,Langevin,Did You Hear the Good News?,0.04910342022776604,0.5529647469520569,0.08739716559648514,,0.06458525359630585,0.20340748131275177,
2016-05-03 18:26:40,Karen,Bass," , Please join me on May 21",0.17060625553131104,0.7652394771575928,0.04285179451107979,0.012850607745349407,0.003834944451227784,,
2016-05-04 11:06:40,Cheri,Bustos,Protecting our children from lead exposure,,0.1703130006790161,,0.016447387635707855,0.02819858305156231,0.7643717527389526,0.00848423596471548
2016-05-04 13:53:20,Gerald,Connolly,The Innovation Economy: America's Path Forward,,0.1634456068277359,0.02179350145161152,0.1036800816655159,0.01726037822663784,0.6832707524299622,
2016-05-04 13:53:20,Sander,Levin,The Email Privacy Act passes the House of Representatives,,0.7519195079803467,0.037608496844768524,0.01698881760239601,0.030672945082187653,0.15119756758213043,
2016-05-04 16:40:00,John,Delaney,Delaney Files Bill to Help Disabled Veterans,0.0092423465102911,0.1780868023633957,0.005317423492670059,0.008328673429787159,,0.7925493121147156,
2016-05-04 16:40:00,John,Conyers,The Conyers Connection,0.02904484234750271,0.06522125005722046,,0.03595726191997528,0.2169213443994522,0.6359142661094666,
2016-05-04 16:40:00,Donna,Edwards,Subscription Confirmation,0.10415617376565933,0.7891552448272705,0.08619517087936401,0.00884958915412426,0.00609090831130743,,
2016-05-04 16:40:00,Joseph,Kennedy,Making my case at the White House,0.012312312610447407,0.9241819977760315,,0.01949247159063816,0.011824684217572212,0.012651944532990456,
2016-05-04 19:26:40,Mark,Takai,It's National Small Business Week,0.44371333718299866,0.45625004172325134,0.08505774289369583,0.004862261936068535,0.005671285558491945,,
2016-05-04 22:13:20,Terri,Sewell,Guide to Grants Issue 263- May 4 2016,0.0048784674145281315,0.9072667956352234,0.06440598517656326,0.009054687805473804,0.008079519495368004,,
2016-05-05 12:06:40,Niki,Tsongas,Congress in your Inbox,0.05801815167069435,0.8909369707107544,0.028845064342021942,0.009370815008878708,0.006188847124576569,,
2016-05-05 12:06:40,Debbie,Wasserman Schultz,Save the Date: 4th Annual Family Learning Childcare Business Conference,,0.8887578248977661,0.024201907217502594,0.03988349437713623,0.009282744489610195,0.02581137605011463,
2016-05-05 14:53:20,Frank,Pallone,Protecting Our Beaches ,0.0416538305580616,0.4591767489910126,,,0.02597433142364025,0.433784544467926,0.01856858842074871
2016-05-05 14:53:20,Donald,Beyer,Just the Facts,0.010862203314900398,0.9333857297897339,0.015098410658538342,0.02085254341363907,,0.008153029717504978,
2016-05-06 10:20:00,Jim,Cooper,"Top 10 at 10: Friday, May 6",,0.5598258376121521,0.06400727480649948,0.01745779812335968,0.1271749883890152,0.21911190450191498,
2016-05-06 13:06:40,Bill,Foster,You're invited: Spring 2016 Job Fair in Aurora,0.7904331088066101,0.14272278547286987,0.050596218556165695,0.006644355598837137,0.004624073393642902,,
2016-05-06 13:06:40,Donald,Norcross,Spring 2016 Newsletter,0.04449964314699173,0.8021990060806274,0.05700930953025818,0.0775335356593132,0.007905683480203152,,
2016-05-06 13:06:40,Nita,Lowey,News from Nita: Working for Young Men and Women in the Lower Hudson Valley,0.883639395236969,0.0660572201013565,0.037255268543958664,0.004623715300112963,0.005125405266880989,,
2016-05-06 15:53:20,Brad,Ashford,Second District Mobile Offices,0.01712195947766304,0.9479082822799683,0.019469568505883217,0.007469775155186653,,0.003256893716752529,
2016-05-06 15:53:20,Charles,Rangel,"Moms, Teachers & Immigrants Make US Better",0.015391849912703037,0.44765588641166687,,0.04053862765431404,0.029166221618652344,0.45394402742385864,
2016-05-06 15:53:20,Nancy,Pelosi,What Moms Really Need,0.7057461738586426,0.13708142936229706,0.04698571562767029,,0.021704716607928276,0.07391586899757385,
2016-05-06 15:53:20,Henry,Johnson,Congressman Hank Johnson wishes mothers everywhere a Happy Mother's Day 2016,0.5747315287590027,0.29639750719070435,0.10115239769220352,0.012128854170441628,0.01226089708507061,,
2016-05-06 15:53:20,David,Cicilline,Neighborhood Conversation in North Providence,0.15916085243225098,0.7348847985267639,0.08563172072172165,,0.005624415352940559,0.005843635648488998,
2016-05-06 15:53:20,Emanuel,Cleaver,EC From DC: We Need Nine,,0.9152579307556152,0.011736680753529072,0.024628832936286926,0.010387171991169453,0.029542474076151848,
2016-05-06 18:40:00,Loretta,Sanchez,Mother's Day: What Moms Really Need,0.008772073313593864,0.9368888139724731,0.012070396915078163,0.02980835549533367,0.0049010408110916615,,
2016-05-06 18:40:00,Collin,Peterson,Rep. Peterson's Newsletter 5/6/2016,0.7190097570419312,0.1897667646408081,0.0743367001414299,0.009725501760840416,0.004100925754755735,,
2016-05-06 18:40:00,Steve,Cohen,Remembering the Memphis Massacre,0.21268230676651,0.5076879262924194,0.06822989135980606,0.044333428144454956,,0.1301264464855194,
2016-05-06 18:40:00,Gwen,Moore,Protecting Your Pensions | Global Impact of Flint H2O Crisis,,0.36937814950942993,,0.05715639889240265,0.09669102728366852,0.4164401888847351,0.03539123013615608
2016-05-06 21:26:40,Gregorio,Sablan,"e-Newsletter - Friday, May 6, 2016",0.6512206792831421,0.2470032423734665,0.08602012693881989,0.007251994218677282,0.005270597990602255,,
2016-05-07 05:46:40,Lois,Capps,Our Common Goal,,0.3294749855995178,,0.09743667393922806,0.04341983050107956,0.4117434024810791,0.09857509285211563
2016-05-07 11:20:00,Henry,Cuellar,Congressman Henry Cuellar's Congressional Report for May 7,0.09097418189048767,0.737451434135437,0.022326050326228142,0.020791668444871902,,0.10235866159200668,
2016-05-08 06:46:40,Tammy,Duckworth,Happy Mother's Day,0.7225580215454102,0.22175629436969757,0.03210799768567085,0.007334537338465452,0.012341126799583435,,
2016-05-08 06:46:40,David,Loebsack,Recognizing Women's Health Week,0.06063384190201759,0.8979635238647461,0.01438471581786871,0.012967164628207684,,0.006048860959708691,
2016-05-08 09:33:20,Grace,Meng,Breaking Down Barriers for Moms,0.13623784482479095,0.8073345422744751,0.02846352756023407,0.010547330603003502,0.008805949240922928,,
2016-05-08 12:20:00,Joaquin,Castro,Capitol Hill Update from Congressman Castro,0.7516694664955139,0.13263370096683502,0.09207481145858765,0.015879245474934578,0.004930221941322088,,
2016-05-08 12:20:00,John,Lewis,Happy Mother's Day,0.09547964483499527,0.398607462644577,0.02642112597823143,0.015641769394278526,,0.45335426926612854,
2016-05-08 17:53:20,Ed,Perlmutter,May 20: RSVP for the Premiere of MEDIC!,,0.9253745079040527,0.012631107121706009,0.010467147454619408,0.02344171702861786,,0.01552586443722248
2016-05-08 17:53:20,André,Carson,Honoring Hoosier Mothers,0.12690280377864838,0.5523055791854858,0.04305866360664368,0.25682976841926575,,0.014409522525966167,
2016-05-08 17:53:20,Nancy,Pelosi,#WhatMomsNeed on Mother's Day,0.8636588454246521,0.03492826595902443,0.03934310004115105,,0.01800459995865822,0.03176361322402954,
2016-05-09 10:33:20,John,Carney,Tomorrow Night,0.0957288071513176,0.8352609276771545,0.03734452277421951,0.014941229484975338,,0.008243968710303307,
2016-05-09 13:20:00,Richard,Nolan,Victory for workers & their pensions,0.02985735423862934,0.27473506331443787,,0.1826709657907486,0.23983141779899597,0.2478967159986496,
2016-05-09 13:20:00,Michael,Capuano,E-Update Rep. Capuano,,0.5113078951835632,0.02307787351310253,0.4127902090549469,,0.017359448596835136,0.015479126013815403
2016-05-09 18:53:20,Xavier,Becerra,Nominate an Asian American and Pacific Islander Leader,0.04760225862264633,0.9155719876289368,0.021406296640634537,,0.00584298325702548,,0.0036299305502325296
2016-05-10 11:33:20,Filemon,Vela,A Special Update from Congressman Filemon Vela,0.3109893500804901,0.5536218881607056,0.08799044787883759,0.030113602057099342,,0.009438739158213139,
2016-05-10 14:20:00,Sean,Maloney,800,0.08373898267745972,0.8679091930389404,0.02573002316057682,0.010972926393151283,0.006837623193860054,,
2016-05-10 19:53:20,Xavier,Becerra,"Upcoming Events: Community Office Hours, Fraud Prevention Seminar",0.011983024887740612,0.9122663140296936,0.028326407074928284,0.010797787457704544,,0.02825400047004223,
2016-05-11 12:33:20,Sander,Levin,Rep. Levin Seeks Action for Michiganders Falsely Accused of Unemployment Insurance Fraud,,0.5910264253616333,0.023175489157438278,0.10615544766187668,0.06677601486444473,0.19370394945144653,
2016-05-11 12:33:20,James,Himes,Protecting your privacy,,0.9550029039382935,0.014326157048344612,0.007361730094999075,0.01014233473688364,0.005531528033316135,
2016-05-11 15:20:00,Steny,Hoyer,Congressman Hoyer Shares Information on New Maryland Driver's License and ID Card,,0.9265612363815308,0.010259950533509254,0.015430849976837635,0.012708180584013462,0.02446611411869526,
2016-05-11 15:20:00,Jackie,Speier,"REMINDER: Small Business 101 seminar on Friday, May 20",0.13873730599880219,0.771686851978302,0.05993098020553589,0.009600839577615261,,0.011444412171840668,
2016-05-11 15:20:00,Karen,Bass," , I hope you will join me for my U.S.-Africa Policy Forum",0.08886498212814331,0.8435834050178528,0.05198321491479874,0.006955496035516262,0.003444216912612319,,
2016-05-11 18:06:40,Donald,Beyer,Introducing the Freedom of Religion Act,0.01021194364875555,0.8175548911094666,,,0.05181374400854111,0.08016907423734665,0.02389264851808548
2016-05-11 18:06:40,Mark,Takai,Housing and age-in-place assistance for our kupuna,0.09815395623445511,0.8413804173469543,0.03924712911248207,,0.005869307555258274,0.0072917272336781025,
2016-05-11 18:06:40,Henry,Johnson,Congressman Johnson nominates 23 Fourth District students to U.S. Military Service Academies,0.661266028881073,0.2311740517616272,0.0925913080573082,0.00690303323790431,0.004910092335194349,,
2016-05-11 20:53:20,Eleanor,Norton,"e-Newsletter-Wednesday, May 11, 2016",0.7798535823822021,0.07704202085733414,0.03912258893251419,,0.03213128820061684,0.05848890542984009,
2016-05-11 23:40:00,Terri,Sewell,Guide to Grants Issue 264- May 11 2016,0.005694895051419735,0.9044023752212524,0.06360120326280594,0.008462082594633102,0.010128690861165524,,
2016-05-12 13:33:20,Elizabeth,Esty,Creating Pathways to High-Paying Careers,,0.8226718306541443,0.021913742646574974,0.10248006880283356,,0.029709503054618835,0.01239104475826025
2016-05-12 16:20:00,Al,Green,"CONGRESSIONAL ALERT: Reps. Al Green and Gene Green to Speak Today About the 2016 Tax Day Floods and H.R. 5025, the 2016 Tax Day Floods Supplemental Funding Act",,0.8895476460456848,0.02865830436348915,0.035567399114370346,0.011242582462728024,0.025885583832859993,
2016-05-12 16:20:00,Suzan,DelBene,A quick update,0.02952362783253193,0.49859118461608887,0.013129124417901039,0.03756515681743622,,0.40733030438423157,
2016-05-12 16:20:00,Donald,Beyer,Just the Facts,,0.962674617767334,0.01126325037330389,0.009058570489287376,0.00579620199277997,0.005388148594647646,
2016-05-13 14:33:20,Mark,DeSaulnier,Have you seen our website lately?,0.027001559734344482,0.7852349877357483,0.04708341509103775,,0.009269448928534985,0.1231517568230629,
2016-05-13 14:33:20,Mark,DeSaulnier,Have you seen our website lately?,0.025259854272007942,0.8168619871139526,0.04947811737656593,,0.009597180411219597,0.09060361236333847,
2016-05-13 14:33:20,Betty,McCollum,"McCollum News: House Passes Opioid Legislation, But More Action Is Needed",0.02421613782644272,0.43017077445983887,0.03308756276965141,0.3999590277671814,,0.08142589032649994,
2016-05-13 14:33:20,David,Cicilline,TOMORROW: Neighborhood Conversation in North Providence,0.5217961668968201,0.41195377707481384,0.04747646674513817,0.006943100597709417,0.0049202460795640945,,
2016-05-13 14:33:20,Patrick,Murphy,Putting Florida First,0.11286723613739014,0.8355808854103088,,,0.012429973110556602,0.01039041206240654,0.009860461577773094
2016-05-13 17:20:00,Nancy,Pelosi,Advancing American Innovation,0.6282829642295837,0.13453376293182373,0.13308581709861755,,0.021698251366615295,0.06918276846408844,
2016-05-13 17:20:00,Steve,Cohen,Receiving the Inaugural GBTA Navigator Award,0.13276740908622742,0.7192632555961609,0.021815262734889984,0.022653678432106972,,0.08637242764234543,
2016-05-13 17:20:00,Joe,Courtney,Great news: interest rates for federal Stafford student loans set to drop,0.012987934984266758,0.5241243839263916,0.051164403557777405,0.05256734788417816,,0.3424164354801178,
2016-05-13 17:20:00,Loretta,Sanchez,College Affordability,0.08636859804391861,0.8326398730278015,0.057139668613672256,0.011679889634251595,0.006475965958088636,,
2016-05-13 17:20:00,Charles,Rangel,Our Nation's Health,0.6977144479751587,0.15014341473579407,0.015151385217905045,0.1000804677605629,,0.025807108730077744,
2016-05-13 17:20:00,Emanuel,Cleaver,EC From DC: Enjoy The Fruits Of Your Labor,0.3947922885417938,0.21381008625030518,0.12874074280261993,0.22591029107570648,0.02888188324868679,,
2016-05-13 20:06:40,Michael,Capuano,E-Update Rep. Capuano,0.04901430755853653,0.22505269944667816,0.026255620643496513,0.6858400106430054,,0.005988543853163719,
2016-05-13 20:06:40,Gregorio,Sablan,"e-Newsletter - Friday, May 13, 2016",0.021030085161328316,0.8976404666900635,0.0471147857606411,0.020558366551995277,0.00694113876670599,,
2016-05-13 20:06:40,Collin,Peterson,Rep. Peterson's Newsletter 5/13/2016,0.7726222276687622,0.1624196171760559,0.0319124236702919,0.01879248023033142,,0.008096856996417046,
2016-05-14 10:00:00,Henry,Cuellar,Congressman Henry Cuellar's Congressional Report for May 14,0.02703559212386608,0.9407224059104919,0.009873829782009125,0.009924378246068954,,,0.0047718314453959465
2016-05-14 10:00:00,Jackie,Speier,Jackie's Reading Picks,,0.12435087561607361,,0.08789873123168945,0.3891482353210449,0.10025341808795929,0.2835645079612732
2016-05-14 12:46:40,Ami,Bera,here's a new update:,0.8589621186256409,0.09235621988773346,0.02089456282556057,0.01355257909744978,,0.005956936627626419,
2016-05-14 15:33:20,Tulsi,Gabbard,Talk story about dengue,0.03339129686355591,0.8849373459815979,0.04160531610250473,0.006909582763910294,,0.0260928962379694,
2016-05-15 13:46:40,Joaquin,Castro,Capitol Hill Update from Congressman Castro,0.5019799470901489,0.3811962902545929,0.022467663511633873,0.07470480352640152,0.007216214668005705,,
2016-05-15 19:20:00,Richard,Nolan,Tune in LIVE on Monday,,0.931646466255188,0.019946666434407234,0.008289194665849209,0.006957601755857468,0.024092135950922966,
2016-05-16 12:00:00,Ted,Lieu,Earthquake Preparedness,,0.2344292551279068,0.01593528315424919,0.01859612949192524,0.0080415615811944,0.7123774290084839,
2016-05-16 14:46:40,Alan,Lowenthal,"Rep. Lowenthal eNewsletter 'The 47th Flyer' - May 16 - Black April, Euality Act, Net Neutrality",0.012814491055905819,0.014544711448252201,0.007475945167243481,0.9588004946708679,,0.0030267704278230667,
2016-05-16 14:46:40,Richard,Nolan,Vets & Soldiers get voice on task force,,0.22522605955600739,,0.09341324120759964,0.010156814008951187,0.5850592851638794,0.07010289281606674
2016-05-16 14:46:40,Michael,Honda,A historic week,0.03272514417767525,0.3190077543258667,,,0.1925838738679886,0.40156272053718567,0.034950047731399536
2016-05-16 14:46:40,Ruben,Gallego,Congressman Gallego's May District Update,0.3020826578140259,0.3529520630836487,0.3249024450778961,,0.009303780272603035,,0.003922611474990845
2016-05-16 17:33:20,David,Loebsack,Building America's Infrastructure,0.05575597658753395,0.908970832824707,0.016948847100138664,,0.006101423408836126,0.004965602420270443,
2016-05-16 17:33:20,Diana,DeGette,Latest Health Care Developments,,0.6912828087806702,,0.05754672735929489,0.07078473269939423,0.07779945433139801,0.06611691415309906
2016-05-16 17:33:20,Derek,Kilmer,Transformers: 2016,0.31343087553977966,0.405965656042099,0.1550067514181137,0.0904792994260788,0.015536176972091198,,
2016-05-16 23:06:40,Eleanor,Norton,"e-Newsletter-Monday, May 16, 2016",,0.46203964948654175,0.037530530244112015,0.038527362048625946,0.1865614652633667,0.21792398393154144,
2016-05-17 13:00:00,Paul,Tonko,"Federal Grant Opportunities - May 17, 2016",0.009266777895390987,0.9459616541862488,0.02329673059284687,0.008296671323478222,,0.005662510171532631,
2016-05-17 13:00:00,Grace,Meng,"You're Invited: Voting Rights Town Hall- May 20, 10am",0.13630793988704681,0.7797679305076599,0.05019115284085274,0.025099338963627815,,0.0035775629803538322,
2016-05-17 13:00:00,Kyrsten,Sinema,Celebrating Military Appreciation Month,0.3277784287929535,0.6039940118789673,0.03334096819162369,0.013329682871699333,0.012001707218587399,,
2016-05-17 18:33:20,Mark,DeSaulnier,Join Us Live on Facebook,0.1459002047777176,0.6213871836662292,0.0907861739397049,0.009605073370039463,,0.12197820842266083,
2016-05-17 21:20:00,Terri,Sewell,Guide to Grants Issue 265- May 17 2016,0.004904626868665218,0.8960588574409485,0.07576507329940796,0.00975264236330986,0.007145673502236605,,
2016-05-18 11:13:20,Sander,Levin,Rep. Levin Works for Effective Response to Zika Virus,,0.527094841003418,0.03254305198788643,0.21274995803833008,0.104854516685009,0.08458525687456131,
2016-05-18 11:13:20,Elijah,Cummings,Fighting the Opioid Epidemic,0.23461787402629852,0.25142398476600647,0.07522349804639816,0.3892577588558197,0.02199794538319111,,
2016-05-18 16:46:40,Janice,Schakowsky,Veterans Town Hall & Older Americans Month,,0.22978509962558746,,0.038400355726480484,0.17999860644340515,0.03807973861694336,0.46866199374198914
2016-05-18 19:33:20,Daniel,Lipinski,Congressman Lipinski Announces 2016 Congressional Art Winner,0.5232173204421997,0.289955198764801,0.14816510677337646,0.023009900003671646,0.006905602291226387,,
2016-05-18 22:20:00,Rick,Larsen,Students taught me how to use a 3-D printer,0.5261247754096985,0.30463775992393494,0.1521255373954773,0.005076282192021608,0.004678067285567522,,
2016-05-19 12:13:20,Suzan,DelBene,National Infrastructure Week,,0.4664933979511261,0.012112810276448727,0.03234909847378731,0.009338129311800003,0.47053107619285583,
2016-05-19 15:00:00,Donald,Beyer,Just the Facts,,0.8704967498779297,,0.0274652112275362,0.040631432086229324,0.00879296287894249,0.04230199009180069
2016-05-19 15:00:00,Mark,Pocan,I want to bring the conversations you are having around the kitchen table to the halls of Congress,0.6231302618980408,0.33602413535118103,0.02207689732313156,0.0069411154836416245,0.0055874851532280445,,
2016-05-19 15:00:00,Patrick,Murphy,Floridians need action now to combat Zika,0.014354516752064228,0.852432370185852,0.01601172797381878,0.05491852015256882,,0.04933042824268341,
2016-05-19 15:00:00,André,Carson,9 Days and Counting...,0.15933369100093842,0.6905432939529419,0.12492536008358002,0.008866340853273869,0.007646642159670591,,
2016-05-19 15:00:00,David,Cicilline,SATURDAY: Neighborhood Conversation in Smithfield,0.03932083025574684,0.8986669182777405,0.01749025098979473,,0.026861436665058136,0.007082263007760048,
2016-05-19 17:46:40,Nita,Lowey,News from Nita: Working Hard for Communities Throughout the Lower Hudson Valley,0.29852285981178284,0.09202302247285843,,0.012473968788981438,0.020132780075073242,0.5646252632141113,
2016-05-19 17:46:40,Mark,DeSaulnier,Send Your Questions Now! We Go Live On Monday.,0.016535993665456772,0.6129013299942017,0.047413088381290436,0.010185261256992817,,0.3031517267227173,
2016-05-19 20:33:20,Chellie,Pingree,The three bills I just introduced in Congress,0.008579717949032784,0.9535739421844482,0.016178330406546593,0.01089520938694477,0.004307078197598457,,
2016-05-19 20:33:20,Judy,Chu,INVITATION- Voting Rights Forum,0.38035714626312256,0.4692164659500122,0.0246766097843647,0.020437609404325485,,0.09230896830558777,
2016-05-20 04:53:20,Lois,Capps,One Year Later: Plains Oil Spill,,0.34313568472862244,0.016356732696294785,0.1909797489643097,0.01170840673148632,0.4226742684841156,
2016-05-20 07:40:00,Ron,Kind,Hearing what Wisconsin is saying,0.12018976360559464,0.187583789229393,0.05076901242136955,0.6151718497276306,,0.019431566819548607,
2016-05-20 10:26:40,Mike,Quigley,Transportation Infrastructure for the 21st Century,,0.8444255590438843,0.04617331922054291,0.08061345666646957,0.008372518233954906,0.009989844635128975,
2016-05-20 16:00:00,Charles,Rangel,One Step Forward,,0.11220475286245346,,0.14246203005313873,0.013349913991987705,0.6876575350761414,0.029879476875066757
2016-05-20 16:00:00,Nancy,Pelosi,A Stunning Vote to Target LGBT Americans,,,0.0010144776897504926,0.003047724487259984,0.01296488381922245,0.9803923964500427,0.0011073785135522485
2016-05-20 16:00:00,Al,Green,Reps. Al Green and Gene Green Urge Increased Federal Funding to Address the Zika Epidemic,,0.021108899265527725,0.0026705265045166016,0.021353764459490776,0.007276235613971949,0.9432799220085144,
2016-05-20 16:00:00,Loretta,Sanchez,U.S. Service Academy Information Day is tomorrow!,0.06659289449453354,0.8802717924118042,0.03705166280269623,0.006055407226085663,0.004738422576338053,,
2016-05-20 16:00:00,Ami,Bera,brief update:,0.13436853885650635,0.05649842694401741,0.023134270682930946,0.7704922556877136,,0.008227174170315266,
2016-05-20 18:46:40,Collin,Peterson,Rep. Peterson's Newsletter 5/20/2016,0.12271255999803543,0.49518516659736633,0.035842299461364746,0.32960444688796997,,,0.006835796404629946
2016-05-20 18:46:40,Joe,Courtney,One step closer to permanently protecting Plum Island,,0.6436177492141724,0.024137044325470924,0.05118551850318909,0.04118509218096733,0.20842412114143372,
2016-05-20 18:46:40,Steve,Cohen,Keeping Drunk Drivers Off the Road,,0.0755009651184082,0.021419387310743332,0.8416862487792969,0.015256361104547977,0.026678010821342468,
2016-05-20 18:46:40,Alma,Adams,Charlotte Community Health Center Receives $1.4 Million Grant ,0.6154283881187439,0.21851907670497894,0.12198703736066818,0.034266676753759384,0.004392257425934076,,
2016-05-20 21:33:20,Michael,Capuano,E-Update Rep. Capuano,0.0037841610610485077,0.02938268892467022,0.010208653286099434,0.91167151927948,,0.04023129120469093,
2016-05-20 21:33:20,Gregorio,Sablan,"e-Newsletter - Friday, May 20, 2016",0.21360941231250763,0.6995517015457153,0.06274208426475525,0.011425411328673363,0.005986036732792854,,
2016-05-21 11:26:40,Jackie,Speier,Jackie's Reading Picks,0.02691040374338627,0.8892344832420349,0.041178829967975616,0.022843707352876663,0.010852868668735027,,
2016-05-21 11:26:40,Henry,Cuellar,Congressman Henry Cuellar's Congressional Report for May 21,0.26186874508857727,0.6648232936859131,0.046353165060281754,,0.00873144343495369,,0.007405387703329325
2016-05-22 12:26:40,Joaquin,Castro,Capitol Hill Update from Congressman Castro,0.2181738018989563,0.6866258382797241,0.022047262638807297,0.012589296326041222,,0.04349610209465027,
2016-05-22 12:26:40,Diana,DeGette,"Protecting Americans' health, safety and rights",,0.2667604982852936,0.05311862751841545,0.20413172245025635,0.09545961022377014,,0.3402892053127289
2016-05-22 15:13:20,Denny,Heck,Rebuilding America to get the South Sound moving again,0.02321472391486168,0.7622362375259399,0.013642344623804092,,,0.13742704689502716,0.04083293303847313
2016-05-23 10:40:00,Cheri,Bustos,Working Together to Reduce Lead Exposure,0.761925458908081,0.17693497240543365,0.013120170682668686,0.02618521824479103,,0.008733776398003101,
2016-05-23 10:40:00,Seth,Moulton,Update: Economic development and national defense,0.18165647983551025,0.7429905533790588,0.022281108424067497,0.014040352776646614,0.02063075453042984,,
2016-05-23 16:13:20,Michelle,Lujan Grisham,E-Newsletter: Protecting Seniors Against Fraud,,0.0625978633761406,0.004581209272146225,0.01959044672548771,0.005267646629363298,0.900230884552002,
2016-05-23 16:13:20,Richard,Nolan,Fixing VA Crisis Line & Vets Choice,0.010797722265124321,0.841158926486969,0.019215913489460945,0.08572017401456833,,0.0314905047416687,
2016-05-23 19:00:00,Eleanor,Norton,"e-Newsletter-Monday, May 23, 2016",0.029542740434408188,0.9044424891471863,0.0315474197268486,,0.013079260475933552,0.013499491848051548,
2016-05-23 21:46:40,Terri,Sewell,Guide to Grants Issue 266 - May 23 2016,,0.9135250449180603,0.059312403202056885,0.007789195980876684,0.008291536010801792,,0.004367905668914318
2016-05-24 11:40:00,Ann,Kuster,"Join Me for a Screening of ""The Ghost Army"" in Concord",0.5228210687637329,0.3504534065723419,0.10237118601799011,,0.008181017823517323,0.007192485965788364,
2016-05-24 11:40:00,Jerrold,Nadler,The Fight for the First LGBT National Monument at Stonewall,0.7729431390762329,0.1199738159775734,0.042630795389413834,,0.02186160534620285,0.03528165444731712,
2016-05-24 11:40:00,Debbie,Wasserman Schultz,Celebrating Jewish American Heritage Month through Music,0.6701881885528564,0.23296813666820526,0.07779818028211594,0.007535537239164114,0.006501809228211641,,
2016-05-24 14:26:40,Ann,Kirkpatrick,SURVEY: Drugs and addiction in our communities,,0.6882445216178894,0.029905643314123154,0.13581787049770355,0.024443496018648148,0.1075553372502327,
2016-05-24 17:13:20,David,Loebsack,Why I'm Fighting,0.034052006900310516,0.753505289554596,,0.12617938220500946,0.01988041400909424,0.044462453573942184,
2016-05-24 20:00:00,Scott,Peters,ALERT: Help Me Curb Gun Violence,0.002726000500842929,0.006056156009435654,,0.008290385827422142,0.007572307251393795,0.9736801385879517,
2016-05-25 12:40:00,Suzan,DelBene,National Foster Care Month,0.031443867832422256,0.43994027376174927,0.015311366878449917,0.017056675627827644,,0.4873618185520172,
2016-05-25 12:40:00,Cheri,Bustos,Wednesday in Moline: Protecting Seniors from Scams,0.015976285561919212,0.6735045909881592,0.019452311098575592,0.0378166064620018,,0.23617492616176605,
2016-05-25 15:26:40,Sander,Levin,Ukrainian Pilot Freed by Russians,0.2303142249584198,0.3518190383911133,0.02044283226132393,0.04291422665119171,,0.33556750416755676,
2016-05-25 18:13:20,Mark,Takai,It has been an honor to serve Hawaii's 1st Congressional District,0.008408884517848492,0.10713779181241989,0.008129280060529709,0.8597933053970337,,0.011409527622163296,
2016-05-25 18:13:20,Katherine,Clark,UPDATE: The fight over free school lunches,,0.05280837044119835,,0.024490347132086754,0.6306540369987488,0.016444643959403038,0.27012065052986145
2016-05-25 18:13:20,Gregory,Meeks,eNewsletter results,,0.059486955404281616,0.004201951902359724,0.003961687907576561,0.005014691036194563,0.9222971200942993,
2016-05-25 21:00:00,Rick,Larsen,Fighting the opioid addiction epidemic,,0.04934607446193695,,0.869779109954834,0.02768733538687229,0.03066040389239788,0.01497416291385889
2016-05-25 23:46:40,Michael,Honda,My Meeting with Bill Nye the Science Guy,0.032900914549827576,0.8657355904579163,0.019285453483462334,0.030291462317109108,0.030003830790519714,,
2016-05-26 10:53:20,Jim,Cooper,"Top 10 at 10: Thursday, May 26",,0.8459523320198059,0.02552812360227108,0.019507108256220818,0.020800244063138962,0.07525072246789932,
2016-05-26 10:53:20,John,Sarbanes,Addressing the Nation's Opioid Abuse Epidemic,,0.09784029424190521,0.007705402560532093,0.059567611664533615,0.012061241082847118,0.8122771382331848,
2016-05-26 10:53:20,David,Cicilline,TONIGHT: Senior Resources Fair in East Providence,0.6463444828987122,0.2753146290779114,0.056637853384017944,0.007065286859869957,,0.0067917765118181705,
2016-05-26 13:40:00,Brad,Ashford,Bringing Nebraska Values to DC,0.7176106572151184,0.23832279443740845,0.028849244117736816,0.005331811960786581,0.004965382628142834,,
2016-05-26 13:40:00,Patrick,Murphy,Let's stay connected!,0.014586249366402626,0.9158378839492798,0.020763196051120758,0.024831470102071762,,0.012366428039968014,
2016-05-26 16:26:40,Ann,Kuster,Catching Up with Annie,0.3600311875343323,0.23294056951999664,0.032921019941568375,0.34457072615623474,,0.021763011813163757,
2016-05-26 16:26:40,Steve,Israel,Message from Congressman Israel - Zika: We Need to Be Prepared,,0.07762778550386429,0.003840881632640958,0.005187052767723799,0.0037467179354280233,0.9048451781272888,
2016-05-26 16:26:40,Ami,Bera,A solemn occasion:,0.008885601535439491,0.0911024659872055,0.009459588676691055,0.8266829252243042,,0.05599402263760567,
2016-05-26 16:26:40,Donald,Beyer,Just the Facts,0.01915101520717144,0.9521013498306274,0.011399073526263237,0.006721201818436384,0.004945847205817699,,
2016-05-26 16:26:40,Elizabeth,Esty,INVITE: Join me on Tuesday for help solving problems with government agencies,0.03871158882975578,0.827578604221344,0.07867773622274399,0.02983236126601696,,0.014848054386675358,
2016-05-26 19:13:20,Karen,Bass,"This Saturday, join me for a forum on U.S.-Africa Policy",0.11900585144758224,0.8194898366928101,0.042948994785547256,0.008343078196048737,,0.004232729785144329,
2016-05-26 19:13:20,Adam,Smith,Congressman Adam Smith's Spring Newsletter,0.015352591872215271,0.1260625720024109,,0.013338971883058548,0.007320285774767399,0.8304410576820374,
2016-05-26 19:13:20,Daniel,Lipinski,"Congressman Lipinski E-Newsletter Update May 26, 2016",,0.2897499203681946,0.019493693485856056,0.6021026372909546,,0.04521849378943443,0.024382706731557846
2016-05-26 19:13:20,Tammy,Duckworth,Helping Americans Afford College,,0.6337379813194275,0.016360202804207802,0.24585014581680298,0.021243035793304443,0.061445098370313644,
2016-05-27 09:06:40,Debbie,Wasserman Schultz,Protecting you and your family from the Zika virus,,0.18851245939731598,0.004851307719945908,0.016193915158510208,0.008161595091223717,0.7741925120353699,
2016-05-27 11:53:20,Jackie,Speier,All Gave Some - Some Gave All,0.0070185731165111065,0.029850682243704796,0.010632902383804321,0.9458310008049011,,,0.0028499106410890818
2016-05-27 11:53:20,Ron,Kind,Helping Communities Combat the Drug Epidemic,,0.8739557862281799,0.010252882726490498,0.06170395761728287,0.008556481450796127,0.030308948829770088,
2016-05-27 11:53:20,Niki,Tsongas,Congress in your Inbox,,0.5242716073989868,0.09736744314432144,0.2665995657444,0.06375009566545486,0.019651295617222786,
2016-05-27 11:53:20,Emanuel,Cleaver,"EC From DC: This is Not a Game, It is the Law",,0.17376144230365753,0.25393256545066833,0.019209586083889008,0.018835345283150673,0.5158387422561646,
2016-05-27 11:53:20,Steve,Cohen,Helping Memphians Who Are Living in Substandard Public Housing Facilities,0.13493458926677704,0.3371991217136383,0.3318072557449341,0.01840990222990513,,0.16361945867538452,
2016-05-27 11:53:20,Betty,McCollum,"McCollum News: Protecting People, Not Polluters",,0.3148142099380493,0.02678798697888851,0.5768179893493652,,0.02382633090019226,0.028581898659467697
2016-05-27 11:53:20,Jim,Cooper,"Top 10 at 10: Friday, May 27",,0.10987088829278946,0.3946973979473114,0.01195413339883089,0.009280556812882423,0.46214956045150757,
2016-05-27 14:40:00,Chris,Van Hollen,"Filling the SCOTUS vacancy, 2016 App Challenge and more",,0.007381997536867857,,0.00967116467654705,0.3176954984664917,0.6554511189460754,0.004954564850777388
2016-05-27 14:40:00,Charles,Rangel,We Can Work Together,0.7212918400764465,0.2405870407819748,0.014722838997840881,0.007235509343445301,0.0068997107446193695,,
2016-05-27 14:40:00,Joe,Courtney,"On this Memorial Day, we honor those lost by standing up for the veterans of today",0.044170480221509933,0.7686281800270081,0.03872013837099075,0.12997104227542877,0.007206634618341923,,
2016-05-27 14:40:00,Henry,Johnson,Congressman Hank Johnson's Memorial Day 2016 E-Newsletter,0.15855525434017181,0.7720445394515991,0.04324179142713547,0.014507723972201347,0.005658518057316542,,
2016-05-27 17:26:40,Loretta,Sanchez,Memorial Day 2016,0.012522788718342781,0.212135910987854,0.007898295298218727,0.014296336099505424,,0.7452436685562134,
2016-05-27 17:26:40,Filemon,Vela,A Special Update from Congressman Filemon Vela,0.04401187226176262,0.8050788640975952,0.06371627748012543,0.0528385192155838,,0.026689713820815086,
2016-05-27 17:26:40,Marcia,Fudge,Celebrate Memorial Day,0.14940926432609558,0.6639865040779114,0.044643253087997437,0.1297103613615036,0.004647301509976387,,
2016-05-27 17:26:40,Nancy,Pelosi,#DoYourJob,,0.0026291070971637964,,0.0051152571104466915,0.6631643176078796,0.32395535707473755,0.002403666265308857
2016-05-27 17:26:40,Michael,Capuano,E-Update Rep. Capuano,,0.8146445155143738,0.029210289940238,0.07759387791156769,0.038513705134391785,,0.01807842217385769
2016-05-27 23:00:00,Gregorio,Sablan,"e-Newsletter - Friday, May 27, 2016",0.7735542058944702,0.10458304733037949,0.03474174812436104,0.07651103287935257,0.004358229227364063,,
2016-05-27 23:00:00,Collin,Peterson,Rep. Peterson's Newsletter 5/27/2016,0.1973797082901001,0.723825216293335,0.04568779841065407,0.02075960487127304,,0.005221233703196049,
2016-05-28 01:46:40,Lois,Capps,On Memorial Day: One Navy SEAL's Story,0.02644864283502102,0.4024655222892761,0.03456767648458481,0.49592363834381104,,0.03303567320108414,
2016-05-28 10:06:40,Henry,Cuellar,Congressman Henry Cuellar's Congressional Report for May 28,0.3797563910484314,0.48540815711021423,0.07633578777313232,0.04659425467252731,,,0.004743110854178667
2016-05-28 10:06:40,Jackie,Speier,Jackie's Reading Picks,0.07804784923791885,0.519461989402771,0.08840160071849823,0.07156099379062653,,0.20047935843467712,
2016-05-28 10:06:40,Raul,Ruiz,Honoring Veterans and Service Members on Memorial Day,0.15138967335224152,0.7271813750267029,0.03912949562072754,0.06420716643333435,,,0.009261686354875565
2016-05-28 12:53:20,Beto,O’Rourke,What I've been up to,0.07971858233213425,0.8729944229125977,0.01577749289572239,0.008320861496031284,0.008269038051366806,,
2016-05-28 12:53:20,Ann,Kirkpatrick,Sign up to keep sharing your opinions,,0.9084875583648682,0.019140973687171936,0.007928036153316498,0.012106837704777718,0.041329026222229004,
2016-05-29 08:20:00,José,Serrano,"Ther Serrano Report - May 29, 2016",,0.5087984800338745,0.018155943602323532,0.023535242304205894,0.038837041705846786,0.38811224699020386,
2016-05-29 08:20:00,Elijah,Cummings,Honoring Our Nation's Fallen Heroes,0.6142712831497192,0.3194045424461365,0.028864789754152298,0.019141603261232376,0.010579315945506096,,
2016-05-29 11:06:40,Diana,DeGette,Protecting Women and Families,,0.015461636707186699,,0.005367707461118698,0.009945177473127842,0.959816575050354,0.00464328657835722
2016-05-29 13:53:20,Joaquin,Castro,Capitol Hill Update from Congressman Castro,0.3408202528953552,0.2895675003528595,0.05842322111129761,0.28574138879776,,,0.010562272742390633
2016-05-29 22:13:20,Michael,Honda,A Busy Few Weeks!,0.6628634333610535,0.2692616879940033,0.035981059074401855,0.011034036055207253,,0.011839902959764004,
2016-05-30 01:00:00,Bobby,Rush,Happy Memorial Day from Congressman Bobby L. Rush,0.8364748358726501,0.11800412833690643,0.0340995267033577,0.004332765471190214,0.003750317730009556,,
2016-05-30 09:20:00,John,Delaney,Memorial Day,,0.18298399448394775,0.008106892928481102,0.008127170614898205,0.004667895846068859,0.7891094088554382,
2016-05-30 09:20:00,David,Loebsack,A Thankful Nation,0.1764887422323227,0.7795408368110657,0.022968459874391556,0.010017972439527512,0.005271383561193943,,
2016-05-30 09:20:00,Gwen,Moore,Memorial Day 2016,0.14214855432510376,0.5930217504501343,,0.20729960501194,,0.02779805287718773,0.012253442779183388
2016-05-30 12:06:40,Ami,Bera,Fwd: A solemn occasion,0.034132324159145355,0.41121232509613037,,0.4899110198020935,,0.03240661695599556,0.016783064231276512
2016-05-30 12:06:40,Julia,Brownley,Remember,0.008431168273091316,0.8253398537635803,0.013494784012436867,0.12477219104766846,,0.0160225797444582,
2016-05-30 12:06:40,Ron,Kind,Honoring Our Fallen Heroes,0.02561180852353573,0.9331463575363159,0.010854655876755714,0.019158847630023956,,0.005164910573512316,
2016-05-30 12:06:40,Mark,DeSaulnier,Memorial Day ,0.02736210823059082,0.8360446095466614,0.07949944585561752,,0.014255067333579063,0.028479136526584625,
2016-05-30 14:53:20,Cedric,Richmond,Happy Memorial Day!,0.0589219331741333,0.05031716823577881,0.015302406623959541,0.8680473566055298,,,0.002986043458804488
2016-05-30 14:53:20,Sean,Maloney,We remember,0.27993494272232056,0.5844404101371765,0.06159165874123573,0.05730860307812691,0.006536569911986589,,
2016-05-30 17:40:00,Derek,Kilmer,Working for those who protect us,0.01363170426338911,0.9050970673561096,,0.03354824706912041,0.009243525564670563,,0.028292257338762283
2016-05-30 17:40:00,Donald,Norcross,Memorial Day Message,0.016540657728910446,0.4900742471218109,0.022614318877458572,0.4517536461353302,,,0.008844383992254734
2016-05-31 10:20:00,Debbie,Wasserman Schultz,Keeping in touch this summer,,0.7888680696487427,0.029253680258989334,0.06338203698396683,0.023659205064177513,0.07303640246391296,
2016-05-31 13:06:40,Richard,Nolan,Pressing for Social Security boost,0.10280371457338333,0.859649121761322,0.02222129888832569,0.004354291595518589,0.006552697625011206,,
2016-05-31 13:06:40,Paul,Tonko,"Federal Grant Opportunities - May 31, 2016",0.005956269800662994,0.9597777128219604,0.017263827845454216,0.006290489807724953,,0.0048320842906832695,
2016-05-31 13:06:40,Suzan,DelBene,A quick update,,0.24770992994308472,0.007150076795369387,0.03173237293958664,0.015264135785400867,0.6889443397521973,
2016-05-31 13:06:40,Ann,Kirkpatrick,LAST DAY: Sign up for e-surveys,,0.921133279800415,0.016132254153490067,0.007618578616529703,0.01078168023377657,0.03332792595028877,
2016-05-31 15:53:20,Donald,Beyer,RSVP NOW - June 13th Town Hall,,0.8186025023460388,0.06914880871772766,0.06954681128263474,0.011444786563515663,0.02402135357260704,
2016-05-31 15:53:20,Earl,Blumenauer,"Inch by Inch, Row by Row",0.005758494604378939,0.9422367215156555,0.010289223864674568,,0.01834408938884735,,0.013552481308579445
2016-05-31 18:40:00,Bill,Foster,You're invited: Senior and Paratransit Panel Discussion,0.7874282598495483,0.14131034910678864,0.05436280369758606,0.007231804542243481,0.004588422365486622,,
2016-05-31 18:40:00,Kurt,Schrader,A Congressional Update from Congressman Schrader,0.012805784121155739,0.6605821251869202,0.0422094501554966,,0.010258501395583153,0.2622421383857727,
2016-05-31 18:40:00,Terri,Sewell,Guide to Grants Issue 267 - May 31 2016,0.005771974101662636,0.90110844373703,0.06669242680072784,0.010364714078605175,0.009064708836376667,,
2016-06-01 08:33:20,Carolyn,Maloney,News for New York's 12th Congressional District,0.06860674172639847,0.08307193219661713,0.026110630482435226,,0.028510909527540207,0.7796934247016907,
2016-06-01 08:33:20,Debbie,Wasserman Schultz,Don't forget - Sign up for my Small Business Workshop!,0.5255763530731201,0.33408135175704956,0.10735336691141129,,0.009686024859547615,0.010526071302592754,
2016-06-01 11:20:00,Jim,Cooper,"Top 10 at 10: June 1, 2016",0.01650468446314335,0.793920636177063,0.07064660638570786,0.07217703014612198,,0.03326250985264778,
2016-06-01 11:20:00,John,Larson,Please Join Rep. Larson for a Community Forum on Israel & the Middle East ,0.026207024231553078,0.6644375324249268,,0.02630086988210678,0.014490725472569466,0.24947309494018555,
2016-06-01 14:06:40,David,Cicilline,Veterans Forum Next Monday,0.1888357698917389,0.7410000562667847,0.040400415658950806,0.010992203839123249,,0.008113382384181023,
2016-06-01 14:06:40,Marc,Veasey,Marc's Memo - May 2016 Updates,0.05212331935763359,0.8910422921180725,0.03157827630639076,0.013870888389647007,0.005372995510697365,,
2016-06-01 16:53:20,Tony,Cárdenas,Focused on What Matters,0.6916658878326416,0.2567440867424011,0.020678600296378136,0.0077420505695044994,0.013032021000981331,,
2016-06-01 16:53:20,Michelle,Lujan Grisham,E-Newsletter: Purple Heart Medal Ceremony,0.02979932352900505,0.23315219581127167,0.015258071944117546,0.009169675409793854,,0.7062005996704102,
2016-06-01 16:53:20,Alan,Lowenthal,"Rep. Lowenthal eNewsletter 'The 47th Flyer' - June 1 - Zika Virus, Vietnam Ban, USCG Closing",0.20275945961475372,0.07556477189064026,0.046800341457128525,0.6664509177207947,,0.003269005799666047,
2016-06-01 19:40:00,C.,Ruppersberger,e-Newsletter from Congressman Dutch Ruppersberger,,0.19771923124790192,0.0074734739027917385,0.04632939025759697,0.711646556854248,,0.029653901234269142
2016-06-01 19:40:00,Mark,Takai,Honoring Memorial Day and Renewing our Commitments to Servcie Members,0.043486423790454865,0.8222522139549255,0.019078748300671577,0.09729562699794769,0.007849962450563908,,
2016-06-01 19:40:00,Barbara,Lee,Congress is missing in action,0.023950522765517235,0.6147693395614624,0.046954263001680374,0.20549069344997406,,0.07816416025161743,
2016-06-02 09:33:20,John,Larson,Grants E-Newsletter - May 2016,0.024067269638180733,0.9352782368659973,0.025540046393871307,0.007763632573187351,0.0041250609792768955,,
2016-06-02 12:20:00,Louise,Slaughter,How many shootings?,,0.2677598297595978,,0.35861197113990784,0.0720142051577568,0.23652514815330505,0.03490109741687775
2016-06-02 12:20:00,Bill,Foster,You're invited: Senior and Paratransit Panel Discussion,0.7859218716621399,0.14640916883945465,0.05102093145251274,0.00693827960640192,0.004498200956732035,,
2016-06-02 15:06:40,Sander,Levin,GOP Poverty Plans Should Not Attack Poor People,,0.5406152009963989,,0.046737510710954666,0.2217549830675125,0.11856083571910858,0.044044457376003265
2016-06-02 15:06:40,Gerald,Connolly,#FindYourPark,,0.48877933621406555,0.0631662979722023,0.06530483812093735,0.0718635693192482,0.27346113324165344,
2016-06-02 15:06:40,Donald,Beyer,Just the Facts,,0.5366953015327454,0.014191779308021069,0.0717071145772934,0.023658905178308487,0.33992767333984375,
2016-06-02 15:06:40,Al,Green,"Congressman Al Green's 2009 Amendment Helps Influence Houston's Inclusion in the ""Secure the Cities"" Initiative",0.3148365616798401,0.07964925467967987,0.039547666907310486,0.16120758652687073,,0.38236191868782043,
2016-06-02 17:53:20,Ann,Kuster,Amplifying your voice,0.7818246483802795,0.13565316796302795,0.04005340114235878,0.03133176267147064,0.005388581659644842,,
2016-06-02 17:53:20,Ed,Perlmutter,MEDIC!,0.2351538985967636,0.6940454840660095,0.05172918364405632,0.007533325348049402,0.007130855228751898,,
2016-06-02 23:26:40,Michael,Honda,Celebrate Pride!,0.868902862071991,0.05680888891220093,,,0.03857290372252464,0.012450837530195713,0.015704108402132988
2016-06-03 13:20:00,James,Langevin,Home Sweet Home,0.030617738142609596,0.4045555889606476,0.016646957024931908,0.433413565158844,,0.0990881696343422,
2016-06-03 13:20:00,Kyrsten,Sinema,Fixing Our National Debt ,0.020078623667359352,0.9507107734680176,0.011168214492499828,0.005296735092997551,0.007045375183224678,,
2016-06-03 13:20:00,Marc,Veasey,MONDAY: Rep. Veasey leads FREE Voting Rights Forum in DFW Metroplex,,0.9187471270561218,0.023671669885516167,0.016688944771885872,0.007892235182225704,0.023153802379965782,
2016-06-03 16:06:40,Charles,Rangel,Keep Wearing Orange,0.002931520575657487,0.006079983897507191,,0.0026075600180774927,0.0019797994755208492,0.9847100377082825,
2016-06-03 16:06:40,Nancy,Pelosi,"Building an Inclusive, Strong & Sustainable Future",0.16625741124153137,0.007249157875776291,,0.012965760193765163,0.1013207882642746,0.7040983438491821,
2016-06-03 16:06:40,Loretta,Sanchez,Immigrant Heritage Month 2016,0.40310123562812805,0.5585659146308899,0.012292103841900826,,0.010790260508656502,,0.006161338184028864
2016-06-03 16:06:40,Cheri,Bustos,A very busy work week!,0.020775437355041504,0.31582269072532654,0.009798092767596245,0.02573094516992569,,0.6196845173835754,
2016-06-03 16:06:40,Emanuel,Cleaver,EC From DC: Preparing for the Zika Virus ,,0.2899430990219116,,0.04770941659808159,0.015286581590771675,0.6208330988883972,0.013188188895583153
2016-06-03 18:53:20,Joe,Courtney,"Peaches, pumpboats, pipelines, and parades - My week in eastern Connecticut",0.848155677318573,0.1039920300245285,0.03285721316933632,0.007195063401013613,,,0.003658398287370801
2016-06-03 18:53:20,Steve,Cohen,Honoring Robert Kennedy and meeting with Anti-Apartheid Leaders in South Africa,0.5850911140441895,0.32831472158432007,0.04751391336321831,0.021653229370713234,,0.007392175495624542,
2016-06-03 18:53:20,Gwen,Moore,Preventing Tragedies Between Police and the Communities They Serve,,0.01258423924446106,0.0031718795653432608,,0.9041317701339722,0.024363048374652863,0.05206171050667763
2016-06-03 21:40:00,Gregorio,Sablan,"e-Newsletter - Friday, June 3, 2016",0.1688598245382309,0.6201509237289429,0.089291512966156,0.08503680676221848,0.017501400783658028,,
2016-06-03 21:40:00,Collin,Peterson,Rep. Peterson's Newsletter 6/3/2016,0.9320305585861206,0.03588913381099701,0.02373720146715641,0.004935211036354303,0.0015695171896368265,,
2016-06-04 11:33:20,Henry,Cuellar,Congressman Henry Cuellar's Congressional Report for June 4,0.08970075845718384,0.8257741928100586,0.022063465788960457,,0.023648647591471672,0.02070830576121807,
2016-06-04 14:20:00,John,Delaney,You're Invited to my Maryland 6th District Job Fair in Montgomery County,0.7631557583808899,0.16741958260536194,0.054156944155693054,0.007265028543770313,0.0036535633262246847,,
2016-06-05 12:33:20,Joaquin,Castro,Capitol Hill Update from Congressman Castro,0.12040974199771881,0.2784363329410553,0.05831611528992653,0.5232798457145691,,0.012621092610061169,
2016-06-06 10:46:40,Michael,Doyle,Reply from Congressman Mike Doyle,,0.12717437744140625,0.01869463361799717,0.0067728422582149506,0.07276813685894012,0.7664451003074646,
2016-06-06 10:46:40,Michael,Honda,Brock Turner's Sentence is Very Sad and Pathetic Display of Justice,,0.008063911460340023,,0.008085168898105621,0.013993339613080025,0.07794752717018127,0.8875083923339844
2016-06-06 10:46:40,John,Carney,Your Input,0.09230174869298935,0.8540461659431458,0.028159260749816895,0.012244272977113724,,0.006532586179673672,
2016-06-06 10:46:40,Jerrold,Nadler,Live Facebook Small Business Event at 12 Noon Today. Join Us!,0.1677231341600418,0.6670911908149719,0.12904618680477142,,0.009222439490258694,0.015443122014403343,
2016-06-06 13:33:20,Jim,Cooper,Top 10 at 10,0.00666953856125474,0.3195955455303192,0.0807497426867485,0.5676440596580505,,0.01701299101114273,
2016-06-06 16:20:00,Jerrold,Nadler,Restructuring of Mt. Sinai Beth Israel Hospital Must Meet Needs of Downtown NYers,,0.254488468170166,0.015631722286343575,0.062397148460149765,0.022977489978075027,0.6307751536369324,
2016-06-06 16:20:00,Steve,Israel,Message from Congressman Israel - Prevent Individuals on the FBI Terror Watchlist from Purchasing Firearms,,0.03712168335914612,0.027417832985520363,0.8671901822090149,,0.03380962461233139,0.02841980941593647
2016-06-06 16:20:00,Gwen,Graham,Tropical Storm Colin,,0.7449488639831543,0.011091012507677078,0.020207516849040985,0.012265900149941444,0.20065703988075256,
2016-06-06 16:20:00,Richard,Nolan,UTac reopening restores another 500 jobs,0.31630250811576843,0.6011437177658081,0.05630740523338318,0.009362553246319294,0.007652629632502794,,
2016-06-06 19:06:40,Terri,Sewell,Guide to Grants Issue 268 - June 6 2016,0.004482166841626167,0.915162980556488,0.058791060000658035,0.007181719411164522,0.007730260491371155,,
2016-06-06 19:06:40,Eleanor,Norton,"e-Newsletter-Monday, June 6, 2016",0.0794699490070343,0.5993701815605164,0.038794368505477905,,0.02875942923128605,0.2360568344593048,
2016-06-06 21:53:20,Michael,Capuano,E-Update Rep. Capuano,0.13335174322128296,0.7917765974998474,0.04086530581116676,0.015941567718982697,0.007614241447299719,,
2016-06-07 11:46:40,Jim,Cooper,"Top 10 at 10: Tuesday, June 7",,0.678240954875946,0.03136318549513817,0.2528418302536011,0.012953070923686028,,0.01236675400286913
2016-06-07 11:46:40,Suzan,DelBene,A quick update,,0.16421137750148773,0.0073011512868106365,0.014050835743546486,0.0067205484956502914,0.8008361458778381,
2016-06-07 11:46:40,Patrick,Murphy,Fighting Against Alzheimer's,0.0406438484787941,0.46575453877449036,0.017936762422323227,0.3637600541114807,,0.08949200063943863,
2016-06-07 14:33:20,Sanford,Bishop,Supporting Our National Defense,0.3259480893611908,0.5767956972122192,0.025422748178243637,0.04800146445631981,0.01315615139901638,,
2016-06-07 14:33:20,Brad,Ashford,Investing in Future Entrepreneurs,0.036825407296419144,0.5456377267837524,0.018182581290602684,0.014100585132837296,,0.37194931507110596,
2016-06-07 14:33:20,Alcee,Hastings,June 2016 - The Hastings Monthly Report,0.025458374992012978,0.21153341233730316,,0.1901445835828781,0.3594495952129364,,0.18406543135643005
2016-06-07 14:33:20,Donald,Payne,Donald's Dispatch: May 2016-Cutting TSA Wait Times,0.04043829068541527,0.590719997882843,0.09810443222522736,,0.01612093672156334,0.23998868465423584,
2016-06-07 20:06:40,Ami,Bera,Great news:,0.8323496580123901,0.11307857185602188,0.04376134276390076,0.004656282719224691,0.00294661452062428,,
2016-06-07 20:06:40,Suzanne,Bonamici,Bonamici Bulletin,0.42970332503318787,0.46670371294021606,0.04663738235831261,0.01596132479608059,0.029861649498343468,,
2016-06-08 12:46:40,Jim,Cooper,"Top 10 at 10: Wednesday, June 8",,0.8015285134315491,0.044450461864471436,0.09458374232053757,0.01830437406897545,0.025527065619826317,
2016-06-08 12:46:40,Sander,Levin,House Passes Measure to Reduce Long Security Lines at Airports ,0.01800798624753952,0.7513171434402466,0.10732501745223999,0.08439513295888901,,0.0179683119058609,
2016-06-08 15:33:20,Raul,Ruiz,Join Me for Veterans University on June 25 and 26,0.008040216751396656,0.9074071645736694,0.025920385494828224,0.03347525745630264,,0.014782066456973553,
2016-06-08 18:20:00,Al,Green,"CONGRESSIONAL ALERT: Reps. Al Green and Gene Green, as well as Other Members of Congress From Texas to Speak Today About Recent Deadly Floods in Texas",,0.5055046677589417,0.045948807150125504,0.09456498175859451,0.02485661953687668,0.3132530152797699,
2016-06-08 23:53:20,Michael,Honda,Six months is not enough,,0.01296640932559967,,0.011638927273452282,0.02119678072631359,0.1717684119939804,0.7765395641326904
2016-06-09 11:00:00,Jim,Cooper,"Top 10 at 10: Thursday, June 9",0.007441810332238674,0.9245928525924683,0.05090366303920746,0.004925363697111607,,0.00583915738388896,
2016-06-09 11:00:00,Nita,Lowey,News from Nita: Working to Keep Guns Away from Terrorists,0.04844929277896881,0.5587063431739807,,0.18272224068641663,0.04703982546925545,0.1444738209247589,
2016-06-09 13:46:40,Ami,Bera,Fwd: Great news,0.7729458808898926,0.16900019347667694,0.041185859590768814,0.007460558786988258,0.004994281567633152,,
2016-06-09 13:46:40,Niki,Tsongas,Quarterly Veterans Newsletter,0.04480366036295891,0.752822995185852,0.012126163579523563,0.021513938903808594,,0.1574038714170456,
2016-06-09 16:33:20,David,Cicilline,Building Futures for Rhode Islanders,0.9364231824874878,0.02971203438937664,0.026883220300078392,0.0026249298825860023,0.002006386872380972,,
2016-06-09 16:33:20,Elizabeth,Esty,"To grow our economy, we need to make things",0.006795742083340883,0.9574776291847229,0.016710413619875908,0.007324207574129105,,,0.004825262352824211
2016-06-09 16:33:20,Donald,Beyer,Just the Facts,0.07965385913848877,0.8433336615562439,0.05557078495621681,0.0059871128760278225,0.006534968968480825,,
2016-06-10 12:00:00,Chellie,Pingree,Did you hear the news about Shaw's?,0.2108021080493927,0.6192092895507812,0.10632859915494919,0.03877687826752663,0.016673369333148003,,
2016-06-10 12:00:00,Joseph,Kennedy,Broken,,0.039785392582416534,0.035613249987363815,0.8094745874404907,,0.05754831060767174,0.04524780064821243
2016-06-10 12:00:00,Jim,Cooper,"Top 10 at 10: Friday, June 10",,0.8172410726547241,0.05571208521723747,0.09047272056341171,0.01212035771459341,,0.011074461974203587
2016-06-10 14:46:40,Al,Green,In Case You Missed it--Houston Chronicle: Deliver flood money: Congress should speed up funding for Houston's critical flood control projects,,0.899773895740509,0.0192703939974308,0.026646334677934647,0.018410082906484604,0.024017732590436935,
2016-06-10 14:46:40,Louise,Slaughter,We need to talk about dangerous medical devices,,0.028273800387978554,,0.051539767533540726,0.03139541298151016,0.7695249319076538,0.1046309843659401
2016-06-10 14:46:40,Kyrsten,Sinema,No Raise for Congress ,0.010827268473803997,0.7976731657981873,,0.13699787855148315,0.019476454704999924,,0.015083898790180683
2016-06-10 17:33:20,Nancy,Pelosi,The Wrong Way on Hunger,,0.0009902742458507419,,0.0015606875531375408,0.9793941378593445,0.015434393659234047,0.0010888633551076055
2016-06-10 17:33:20,Charles,Rangel,What Makes America Beautiful,0.4324680268764496,0.3992029130458832,,0.07427502423524857,0.026566827669739723,,0.03495845943689346
2016-06-10 17:33:20,Nancy,Pelosi,House Republicans' #WrongWay Agenda,0.010520868934690952,,0.004535206127911806,0.013446030206978321,0.35746699571609497,0.6088382005691528,
2016-06-10 17:33:20,Steve,Cohen,"Remembering Memphis Police Officer Verdell Smith, Sr.",0.014561019837856293,0.03800021484494209,0.02438957616686821,0.9114043712615967,,0.008834168314933777,
2016-06-10 17:33:20,Matthew,Cartwright,"53 years later, there's more work to be done",,0.9081964492797852,0.0223368089646101,0.02036183886229992,0.017841486260294914,,0.021219009533524513
2016-06-10 20:20:00,Michael,Capuano,E-Update Rep. Capuano,0.0315200611948967,0.5489516258239746,,0.31522586941719055,0.023572390899062157,0.055142004042863846,
2016-06-10 20:20:00,Loretta,Sanchez,In Honor of Our Veterans of Foreign Wars (VFW),0.057815298438072205,0.8876230120658875,,0.018014371395111084,0.010767897590994835,0.011340318247675896,
2016-06-10 20:20:00,Joe,Courtney,Great News for the City of Norwich,0.09511556476354599,0.7430760860443115,0.03606870025396347,0.03244289010763168,,,0.050785839557647705
2016-06-10 20:20:00,José,Serrano,"The Serrano Report - June 10, 2016",0.02309846505522728,0.10135696828365326,,0.7497563362121582,,0.09596861898899078,0.012176350690424442
2016-06-10 23:06:40,Gregorio,Sablan,"e-Newsletter - Friday, June 10, 2016",0.673335075378418,0.22795908153057098,0.08273077011108398,0.006076630670577288,0.006322864443063736,,
2016-06-10 23:06:40,Collin,Peterson,Rep. Peterson's Newsletter 6/10/2016,0.5694828629493713,0.32069891691207886,0.08817429095506668,0.01277149934321642,0.0046309069730341434,,
2016-06-11 04:40:00,Lois,Capps,A District That Gives Back,0.055808551609516144,0.3068830370903015,0.14939391613006592,0.4515345096588135,,0.029402969405055046,
2016-06-11 10:13:20,Henry,Cuellar,Congressman Henry Cuellar's Congressional Report for June 11,0.08910643309354782,0.8297447562217712,0.018189407885074615,0.012352553196251392,,0.030337871983647346,
2016-06-11 10:13:20,Jackie,Speier,Jackie's Reading Picks,0.05181392282247543,0.22882893681526184,0.06352026760578156,0.05192257836461067,,0.5580839514732361,
2016-06-11 18:33:20,Kathleen,Rice,Thanks for signing up,0.028355592861771584,0.9197533130645752,0.0323246493935585,0.0059453207068145275,,0.006793775595724583,
2016-06-12 11:13:20,Diana,DeGette,Response from Congresswoman DeGette,0.1776849925518036,0.5545408725738525,,,0.049928195774555206,0.10990693420171738,0.07105669379234314
2016-06-12 14:00:00,Joaquin,Castro,Capitol Hill Update from Congressman Castro,0.14475218951702118,0.8045386075973511,0.028814442455768585,0.005534553900361061,0.008102688938379288,,
2016-06-12 19:33:20,Denny,Heck,History lessons from our veterans,0.3112376034259796,0.4275657832622528,0.0457710437476635,0.18828509747982025,,0.01781529188156128,
2016-06-13 09:26:40,David,Loebsack,Fighting Future Floods,0.01980629190802574,0.5164797306060791,0.040774960070848465,0.2654094994068146,,0.1302192062139511,
2016-06-13 12:13:20,Richard,Nolan,China agrees to curb steel production,,0.020266378298401833,0.006072449032217264,0.1942116916179657,,0.7675453424453735,0.0053872717544436455
2016-06-13 12:13:20,Donald,Beyer,Pulse Nightclub Shooting,,0.027542797848582268,,0.14017504453659058,0.04700349643826485,0.7249317765235901,0.047084592282772064
2016-06-13 12:13:20,Jim,Cooper,"Top 10 at 10: Monday, June 13",,0.04017110913991928,,0.8669353127479553,0.023303113877773285,0.03792310133576393,0.017439918592572212
2016-06-13 15:00:00,Tammy,Duckworth,The Fiduciary Rule Can Help Save Your Savings,,0.3349221348762512,0.13497991859912872,0.03124189004302025,0.41106051206588745,,0.06395058333873749
2016-06-13 15:00:00,Derek,Kilmer,School's Out,0.056936170905828476,0.798216700553894,,0.04882873222231865,,0.053827740252017975,0.01612154394388199
2016-06-13 15:00:00,André,Carson,A tragic day,,0.02032504417002201,0.012096390128135681,0.009413794614374638,0.005013525485992432,0.9487470388412476,
2016-06-13 17:46:40,Eleanor,Norton,"e-Newsletter-Monday, June 13, 2016",0.02132556028664112,0.06366576999425888,,0.046081483364105225,0.01658761501312256,0.8410314321517944,
2016-06-13 20:33:20,Xavier,Becerra,Nominate an LGBT Leader,0.07109032571315765,0.5903875231742859,0.03297799080610275,0.15792003273963928,,0.12738659977912903,
2016-06-13 20:33:20,Terri,Sewell,Guide to Grants Issue 269 - June 13 2016,,0.9043758511543274,0.05692881718277931,0.010400669649243355,0.012223904952406883,,0.00643196003511548
2016-06-14 10:26:40,Sanford,Bishop,Fighting the Good Fight,0.7550197839736938,0.11184077709913254,0.06444816291332245,0.058944929391145706,0.005018462426960468,,
2016-06-14 13:13:20,Louise,Slaughter,"VIDEO: Orlando, gun violence, & what to do next",,0.12815532088279724,0.009808152914047241,0.5312328934669495,,0.3089103102684021,0.011566370725631714
2016-06-14 13:13:20,Paul,Tonko,"Federal Grant Opportunities - June 14, 2016",0.00819710548967123,0.9420138597488403,0.031900662928819656,0.007558661047369242,0.00479575339704752,,
2016-06-14 13:13:20,Jim,Cooper,"Top 10 at 10: Tuesday, June 14",0.017832159996032715,0.0766410082578659,0.018224071711301804,0.28051894903182983,,0.5961145758628845,
2016-06-14 16:00:00,Al,Green,CONGRESSIONAL ALERT: Rep. Al Green and Other Members of Congress to Speak Today on the Original LGBTQ Pride Month Resolution,,0.8472263813018799,0.019791189581155777,0.0463104285299778,0.008517039008438587,0.06751782447099686,
2016-06-14 16:00:00,Jerrold,Nadler,The Tragedy in Orlando,,0.010199702344834805,,0.7716704607009888,0.06988060474395752,0.12395623326301575,0.016623442992568016
2016-06-14 21:33:20,Denny,Heck,My thoughts on the tragedy in Orlando,,0.14365412294864655,,0.6827260255813599,0.0220652986317873,0.08168641477823257,0.06286852806806564
2016-06-15 11:26:40,Sander,Levin,Rep. Levin Introduces Landmark Child Welfare Legislation,0.0049255783669650555,0.038326963782310486,0.018877040594816208,0.8069897890090942,,0.1238492950797081,
2016-06-15 11:26:40,Jim,Cooper,"Top 10 at 10: Wednesday, June 15",,0.4603291153907776,0.02764725312590599,0.2264115810394287,,0.2626328468322754,0.009774971753358841
2016-06-15 14:13:20,Beto,O’Rourke,"Vietnam, Honoring Vets, and Two Town Halls ",0.39775604009628296,0.4990507662296295,0.057097241282463074,0.02371189370751381,,,0.009794040583074093
2016-06-15 14:13:20,Ami,Bera,Building a brighter future:,0.0343022346496582,0.9036155939102173,,0.026292990893125534,0.01753954403102398,,0.007031166926026344
2016-06-15 14:13:20,Xavier,Becerra,"Upcoming Events: Telephone Town Hall, Community Office Hours",0.016739744693040848,0.9248529672622681,0.03130292519927025,0.010436402633786201,,0.009889046661555767,
2016-06-15 14:13:20,Barbara,Lee,Exposing Paul Ryan's Lies on Poverty,,0.125812366604805,,0.03495994210243225,0.525402307510376,0.02718244306743145,0.2798669934272766
2016-06-15 14:13:20,Kyrsten,Sinema,Congress Doesn't Deserve a Raise,0.010857882909476757,0.9080873727798462,,0.042537689208984375,0.017541322857141495,0.008607020601630211,
2016-06-15 14:13:20,Carolyn,Maloney,Gun Safety in the Wake of Orlando,,0.01098522450774908,0.0058420319110155106,0.15476037561893463,,0.8070573210716248,0.013662678189575672
2016-06-15 17:00:00,Raul,Ruiz,Announcing Speakers at Veterans University,0.38488101959228516,0.4234817326068878,0.12546157836914062,0.02364949695765972,,0.0307229682803154,
2016-06-15 17:00:00,Steve,Cohen,Congress On Your Corner Friday,0.007458716165274382,0.37777745723724365,0.009226927533745766,0.010810239240527153,,0.5839909911155701,
2016-06-16 12:26:40,Jim,Cooper,"Top 10 at 10: Thursday, June 16",0.5592955946922302,0.349817156791687,0.0443696528673172,0.034787409007549286,0.004132845439016819,,
2016-06-16 12:26:40,Mark,DeSaulnier,Join Us: Bay Area Cancer Moonshot Summit,0.05793304741382599,0.45477113127708435,0.2932022511959076,0.13048897683620453,,0.05724514648318291,
2016-06-16 12:26:40,Brad,Ashford,Bringing World-Class Healthcare to Omaha Veterans,0.006207598838955164,0.9651254415512085,0.01403074525296688,0.004471724387258291,0.00520563218742609,,
2016-06-16 15:13:20,Donald,Beyer,Just the Facts,0.013503678143024445,0.9436360001564026,0.023551126942038536,0.005623562261462212,0.006535761058330536,,
2016-06-16 15:13:20,Eric,Swalwell,Where's the Bill?,0.012715469114482403,0.15251533687114716,0.014132139272987843,0.7804062366485596,,0.020568523555994034,
2016-06-16 15:13:20,Earl,Blumenauer,Enough is Enough,,0.01608670875430107,,0.0058670686557888985,0.2978614866733551,0.6446366906166077,0.0285001490265131
2016-06-16 15:13:20,Daniel,Kildee,Representative Kildee Email Newsletter,0.0060502951964735985,0.11814234405755997,0.007204530760645866,0.006110785063356161,,0.8572804927825928,
2016-06-16 18:00:00,Ruben,Gallego,Invitation: Veterans Employment Event,0.083293117582798,0.8779139518737793,0.02082199603319168,0.00606556236743927,0.005437466781586409,,
2016-06-17 10:40:00,Jim,Cooper,"Top 10 at 10: Friday, June 17",0.00859572272747755,0.03906966373324394,0.011750437319278717,0.2627318203449249,,0.6694362163543701,
2016-06-17 13:26:40,Betty,McCollum,McCollum News: Demanding Action to Prevent Gun Violence,,0.023066706955432892,,0.019317418336868286,0.026826854795217514,0.8981147408485413,0.02762344665825367
2016-06-17 13:26:40,David,Cicilline,Orlando,,,0.007807638496160507,0.01875719055533409,0.00732817267999053,0.9526979923248291,0.008711653761565685
2016-06-17 13:26:40,Ron,Kind,June Dairy Month,0.061789289116859436,0.6115928292274475,0.021630851551890373,0.2582400441169739,,0.019750621169805527,
2016-06-17 13:26:40,Suzan,DelBene,A quick update,0.017126327380537987,0.5009741187095642,,0.020527908578515053,0.007332489360123873,0.44289714097976685,
2016-06-17 13:26:40,Al,Green,In Case You Missed it--Reps. Al Green and Gene Green: Federal proposal could abate flooding woes,,0.4121292531490326,0.03420339152216911,0.0761350691318512,0.039739664644002914,0.4233625531196594,
2016-06-17 16:13:20,Ted,Lieu,REP. TED LIEU PROMOTED TO COLONEL IN THE U.S. AIR FORCE RESERVES,0.48145467042922974,0.2554795742034912,0.08751547336578369,0.154100239276886,,0.01071157492697239,
2016-06-17 16:13:20,Nancy,Pelosi,Orlando,,,0.0009594815201126039,0.003950615879148245,0.003089410485699773,0.9898902177810669,0.0008264348143711686
2016-06-17 16:13:20,Seth,Moulton,Thoughts and Prayers Are Not Enough,,0.01699656993150711,0.004183056764304638,0.07809268683195114,0.004041330888867378,0.8898584842681885,
2016-06-17 16:13:20,Charles,Rangel,Time to Act was Yesterday,0.010323956608772278,0.018537048250436783,0.013595585711300373,0.9464945793151855,,0.008505928330123425,
2016-06-17 16:13:20,Grace,Meng,Happy Father's Day!,0.764789879322052,0.1945672184228897,0.02431964874267578,0.00807004515081644,0.003812213893979788,,
2016-06-17 16:13:20,Emanuel,Cleaver,EC From DC: There is More Power in Unity Than Division ,,0.04168663173913956,,0.010090719908475876,0.2587416172027588,0.060265105217695236,0.6220780611038208
2016-06-17 19:00:00,Steve,Cohen,Remembering the Victims of the Orlando Mass Shooting,0.0022667839657515287,0.003945278003811836,0.004511252976953983,0.008143159560859203,,0.9789412021636963,
2016-06-17 19:00:00,Michael,Capuano,E-Update Rep. Capuano,,0.02749992534518242,0.00757689168676734,0.9309419393539429,0.005858238786458969,0.02081337198615074,
2016-06-17 19:00:00,Collin,Peterson,Rep. Peterson's Newsletter 6/17/2016,0.7872797250747681,0.12627968192100525,0.07226153463125229,0.0075778658501803875,0.0030988373328000307,,
2016-06-17 19:00:00,Ed,Perlmutter,Inaction is Not Acceptable,,0.024653201922774315,0.0035947160795331,0.023208891972899437,,0.9373323321342468,0.006559166591614485
2016-06-17 21:46:40,Loretta,Sanchez,Father's Day,,0.030074523761868477,0.020061543211340904,0.8975762724876404,,0.036227792501449585,0.00976578239351511
2016-06-17 21:46:40,Gregorio,Sablan,"e-newsletter - Friday, June 17, 2016",0.01125331036746502,0.023142915219068527,0.019154084846377373,0.9319874048233032,,0.00770256482064724,
2016-06-18 11:40:00,Alan,Lowenthal,Rep. Lowenthal eNewsletter 'The 47th Flyer' - June 18 - SPECIAL EDITION - The Orlando Tragedy,,0.09782087802886963,,0.10419268906116486,0.11330241709947586,0.619205892086029,0.05376880615949631
2016-06-18 11:40:00,Henry,Cuellar,Congressman Henry Cuellar's Congressional Report for June 18,0.2505306899547577,0.7047026753425598,0.017746618017554283,0.008902798406779766,,,0.007166682742536068
2016-06-19 07:06:40,Elijah,Cummings,Celebrating the 151st Anniversary of Juneteenth,0.5077679753303528,0.43327370285987854,0.03392099216580391,0.010848804377019405,0.007349070627242327,,
2016-06-19 07:06:40,David,Loebsack,Some Fatherly Advice...,0.11601342260837555,0.7777552008628845,0.02491988241672516,0.05030684173107147,,0.01880209520459175,
2016-06-19 12:40:00,Joaquin,Castro,Capitol Hill Update from Congressman Castro,0.027644416317343712,0.04945724457502365,0.0250962283462286,0.2627753019332886,,0.6292612552642822,
2016-06-19 12:40:00,Diana,DeGette,Response from Congresswoman DeGette,,0.04144628718495369,0.290945827960968,0.40419262647628784,0.17038743197917938,0.07629300653934479,
2016-06-19 12:40:00,John,Lewis,Tragedy in Orlando - Zika Town Hall,0.0018330004531890154,0.007433340419083834,0.008524516597390175,0.9784164428710938,,0.0017070206813514233,
2016-06-20 08:06:40,José,Serrano,"The Serrano Report - June 20, 2016",,0.12639474868774414,,0.29666098952293396,0.22180552780628204,0.22055131196975708,0.123402900993824
2016-06-20 10:53:20,Bill,Foster,You're invited: Military Veterans Benefits Forum,0.33417749404907227,0.6145109534263611,0.02525661699473858,0.007174128200858831,0.0071629066951572895,,
2016-06-20 10:53:20,Jim,Cooper,"Top 10 at 10: Monday, June 20",0.022743787616491318,0.261115163564682,0.03611971437931061,0.6477963924407959,,0.024049142375588417,
2016-06-20 10:53:20,Steve,Israel,Significant Funding for Long Island Sound,0.01854565553367138,0.3678756654262543,0.007896704599261284,0.00660992506891489,,0.5890707969665527,
2016-06-20 16:26:40,Brian,Higgins,As we look toward the summer...,0.614936351776123,0.3074534833431244,0.058258771896362305,0.006814764812588692,0.005341094918549061,,
2016-06-20 16:26:40,Richard,Nolan,Promoting Lung Cancer Research,,0.733193576335907,,0.07124772667884827,0.04361859709024429,0.03767165541648865,0.06987959891557693
2016-06-20 19:13:20,Raul,Ruiz,Keep Yourself Safe During Extreme Heat,0.009226883761584759,0.9163854718208313,0.011837099678814411,0.025345483794808388,,0.02763255499303341,
2016-06-20 22:00:00,Xavier,Becerra,"Reminder: Community Office Hours, LGBT Leader Award",0.014273496344685555,0.93248450756073,0.029039476066827774,0.008602922782301903,,0.008828134275972843,
2016-06-20 22:00:00,Eleanor,Norton,"e-Newsletter-Monday, June 20, 2016",0.008070244453847408,0.04989902675151825,0.8729657530784607,0.05443241447210312,0.008839624933898449,,
2016-06-21 11:53:20,Nancy,Pelosi,Skip the Lines,0.0294111967086792,0.9174037575721741,0.012689361348748207,0.01506203692406416,,0.019272541627287865,
2016-06-21 11:53:20,Jim,Cooper,"Top 10 at 10: Tuesday, June 21",,0.5642427802085876,0.026227891445159912,0.1291622817516327,0.024267075583338737,0.23244670033454895,
2016-06-21 11:53:20,Rick,Larsen,VIDEO: Gun Violence - Enough is Enough,,0.010095775127410889,0.005863679572939873,0.9638772010803223,0.011098628863692284,0.005278690718114376,
2016-06-21 14:40:00,Jerrold,Nadler,Protecting Coney Island from the Threat of Global Warming and Rising Tides,0.6332082152366638,0.14658260345458984,0.035847119987010956,,0.0174123365432024,0.1547650247812271,
2016-06-21 14:40:00,Henry,Johnson,"Congressman Hank Johnson's E-Newsletter for June 21, 2016",0.0066136871464550495,0.03803931921720505,,0.062041275203228,0.05025618150830269,0.834938108921051,
2016-06-21 17:26:40,Eric,Swalwell,Where's the Bill?,0.014668682590126991,0.16786068677902222,0.015669969841837883,0.7637867331504822,,0.020777586847543716,
2016-06-22 10:06:40,Jim,Cooper,"Top 10 at 10: Wednesday, June 22",,0.5470519661903381,0.03695999085903168,,0.036477018147706985,0.3490002155303955,0.016585897654294968
2016-06-22 12:53:20,Linda,Sánchez,Rep. Linda Sanchez June Update,0.00409039156511426,0.009254619479179382,0.017479686066508293,0.9588416218757629,,0.008240737020969391,
2016-06-22 15:40:00,Gerald,Connolly,Congress Must Act to Stem The Gun Violence Epidemic,,0.04508350044488907,,0.03075631707906723,0.03614233806729317,0.8373795747756958,0.044703736901283264
2016-06-22 15:40:00,Al,Green,"Congressman Al Green Participates in ""Sit-In"" on the House Floor to Call for a Vote to Address Gun Violence",0.014396807178854942,0.3727675676345825,,0.17087006568908691,0.021827399730682373,0.40134119987487793,
2016-06-22 18:26:40,Kathy,Castor,No more silence and not one more,,0.033233027905225754,,0.006413772236555815,0.8678463697433472,0.07403548806905746,0.013103513978421688
2016-06-22 18:26:40,Nancy,Pelosi,"No Bill, No Break",,0.0010103576350957155,0.0010134606854990125,0.0016686690505594015,0.0014871562598273158,0.9937492609024048,
2016-06-22 18:26:40,Raul,Ruiz,Only a Few Spots Left for Veterans University,0.048905979841947556,0.7771251797676086,0.053541507571935654,0.08648769557476044,,0.021519897505640984,
2016-06-22 18:26:40,Nancy,Pelosi,"No Bill, No Break",0.0009690024890005589,,0.000645994208753109,0.0014492053305730224,0.001368401455692947,0.9949458241462708,
2016-06-22 18:26:40,Carolyn,Maloney,"No Bill, No Break! We Need Gun Reform Now",,0.028840700164437294,,0.03027566522359848,0.09788759052753448,0.7715578675270081,0.0643063634634018
2016-06-22 18:26:40,Mark,Takano,Watch Live Now: Standing Up Against Gun Violence,0.04701313376426697,0.685768723487854,,0.018680192530155182,0.06694058328866959,0.15913443267345428,
2016-06-23 00:00:00,Lois,Capps,Steps Forward on Mental Health,,0.6217410564422607,0.0188907403498888,0.3079890012741089,,0.0326545313000679,0.009076532907783985
2016-06-23 08:20:00,Sander,Levin,Find Summer Meals in Your Community,,0.810955822467804,0.03197086229920387,0.028158340603113174,0.03827418386936188,0.05946086347103119,
2016-06-23 11:06:40,Filemon,Vela,A Special Update from Congressman Filemon Vela,0.7377692461013794,0.14595697820186615,0.09579440951347351,0.011008949019014835,0.00413148058578372,,
2016-06-23 13:53:20,Brad,Ashford,Strengthening our National Security,0.0109004657715559,0.18794728815555573,,0.005775878205895424,0.00508167315274477,0.7822548151016235,
2016-06-23 13:53:20,Mark,DeSaulnier,Join Us: Bay Point Mobile District Office Hours ,0.05115986615419388,0.8120061159133911,0.0889441967010498,0.008975722827017307,,0.028526490554213524,
2016-06-23 13:53:20,Steve,Israel,Democratic Sit-In on the House Floor,,0.15389761328697205,,0.0494702085852623,0.3004915118217468,0.46007439494132996,0.019749192520976067
2016-06-23 13:53:20,Carolyn,Maloney,I Spent the Night on the House Floor for Gun Safety,,0.02097821794450283,,0.01766476407647133,0.22130988538265228,0.6131336092948914,0.11693425476551056
2016-06-23 13:53:20,Donald,Beyer,Doing Our Job By Sitting Down,0.11696907132863998,0.09007720649242401,0.29806241393089294,0.3958800435066223,,0.08279386907815933,
2016-06-23 16:40:00,Barbara,Lee,My thoughts at 3:45 am,,0.18427574634552002,0.021213294938206673,0.40234169363975525,0.06447802484035492,0.30507099628448486,
2016-06-23 16:40:00,Adam,Schiff,Enough,,0.041908133774995804,0.25802677869796753,0.02799990214407444,0.03501204773783684,0.6281611323356628,
2016-06-23 16:40:00,Ami,Bera,It's time for action:,,0.08111777156591415,0.010424009524285793,0.4308430254459381,,0.4515567719936371,0.013541268184781075
2016-06-23 16:40:00,Al,Green,Congressman Al Green Reacts to the Supreme Court Decision in Fisher v. University of Texas,0.0954829752445221,0.623149573802948,0.015191004611551762,,0.018030449748039246,0.22967056930065155,
2016-06-23 16:40:00,Al,Green,Congressman Al Green Reacts to the Supreme Court Deadlocking on President Obama's Immigration Executive Actions,,0.7941427826881409,0.016670411452651024,0.0620536170899868,0.027415717020630836,0.08676397800445557,
2016-06-23 16:40:00,Donald,Beyer,Just the Facts,,0.9053122401237488,0.03368360176682472,0.013205722905695438,0.013104741461575031,0.020482581108808517,
2016-06-23 16:40:00,Henry,Johnson,Congressman Johnson: House Democrats sit-in a 'moment of truth' on gun bills,,0.01623254083096981,,0.006822202354669571,0.01744695007801056,0.9525666832923889,0.0024003186263144016
2016-06-23 16:40:00,Betty,McCollum,McCollum News: Democrats Sit-In To Stop Gun Violence,,0.2236427515745163,,0.07731109112501144,0.027132831513881683,0.6281452178955078,0.02066887356340885
2016-06-23 19:26:40,Terri,Sewell,Guide to Grants Issue 270 - June 23 2016,0.005538974888622761,0.905272901058197,0.06362468749284744,0.00893043726682663,0.009115633554756641,,
2016-06-23 22:13:20,Xavier,Becerra,VIDEO: Give us a vote on gun safety #NoBillNoBreak,0.004771668929606676,,,0.012881937436759472,0.6349959969520569,0.343860000371933,0.0014283490600064397
2016-06-24 12:06:40,Jackie,Speier,Invite to Town Halls: Your opportunity to ask questions!,0.07166314125061035,0.8480046391487122,0.0566820353269577,0.007807045243680477,,0.0065835085697472095,
2016-06-24 12:06:40,Jim,Cooper,"Top 10 at 10: Friday, June 24",,0.236569344997406,0.04023657739162445,0.018706204369664192,0.04563750699162483,0.6403505802154541,
2016-06-24 12:06:40,Judy,Chu,Attention Veterans - Come Join Us This Saturday,0.24377499520778656,0.7039726972579956,0.022714650258421898,0.010126041248440742,,0.007339505944401026,
2016-06-24 12:06:40,Suzan,DelBene,LGBT Equality Day,,0.03285568952560425,,0.006671766750514507,0.009958775714039803,0.9413707852363586,0.0048144543543457985
2016-06-24 12:06:40,Kyrsten,Sinema,Putting Our Troops First ,0.03219686448574066,0.941016435623169,0.010990118607878685,,0.007377614267170429,,0.003140785964205861
2016-06-24 12:06:40,David,Cicilline,26 Hours,0.4568643271923065,0.4785461723804474,0.0322728268802166,0.008241693489253521,,0.01092433650046587,
2016-06-24 14:53:20,Loretta,Sanchez,Comprehensive Immigration Reform,,0.0807827040553093,,0.7467597723007202,0.04380965232849121,0.08763884752988815,0.026826998218894005
2016-06-24 14:53:20,Jerrold,Nadler,Stonewall Inn Becomes the Nation's First LGBT National Monument,0.04900694265961647,0.3723716139793396,0.0625138059258461,0.4346087574958801,,0.07084384560585022,
2016-06-24 17:40:00,Collin,Peterson,Rep. Peterson's Newsletter 6/24/2016,0.8733636140823364,0.0714876800775528,0.044231630861759186,0.005871093366295099,0.002790160244330764,,
2016-06-24 17:40:00,Emanuel,Cleaver,EC From DC: We Can No Longer Be Silent,,0.16563017666339874,,0.3842933773994446,0.036013733595609665,0.31914636492729187,0.08408824354410172
2016-06-24 17:40:00,Steve,Cohen,Sitting In for Common Sense Weapons Laws,0.19389835000038147,0.3590589463710785,0.03261786326766014,0.3750399947166443,0.01903541386127472,,
2016-06-24 17:40:00,Marcia,Fudge,We Haven't Talked in a While,0.0340651199221611,0.38449516892433167,0.025685859844088554,0.5123748779296875,,0.030622415244579315,
2016-06-24 17:40:00,John,Larson,Enough is Enough,,0.2760637402534485,,0.040307339280843735,0.04126685857772827,0.6142268180847168,0.018432488664984703
2016-06-24 17:40:00,Niki,Tsongas,Share your thoughts on gun violence prevention,,0.7818046808242798,,0.020291967317461967,0.13659410178661346,0.032316654920578,0.011286388151347637
2016-06-24 17:40:00,Nancy,Pelosi,#NoBillNoBreak,0.0016234772047027946,,,0.004565107170492411,0.07075433433055878,0.9199432134628296,0.001330672181211412
2016-06-24 17:40:00,Donald,Norcross,Honor for Fallen Hero Is Official,0.05851433053612709,0.8147718906402588,0.06038744002580643,0.056651461869478226,0.0042712795548141,,
2016-06-24 17:40:00,Charles,Rangel,Standing Up By Sitting In,0.48237186670303345,0.3923422396183014,,0.034091703593730927,0.024858510121703148,0.038145747035741806,
2016-06-24 20:26:40,Gregorio,Sablan,"e-Newsletter - Friday, June 24, 2016",0.12034940719604492,0.7257864475250244,0.0461442731320858,0.023555444553494453,0.04871373251080513,,
2016-06-24 20:26:40,Michael,Capuano,E-Update Rep. Capuano,0.09707272797822952,0.44881293177604675,0.07063892483711243,0.3518286943435669,0.02101617492735386,,
2016-06-24 20:26:40,Jerrold,Nadler,Historic Sit-In on House Floor,,0.21443980932235718,0.02121659368276596,0.016885021701455116,0.13023340702056885,0.6049643158912659,
2016-06-24 20:26:40,Gwen,Moore,Happy Ramadan,0.8663298487663269,0.08983214944601059,0.031536221504211426,0.006194270681589842,0.0035160568077117205,,
2016-06-25 10:20:00,Henry,Cuellar,Congressman Henry Cuellar's Congressional Report for June 25,0.4860241711139679,0.41216394305229187,0.050351809710264206,,,0.027969250455498695,0.009188393130898476
2016-06-25 10:20:00,José,Serrano,"The Serrano Report - June 25, 2016",,0.026112128049135208,,0.00853638630360365,0.011328596621751785,0.9443824887275696,0.004580950830131769
2016-06-26 11:20:00,Diana,DeGette,Preventing Gun Violence and Protecting Our Kids,0.05990457907319069,0.43593406677246094,,0.12313469499349594,0.05225270614027977,0.27605921030044556,
2016-06-26 14:06:40,Joaquin,Castro,Capitol Hill Update from Congressman Castro,,0.8241776823997498,0.026034986600279808,0.044190630316734314,0.018255846574902534,0.058947399258613586,
2016-06-27 12:20:00,Al,Green,Congressman Al Green Lauds the Supreme Court Decision in the Whole Woman's Health v. Hellerstedt Case,,0.8457500338554382,0.01607551798224449,0.07515458017587662,0.03155369311571121,0.014222316443920135,
2016-06-27 12:20:00,Al,Green,Congressman Al Green Proud to Have Played Role in Securing Funding for the Completion of the Buffalo Bayou Path: Smith Street/Travis Street Link,0.03876053914427757,0.893406093120575,0.027487926185131073,0.022909723222255707,,0.007826111279428005,
2016-06-27 12:20:00,Joyce,Beatty,The Beatty Bulletin,0.08282405883073807,0.8607384562492371,0.024642840027809143,,0.007426956202834845,0.011499134823679924,
2016-06-27 12:20:00,Jim,Cooper,"Top 10 at 10: Monday, June 27",0.015814635902643204,0.5215173363685608,0.09302183985710144,0.027661707252264023,,0.33041849732398987,
2016-06-27 12:20:00,Richard,Nolan,Stop terrorists from buying guns,0.004925468936562538,0.03356177359819412,,0.004786006174981594,0.022813953459262848,0.926809549331665,
2016-06-27 15:06:40,Derek,Kilmer,Time for a Sit-Down,0.0028851779643446207,0.014919168315827847,0.012524088844656944,0.9650129675865173,,0.002121053170412779,
2016-06-27 15:06:40,Sanford,Bishop,Honoring Our Past While Embracing Our Progress,0.6280348300933838,0.25041577219963074,0.07470614463090897,0.03296486660838127,0.0067219906486570835,,
2016-06-27 15:06:40,Mark,Pocan,We need fewer moments of silence and far more moments of action in Congress,,0.3626515567302704,0.03552548587322235,0.28371667861938477,0.1307617723941803,0.15935412049293518,
2016-06-27 17:53:20,Ami,Bera,you're invited:,0.2935410737991333,0.6462129354476929,0.027420537546277046,0.013658045791089535,0.009131105616688728,,
2016-06-27 17:53:20,David,Cicilline,No More Silence,0.814784824848175,0.14003196358680725,0.030045855790376663,0.006653365213423967,,0.004501383285969496,
2016-06-27 20:40:00,Terri,Sewell,Guide to Grants Issue 271 - June 27 ,0.0056078024208545685,0.9030924439430237,0.06687124073505402,0.00946083478629589,0.007840813137590885,,
2016-06-27 20:40:00,Eleanor,Norton,"e-Newsletter-Monday, June 27, 2016",0.011695289053022861,0.059100810438394547,0.009652874432504177,,0.013845228590071201,0.8993149995803833,
2016-06-28 10:33:20,Paul,Tonko,"Federal Grant Opportunities - June 28, 2016",0.007822596468031406,0.9458264112472534,0.02126297540962696,0.00897865928709507,,0.007902855984866619,
2016-06-28 10:33:20,Diana,DeGette,Let's Talk DC Here in Denver,0.00880569126456976,0.8260045647621155,0.1455674022436142,,0.004924508277326822,0.008651682175695896,
2016-06-28 10:33:20,Patrick,Murphy,Serving the Treasure Coast and Palm Beaches,0.11449447274208069,0.8044512271881104,0.03249315917491913,0.03339187055826187,0.00668384600430727,,
2016-06-28 13:20:00,Michelle,Lujan Grisham,WEDNESDAY -- Gun Violence Prevention Rally in Albuquerque,0.006026228424161673,0.10191036760807037,0.005614288616925478,0.007441796362400055,,0.8723625540733337,
2016-06-28 13:20:00,Jerrold,Nadler,Creating the First Ever National Monument to LBGT History at Stonewall,0.040748029947280884,0.06865280866622925,0.008271768689155579,,0.008939041756093502,0.8669496178627014,
2016-06-28 13:20:00,Jim,Cooper,"Top 10 at 10: Tuesday, June 28",,0.06592561304569244,0.15696287155151367,0.6319652199745178,0.00766689283773303,0.12889918684959412,
2016-06-28 13:20:00,Judy,Chu,Enough is Enough: Join Rep. Chu at Day of Action on Gun Violence Prevention - 6/29/16,,0.04267939552664757,0.025952614843845367,0.09498632699251175,0.054341938346624374,0.7689769864082336,
2016-06-28 13:20:00,Charles,Rangel,Go Out and Vote Today,0.019770968705415726,0.8877325057983398,0.031046830117702484,,0.019563501700758934,0.022705303505063057,
2016-06-28 16:06:40,Eric,Swalwell,Time for Action on Gun Violence Prevention,,0.6288585662841797,0.016686460003256798,0.033920709043741226,0.03246799856424332,0.2673589587211609,
2016-06-28 16:06:40,Nita,Lowey,News from Nita: Fighting for commonsense gun laws,0.01769001968204975,0.02630244381725788,,0.3694538474082947,0.03194195404648781,0.5441025495529175,
2016-06-28 16:06:40,John,Lewis,TOMORROW: Town Hall Meeting on Gun Violence,,0.8106896877288818,0.04565941169857979,0.02839072421193123,0.013260232284665108,0.08589597791433334,
2016-06-28 16:06:40,Scott,Peters,Providing for a Strong National Defense,0.0029916202183812857,0.015027404762804508,,0.004836871288716793,,0.9705855846405029,0.0029281468596309423
2016-06-28 16:06:40,David,Cicilline,FW: No More Silence,0.4094226062297821,0.5145942568778992,0.04268022999167442,0.015601936727762222,,0.010911192744970322,
2016-06-28 16:06:40,Sanford,Bishop,This Week in Washington,0.0529835969209671,0.061620082706213,0.01278526522219181,0.8560290336608887,,0.007765656802803278,
2016-06-28 18:53:20,Alan,Lowenthal,"A Special Invitation from Congressman Alan Lowenthal - Wednesday, June 29 Community Forum on Gun Violence",,0.4382762312889099,0.0224628709256649,0.04444371908903122,0.024832013994455338,0.4352726936340332,
2016-06-28 18:53:20,John,Carney,INVITE: Teletown Hall on Preventing Gun Violence,0.01992008648812771,0.7693278789520264,,0.02415109984576702,0.01345653273165226,0.15611909329891205,
2016-06-28 18:53:20,Al,Green,Rep. Al Green Joins Colleagues in Calling for Action to Address Gun Violence,0.013577090576291084,0.7087690234184265,,0.05957677215337753,0.035477880388498306,0.16444122791290283,
2016-06-28 18:53:20,Kyrsten,Sinema,Join Us for Kyrsten In Your Community,0.029591506347060204,0.9222193956375122,0.01955147087574005,0.015943679958581924,0.005179984495043755,,
2016-06-28 21:40:00,Chris,Van Hollen,"Taking action against gun violence, combating Zika, and more",0.02054831199347973,0.021640509366989136,,0.07013112306594849,0.12675145268440247,0.7561798095703125,
2016-06-29 00:26:40,Mark,Takano,Changes to your commute,0.011610453948378563,0.9632242321968079,0.009967791847884655,0.005112065002322197,0.003988470882177353,,
2016-06-29 00:26:40,Tony,Cárdenas,Invite from Congressman Cardenas,0.053179096430540085,0.22642840445041656,0.062451187521219254,0.5906836986541748,,0.0436939001083374,
2016-06-29 11:33:20,Jim,Cooper,"Top 10 at 10: Wednesday, June 29",0.012969481758773327,0.34167012572288513,0.11579752713441849,0.50656658411026,,0.01538993138819933,
2016-06-29 14:20:00,Louise,Slaughter,Why we held a sit in on the House floor,,0.005155773367732763,,0.04422500357031822,0.82405024766922,0.11522698402404785,0.007723989896476269
2016-06-29 14:20:00,Elizabeth,Esty,Taking a stand to save lives,,0.2176416963338852,0.02007943205535412,0.06040940433740616,0.04983697831630707,0.6348315477371216,
2016-06-29 14:20:00,John,Delaney,"House Passes Delaney Legislation to Improve Services, Lower Costs",0.0503949373960495,0.907153308391571,0.02983374334871769,0.0041872295551002026,0.004019525833427906,,
2016-06-29 14:20:00,Sander,Levin,Rep. Levin Supports LGBT Rights ,0.11914022266864777,0.6313421130180359,,,0.12734317779541016,0.03511505946516991,0.04230669140815735
2016-06-29 17:06:40,Tammy,Duckworth,Demanding Action to Reduce Gun Violence,,0.006980794481933117,,0.02264019474387169,0.016220174729824066,0.8397097587585449,0.10713254660367966
2016-06-29 17:06:40,Ami,Bera,Fwd: Invite,0.017218686640262604,0.9266775846481323,0.026024924591183662,0.01594708301126957,0.006435098592191935,,
2016-06-29 17:06:40,Niki,Tsongas,National Day of Action,0.023778794333338737,0.6976894736289978,,0.04406705126166344,0.024182602763175964,0.18584290146827698,
2016-06-29 17:06:40,Janice,Schakowsky,Update On Efforts to Pass Gun Safety Legislation,,,0.0033921340946108103,0.0035856585018336773,0.008315053768455982,0.9733895659446716,0.007708653341978788
2016-06-29 19:53:20,Nancy,Pelosi,A National Day of Action for Commonsense Gun Violence Prevention,0.009551665745675564,,0.002605143701657653,0.051109712570905685,0.8886933922767639,0.0447254441678524,
2016-06-30 12:33:20,Suzan,DelBene,A quick update,,0.10813657194375992,0.010647594928741455,0.3128640353679657,,0.5472506880760193,0.012366924434900284
2016-06-30 12:33:20,Jackie,Speier,Don't miss out! Your opportunity to ask questions!,0.045101672410964966,0.8798671960830688,0.051244113594293594,0.01135238353163004,0.005098363850265741,,
2016-06-30 12:33:20,Kurt,Schrader,A Congressional Update from Congressman Schrader,0.01603875868022442,0.5763685703277588,0.017850743606686592,0.009750845842063427,,0.3713056743144989,
2016-06-30 15:20:00,Zoe,Lofgren,Disarm Hate,0.02060731127858162,0.633223831653595,,0.14666718244552612,0.05405702814459801,0.11799898743629456,
2016-06-30 15:20:00,Donald,Beyer,Just the Facts,,0.08262790739536285,0.025964263826608658,0.012401671148836613,,0.8525242805480957,0.0206711757928133
2016-06-30 15:20:00,Stacey,Plaskett,News and Updates from Congresswoman Stacey Plaskett,,0.11559857428073883,,0.02344931848347187,0.09656353294849396,0.7461073994636536,0.008701293729245663
2016-06-30 15:20:00,Ann,Kuster,Catching Up with Annie,,0.0020772861316800117,0.0027291662991046906,0.0031037027947604656,,0.9880051016807556,0.0019171700114384294
2016-06-30 18:06:40,Marc,Veasey,Marc's Memo - June 2016 Updates,0.011837795376777649,0.9337411522865295,,0.014812853187322617,0.010906923562288284,0.01668671704828739,
2016-07-01 05:13:20,Niki,Tsongas,Now accepting submissions for the Summer Photo Contest!,0.06434260308742523,0.7874210476875305,0.09247217327356339,0.029359808191657066,0.01211312785744667,,
2016-07-01 08:00:00,Charles,Rangel,Our Differences Make America Strong,0.02054712548851967,0.048527270555496216,,0.009820315055549145,,0.8860387206077576,0.01826879009604454
2016-07-01 10:46:40,David,Cicilline,Sit-In,0.18160539865493774,0.5870435237884521,0.040767211467027664,0.045298267155885696,,0.1215285062789917,
2016-07-01 13:33:20,Frank,Pallone,Reducing Gun Violence,,0.003302615834400058,0.006979845929890871,0.005417342763394117,,0.978074312210083,0.002766591729596257
2016-07-01 13:33:20,Collin,Peterson,Rep. Peterson's Newsletter 7/1/2016,0.9144245386123657,0.03192828968167305,0.04576260969042778,0.004245521500706673,0.0018948554061353207,,
2016-07-01 13:33:20,Loretta,Sanchez,Independence Day,0.0915968269109726,0.10743775218725204,,0.5269022583961487,0.022728314623236656,0.23559245467185974,
2016-07-01 13:33:20,Steve,Cohen,Hosting a Gun Violence Prevention Meeting,0.16672854125499725,0.4892542064189911,0.03223451226949692,0.02395687624812126,,0.2698765993118286,
2016-07-01 13:33:20,Jim,Costa,Happy Fourth of July,0.186353862285614,0.7379471063613892,0.04881667345762253,0.01712041348218918,0.003887738101184368,,
2016-07-01 13:33:20,Daniel,Lipinski,Lipinski Invites Veterans to Share Their Stories for the Library of Congress Veterans History Project,0.009901483543217182,0.9361096024513245,0.01174010057002306,0.0219170693308115,,0.011373422108590603,
2016-07-01 16:20:00,Jared,Huffman,"Tues, July 5 @ 4:30 pm PDT | Join Me for a Facebook Live Q&A on Gun Violence Prevention",0.011239071376621723,0.9005442261695862,0.02514049969613552,0.02305533178150654,,0.030198227614164352,
2016-07-01 16:20:00,Adam,Smith,Office of Congressman Smith July and August Mobile Office Hours,0.020071985200047493,0.5408886671066284,0.010931091383099556,0.009870607405900955,,0.40941092371940613,
2016-07-01 16:20:00,Joe,Courtney,Happy Fourth of July Weekend!,0.6836339831352234,0.22241024672985077,0.07165402173995972,0.0103684077039361,0.005652901250869036,,
2016-07-01 16:20:00,Nancy,Pelosi,Disarm Hate,0.006203769706189632,0.0040510776452720165,,0.27744704484939575,0.1591145098209381,0.5479696989059448,
2016-07-01 16:20:00,Jim,Costa,Happy Fourth of July - Updated,0.3020183742046356,0.607335090637207,0.05565641075372696,0.024622436612844467,0.003971568774431944,,
2016-07-01 16:20:00,Michael,Capuano,E-Update Rep. Capuano,0.14127197861671448,0.7918591499328613,0.03120056539773941,0.01838378980755806,0.009406052529811859,,
2016-07-01 16:20:00,Henry,Johnson,Congressman Hank Johnson's 2016 Fourth of July E-Newsletter,0.059597939252853394,0.8745614290237427,0.027372220531105995,,0.009292347356677055,0.020840194076299667,
2016-07-01 19:06:40,Xavier,Becerra,VIDEO: Los Angeles Comes Together to Act On Gun Safety,0.0673656091094017,0.8508598208427429,0.024050001055002213,0.02150447852909565,,0.019624808803200722,
2016-07-01 21:53:20,Gregorio,Sablan,"e-Newsletter - Friday, July 1, 2016",0.04363539442420006,0.8299887776374817,0.03905864804983139,0.029946520924568176,,0.03532753139734268,
2016-07-02 03:26:40,Michael,Honda,Enough is enough!,,0.03971549868583679,,0.009663691744208336,0.326376348733902,0.5320018529891968,0.08455315232276917
2016-07-02 11:46:40,Henry,Cuellar,Congressman Henry Cuellar's Congressional Report for July 2nd,0.849927544593811,0.0966527909040451,0.03901433199644089,0.00806919950991869,0.0024970597587525845,,
2016-07-03 07:13:20,Elijah,Cummings,Celebrating Independence Day,0.3142958879470825,0.6052095293998718,0.03767067566514015,0.03447103127837181,0.0033863128628581762,,
2016-07-04 08:13:20,David,Loebsack,Home of the Brave,0.2596392333507538,0.6911168098449707,0.02951364405453205,0.006089235655963421,0.0069850897416472435,,
2016-07-04 11:00:00,Julia,Brownley,Wishing You A Happy July 4th!,0.2983557879924774,0.6095259189605713,0.03859309107065201,0.03799175098538399,,0.007083400618284941,
2016-07-04 11:00:00,Raul,Ruiz,Celebrating the 4th of July,0.567204475402832,0.3240607976913452,0.06888806074857712,0.033092379570007324,0.0028721624985337257,,
2016-07-04 11:00:00,Rick,Larsen,A Breakthrough for Veterans,0.8744779229164124,0.0890117958188057,0.021374108269810677,0.00798719935119152,0.003820281708613038,,
2016-07-04 11:00:00,David,Cicilline,Happy Independence Day,0.7760701775550842,0.1807750016450882,0.02835152857005596,0.006718685384839773,0.003801547223702073,,
2016-07-04 11:00:00,Grace,Meng,Our Nation's 240th Birthday,0.46055737137794495,0.4935832917690277,0.024850141257047653,0.009487279690802097,0.006282734218984842,,
2016-07-05 12:00:00,Jim,Cooper,"Top 10 at 10: Tuesday, July 5",,0.6513845920562744,0.034274037927389145,0.19925886392593384,0.04612289369106293,,0.03940752521157265
2016-07-05 14:46:40,Sean,Maloney,Guns,,0.005647783633321524,0.001695077633485198,0.0033893492072820663,0.0019112065201625228,0.9850286245346069,
2016-07-05 14:46:40,Jackie,Speier,Save the Date! Stop Sexual Harassment in Science,,0.3622152507305145,,0.03168268874287605,0.08463649451732635,0.2070740908384323,0.2954706847667694
2016-07-05 14:46:40,James,Langevin,The Moment is Now,0.012228317558765411,0.24534447491168976,0.03182118013501167,0.32991695404052734,,0.37064510583877563,
2016-07-05 14:46:40,Bill,Pascrell,"A Letter from Congressman Bill Pascrell, Jr.",,0.4090218245983124,0.02994171716272831,0.20134983956813812,0.04838510975241661,0.28096845746040344,
2016-07-05 14:46:40,Richard,Nolan,Uniting against illegal foreign steel,0.060868777334690094,0.7049269080162048,,0.027246857061982155,0.11435332149267197,0.06242617219686508,
2016-07-05 14:46:40,Suzan,DelBene,A quick update,,0.39843493700027466,,0.06276395916938782,0.017557481303811073,0.48788729310035706,0.02181205339729786
2016-07-05 17:33:20,Juan,Vargas,Join the Competition!,,0.8998278975486755,0.03478680178523064,0.03254147991538048,0.0063711125403642654,0.01817525178194046,
2016-07-05 17:33:20,James,Himes,The only thing we can't do is to continue to be silent and to do nothing.,,0.5016754865646362,0.02757277339696884,0.4255255460739136,0.009634762071073055,0.019667359068989754,
2016-07-05 17:33:20,Terri,Sewell,Guide to Grants Issue 272 - July 5 2016 (2).pdf,0.0054831416346132755,0.9100632667541504,0.06091659143567085,0.007838881574571133,0.008429022505879402,,
2016-07-05 17:33:20,John,Larson,Grants E-Newsletter - June 2016,0.019412636756896973,0.9447178244590759,0.01788877695798874,0.00929263699799776,0.00446616904810071,,
2016-07-05 20:20:00,Michael,Capuano,Follow Me on Twitter,0.03896163031458855,0.8018757104873657,0.07193861156702042,,0.01670166291296482,0.053910110145807266,
2016-07-05 20:20:00,Carolyn,Maloney,Returning to the House and the Fight for Gun Safety,,0.4126853048801422,0.022082090377807617,0.16570353507995605,0.06509969383478165,0.3155633211135864,
2016-07-05 23:06:40,Eleanor,Norton,Congresswoman Eleanor Holmes Norton's e-Newsletter,0.11003495752811432,0.47531816363334656,0.06791592389345169,0.2539788782596588,,0.08127553015947342,
2016-07-06 13:00:00,Jim,Cooper,"Top 10 at 10: Wednesday, July 6",,0.9283930659294128,0.021177373826503754,0.01770852506160736,,0.011615846306085587,0.011226080358028412
2016-07-06 13:00:00,Sander,Levin,Michigan House Democrats Unite to Urge Action on Gun Safety Legislation ,0.12288957834243774,0.5636400580406189,0.1311710923910141,0.06378559023141861,0.0668163076043129,,
2016-07-06 13:00:00,Jackie,Speier,"Save the Date! Stop Sexual Harassment in Science, Tuesday, July 19",,0.36334919929504395,,0.03173486515879631,0.08429201692342758,0.21039867401123047,0.2912399470806122
2016-07-06 13:00:00,Raúl,Grijalva,Your July Update,0.023724526166915894,0.8847628235816956,0.017176136374473572,,0.039089448750019073,0.014618947170674801,
2016-07-06 13:00:00,Donald,Payne,Veterans Town Hall and Claims Clinic,0.6097840666770935,0.3094639182090759,0.05730060115456581,0.010439914651215076,0.005418387241661549,,
2016-07-06 15:46:40,Suzanne,Bonamici,Bonamici Bulletin,0.006425212603062391,0.011822746135294437,0.6728647947311401,0.2598521411418915,,0.04217365384101868,
2016-07-06 18:33:20,Steny,Hoyer,Are you following me on social media?,0.022381968796253204,0.9198243618011475,0.015353398397564888,0.01919432356953621,0.010517077520489693,,
2016-07-06 21:20:00,Judy,Chu,Announcing Start of 2016 Photo Contest- Rep. Judy Chu,0.558264434337616,0.26364752650260925,0.1352776437997818,,0.02060510963201523,0.014842026866972446,
2016-07-07 11:13:20,Alma,Adams,Do you support common sense gun reforms?,0.01236905436962843,0.9349105358123779,0.014808855019509792,,0.02083323523402214,,0.007786830887198448
2016-07-07 11:13:20,Alcee,Hastings,The Hastings Monthly Report - July 2016,,0.42362773418426514,,0.3913354277610779,0.04152774438261986,0.09928321093320847,0.020242366939783096
2016-07-07 11:13:20,Niki,Tsongas,Stay in touch,,0.8894167542457581,0.020785754546523094,0.03914675861597061,0.012063320726156235,0.022448072209954262,
2016-07-07 11:13:20,George,Butterfield,Heard It First: June/July 2016,,0.06566988676786423,0.01855778880417347,0.6043615937232971,0.016167933121323586,0.27436792850494385,
2016-07-07 16:46:40,Donald,Beyer,Just the Facts,,0.07301793992519379,0.009979396127164364,0.033496756106615067,,0.8653480410575867,0.007937484420835972
2016-07-07 16:46:40,Diana,DeGette,Reminder: Let's Talk DC Here in Colorado,0.00880569126456976,0.8260045647621155,0.1455674022436142,,0.004924508277326822,0.008651682175695896,
2016-07-07 19:33:20,Carolyn,Maloney,Update on Congress and Comey hearing,,0.2416752576828003,0.02246323972940445,0.03371051326394081,0.02030411921441555,0.6747817993164062,
2016-07-08 12:13:20,David,Cicilline,Sitting Down to Stand Up,0.01404683105647564,0.12064813822507858,,0.1858709156513214,0.011383106000721455,0.6469854712486267,
2016-07-08 12:13:20,Al,Green,FEMA Extends Deadline for Texans to Apply for Disaster Aid,0.023074181750416756,0.8910175561904907,,0.020395340397953987,0.011522813700139523,0.04130686819553375,
2016-07-08 15:00:00,Debbie,Dingell,A very special birthday,0.6242482662200928,0.1395908147096634,0.20664364099502563,0.019821155816316605,0.006836360786110163,,
2016-07-08 15:00:00,Ron,Kind,Success! VA Reform Bill Passes House,0.047043416649103165,0.896390438079834,0.03513238951563835,0.010692214593291283,0.004887833259999752,,
2016-07-08 15:00:00,Loretta,Sanchez,13th Annual Orange County Veterans' Fair,0.12485294789075851,0.8114742040634155,0.04053973779082298,,0.007350883912295103,0.006827122066169977,
2016-07-08 17:46:40,Steve,Cohen,Gaining Momentum in Fight for Independent Prosecutors for Police Shootings,0.02541661262512207,0.07852941751480103,0.011011055670678616,0.6159537434577942,,0.25674277544021606,
2016-07-08 17:46:40,Gwen,Moore,Three Days of Senseless Violence,,0.04217515140771866,0.017017588019371033,0.768092930316925,,0.1477053463459015,0.009455826133489609
2016-07-08 17:46:40,Donald,Payne,Donald's Dispatch: It's Time to Act on Gun Violence,0.02968904748558998,0.6853137612342834,,0.016127943992614746,0.04491535946726799,0.20388738811016083,
2016-07-08 17:46:40,Joe,Courtney,Helping to reunite families with abducted children,0.8961923718452454,0.06871981173753738,0.01584208942949772,0.010979984886944294,0.003379911184310913,,
2016-07-08 17:46:40,Emanuel,Cleaver,EC From DC: Words Matter,,0.04646814242005348,0.017601262778043747,0.6145278215408325,,0.2750038504600525,0.03574097156524658
2016-07-08 17:46:40,Nancy,Pelosi,91 Deaths a Day,,0.009060370735824108,,0.04893575981259346,0.006369468756020069,0.9189121127128601,0.011268391273915768
2016-07-08 17:46:40,Kyrsten,Sinema,UPDATE re: Protecting Our Seniors ,,0.8847858905792236,,0.01192061509937048,0.019962817430496216,0.0582030788064003,0.009951410815119743
2016-07-08 17:46:40,Charles,Rangel,America's Heart is Heavy,,0.02738821692764759,,0.8934979438781738,0.013038733042776585,0.052794042974710464,0.007586377207189798
2016-07-08 17:46:40,Ed,Perlmutter,Dallas,,0.003715650876984,0.0019168596481904387,0.008031710051000118,0.0021377005614340305,0.9817625284194946,
2016-07-08 17:46:40,Al,Green,Congressman Al Green Condemns Killing of Peace Officers in Dallas,,0.02925104834139347,,0.7503486275672913,0.043332573026418686,0.10357644408941269,0.06592261046171188
2016-07-08 20:33:20,Collin,Peterson,Rep. Peterson's Newsletter 7/8/2016,0.90383380651474,0.04671357199549675,0.03544216230511665,0.01029331237077713,0.0018165154615417123,,
2016-07-08 20:33:20,Michael,Capuano,E-Update Rep. Capuano,,0.03228295221924782,0.6457648277282715,0.13351142406463623,0.008154225535690784,0.17333950102329254,
2016-07-08 23:20:00,Gregorio,Sablan,"e-Newsletter - Friday, July 8, 2016",0.4654632806777954,0.3307138979434967,0.09838880598545074,0.08888653665781021,0.007448985707014799,,
2016-07-10 11:26:40,Diana,DeGette,"Healing Our Communities, Advancing Healthcare",,0.029255064204335213,0.3787323236465454,0.17695549130439758,0.11527597159147263,0.28304240107536316,
2016-07-10 14:13:20,Joaquin,Castro,Capitol Hill Update from Congressman Castro,0.006920858286321163,0.01770242303609848,0.005586365237832069,0.9611579775810242,,0.004732986446470022,
2016-07-10 17:00:00,Sean,Maloney,Six Million,0.06143440306186676,0.8634517192840576,0.035410333424806595,0.02395680733025074,,0.00872055720537901,
2016-07-11 12:26:40,Richard,Nolan,USFS to hold Iron Range listening session,,0.2070411592721939,0.01721399836242199,0.024465452879667282,0.029561813920736313,0.7060136198997498,
2016-07-11 12:26:40,Cheri,Bustos,Looking for the best photo,0.3155829608440399,0.5463159084320068,0.11463358253240585,0.007857216522097588,0.010135435499250889,,
2016-07-11 12:26:40,Nita,Lowey,News from Nita: Working to Keep Our Communities Safe,,0.0029883533716201782,0.01806754805147648,0.005371228326112032,0.0040776608511805534,0.9665257930755615,
2016-07-11 12:26:40,Jim,Cooper,"Top 10 at 10: Monday, July 11",,0.16124852001667023,0.04896709695458412,0.0745285302400589,0.016524167731404305,0.6857566237449646,
2016-07-11 18:00:00,Eleanor,Norton,"e-Newsletter-Tuesday, July 11, 2016",0.7610357403755188,0.14582912623882294,0.02492910623550415,,0.038823530077934265,0.011612284928560257,
2016-07-11 18:00:00,Terri,Sewell,Guide to Grants Issue 273 - July 11 2016,,,,,,,
2016-07-11 18:00:00,Derek,Kilmer,A Difficult Week,0.023451559245586395,0.6473498940467834,,0.26531797647476196,,0.02417175844311714,0.02074473723769188
2016-07-12 05:06:40,Lois,Capps,Funding the Fight Against Wildfires,,0.6282994747161865,0.0199042446911335,0.2069510817527771,0.013390392065048218,0.11802452802658081,
2016-07-12 10:40:00,Jim,Cooper,"Top 10 at 10: Tuesday, July 12",,0.5044919848442078,0.09046269208192825,0.05293856933712959,,0.30962806940078735,0.025710072368383408
2016-07-12 10:40:00,Pete,Aguilar,Know anyone looking for a job?,0.05136068910360336,0.8669580221176147,0.06128166615962982,0.00838613323867321,,0.005522220861166716,
2016-07-12 10:40:00,Suzan,DelBene,A quick update,,0.15661296248435974,0.005214313045144081,0.015607059001922607,0.008539460599422455,0.8071863055229187,
2016-07-12 13:26:40,Steny,Hoyer,Hoyer Continues to Work to Bring the FBI to Maryland,0.015112340450286865,0.8236260414123535,,0.038714926689863205,0.019551990553736687,0.08596591651439667,
2016-07-12 13:26:40,Bill,Pascrell,Keep up with Rep. Pascrell!,0.03787752240896225,0.9117075204849243,0.030162198469042778,0.007829955779016018,,0.0052908784709870815,
2016-07-12 16:13:20,Jackie,Speier,"REMINDER: Stop Sexual Harassment in Science, Tuesday, July 19",,0.4001658856868744,,0.022870026528835297,0.07953838258981705,0.20060770213603973,0.27980417013168335
2016-07-12 16:13:20,Susan,Davis,News from Congresswoman Susan Davis,,0.01700069196522236,0.007175803184509277,0.020030809566378593,,0.9423457384109497,0.007726379204541445
2016-07-12 16:13:20,Paul,Tonko,"Federal Grant Opportunities - July 12, 2016",0.008362534455955029,0.9436551928520203,0.023182939738035202,0.009512518532574177,,0.0074369097128510475,
2016-07-12 16:13:20,Ruben,Gallego,Rep. Gallego District Update,0.25954577326774597,0.662018895149231,0.013691351749002934,0.020927278324961662,0.026140153408050537,,
2016-07-12 21:46:40,Xavier,Becerra,Upcoming Events: Coffee with your Congressman and more,0.02039286307990551,0.9293153285980225,0.02509470097720623,0.008806359022855759,,0.009309092536568642,
2016-07-13 00:33:20,Mark,Takano,Changes to your commute,0.011610453948378563,0.9632242321968079,0.009967791847884655,0.005112065002322197,0.003988470882177353,,
2016-07-13 08:53:20,José,Serrano,"The Serrano Report - July 13, 2016",,0.0444595105946064,0.08622659742832184,0.516616702079773,,0.32059913873672485,0.02110026217997074
2016-07-13 11:40:00,Ami,Bera,here's the latest:,,0.13701361417770386,0.025720439851284027,0.30026865005493164,,0.5083085298538208,0.014101325534284115
2016-07-13 11:40:00,Niki,Tsongas,How can we help?,0.018406840041279793,0.2922672927379608,,0.007785383146256208,0.0073812310583889484,0.6630386710166931,
2016-07-13 11:40:00,Sander,Levin,Warren Vietnam veteran honored with Purple Heart,,0.5779666900634766,0.13622808456420898,0.09806576371192932,0.020436204969882965,0.14252309501171112,
2016-07-13 11:40:00,Cheri,Bustos,Follow Me on Social Media,0.05215001851320267,0.9112786650657654,0.02194097824394703,0.0051347981207072735,0.005031534004956484,,
2016-07-13 14:26:40,Bill,Foster,You're invited: Senior and Paratransit Panel Discussion,0.7174126505851746,0.20325835049152374,0.05974208191037178,0.008040027692914009,0.00534170912578702,,
2016-07-13 17:13:20,Alan,Lowenthal,"Rep. Lowenthal eNewsletter 'The 47th Flyer' - July 14 - Gun Violence, Cambodian Freedoms, Public Lands",,0.01124715618789196,,0.9341069459915161,0.005833264905959368,0.03622902184724808,0.005814517382532358
2016-07-13 20:00:00,Sanford,Bishop,GA-02 Annual Photo Contest,0.24706870317459106,0.6514535546302795,0.05924654379487038,0.025389989838004112,0.009435181505978107,,
2016-07-14 07:06:40,Elijah,Cummings,A critical moment for America,,0.04042880982160568,0.008896533399820328,0.9213547706604004,,0.013218303211033344,0.009066379629075527
2016-07-14 09:53:20,Jim,Cooper,"Top 10 at 10: Thursday, July 14",,0.06211631000041962,0.33132439851760864,0.00963515043258667,,0.5694916248321533,0.011487217620015144
2016-07-14 12:40:00,David,Cicilline,Evening of Remembrance,,0.13560041785240173,,0.04945506900548935,0.08682001382112503,0.6957079172134399,0.012469198554754257
2016-07-14 12:40:00,Xavier,Becerra,Telephone Town Hall Postponed,0.0064406683668494225,0.8081752061843872,0.03833054006099701,0.12937822937965393,0.008194171823561192,,
2016-07-14 12:40:00,Steve,Cohen,Congress on your Corner Tomorrow,0.008100963197648525,0.38360580801963806,0.008933418430387974,0.011537362821400166,,0.5771923065185547,
2016-07-14 12:40:00,Daniel,Lipinski,"Congressman Lipinski Hosts Town Hall Meeting, 2 Senior Fairs and Veterans Fair in July",0.022802669554948807,0.8176614046096802,0.022217433899641037,0.06700117886066437,,0.055646348744630814,
2016-07-14 15:26:40,Donald,Beyer,Just the Facts,0.03593401610851288,0.9086639285087585,0.037035610526800156,0.008715871721506119,0.00507161533460021,,
2016-07-14 18:13:20,Al,Green,Congressman Al Green Attends Memorial Service for Fallen Dallas Peace Officers,,0.44200384616851807,0.018799956887960434,0.13185566663742065,0.02233177050948143,0.35536137223243713,
2016-07-14 18:13:20,Elizabeth,Esty,Make It In America,0.04831673949956894,0.8940861821174622,0.04300442337989807,0.003829935099929571,0.006599172949790955,,
2016-07-14 18:13:20,David,Loebsack,Caring for Iowa's Seniors,0.016704430803656578,0.934711754322052,0.008119681850075722,0.020144840702414513,,0.008342940360307693,
2016-07-14 18:13:20,Ann,Kuster,A New Milestone,0.4108383357524872,0.346868634223938,0.1448999047279358,0.0783388540148735,,0.009681321680545807,
2016-07-14 18:13:20,Donald,Norcross,Breaking the Silence About the Disease of Addiction,0.03751569241285324,0.8468793034553528,0.021614156663417816,0.06453078985214233,,0.01930905319750309,
2016-07-15 10:53:20,Jim,Cooper,"Top 10 at 10: Friday, July 15",0.006097674369812012,0.031851328909397125,0.052905336022377014,0.4823140799999237,,0.42079484462738037,
2016-07-15 10:53:20,Mike,Quigley,Continued Inaction in Congress,,0.011895272880792618,0.009954601526260376,0.9695671796798706,,0.0024122896138578653,0.0023387714754790068
2016-07-15 10:53:20,Kyrsten,Sinema,June Monthly Newsletter,0.00999405700713396,0.2506217062473297,,0.016300654038786888,0.03205838054418564,0.6786772012710571,
2016-07-15 13:40:00,Pete,Aguilar,Do you think suspected terrorists should be able to buy guns?,0.08499667793512344,0.8614270091056824,0.0329706072807312,0.008337237872183323,0.005816107150167227,,
2016-07-15 16:26:40,Loretta,Sanchez,Summer Travel Safety Tips,,0.618976354598999,0.01647087372839451,0.018484868109226227,0.013568451628088951,0.31780654191970825,
2016-07-15 16:26:40,Suzanne,Bonamici,Please Join Me for a Telephone Town Hall Meeting!,0.08971597999334335,0.8186919093132019,0.0443902388215065,0.01693347655236721,0.0136512890458107,,
2016-07-15 16:26:40,Michael,Capuano,E-Update Rep. Capuano,,0.02545069344341755,,0.8009896278381348,0.03758763521909714,0.10690271109342575,0.013033976778388023
2016-07-15 16:26:40,Steve,Cohen,Fighting to Rebuild Trust Between Police and the African American Community,,0.2238842397928238,,0.15857970714569092,0.06314742565155029,0.36628618836402893,0.15345348417758942
2016-07-15 16:26:40,Nancy,Pelosi,We're Not Going Away,,0.07589396089315414,,0.13469311594963074,0.7193276286125183,0.029163546860218048,0.029800022020936012
2016-07-15 16:26:40,Charles,Rangel,Love Drives Out Hate,0.028517242521047592,0.057715244591236115,0.006917526945471764,0.8904600143432617,,0.007020541466772556,
2016-07-15 16:26:40,Joe,Courtney,Travel Tips for Summer 2016,0.012891501188278198,0.9091522693634033,0.01814679428935051,0.012648181989789009,,0.040159840136766434,
2016-07-15 19:13:20,Janice,Schakowsky,Summer Recess Update,,0.2491525560617447,,0.541358232498169,0.09302894026041031,0.07712813466787338,0.014585779048502445
2016-07-15 19:13:20,Xavier,Becerra,VIDEO: National Speak Out on Gun Violence,0.010910240933299065,0.11066586524248123,,0.010351431556046009,0.02673959545791149,0.8338990807533264,
2016-07-15 19:13:20,Tony,Cárdenas,Change is Happening Soon!,0.20141400396823883,0.6851157546043396,0.09642203152179718,0.004726513288915157,0.006678818725049496,,
2016-07-15 19:13:20,Al,Green,"Congressman Al Green to Join Pastor Kirbyjon Caldwell, the Houston Police Department, and the Harris County District Attorney for a ""Courageous Conversation"" at the Kingdom Builders' Center",0.044227663427591324,0.21623021364212036,0.033169254660606384,0.6851624846458435,,0.01156765315681696,
2016-07-15 22:00:00,Collin,Peterson,Rep. Peterson's Newsletter 7/15/2016,0.9015194773674011,0.04895413666963577,0.032704200595617294,0.012592402286827564,0.002184077398851514,,
2016-07-16 00:46:40,Gregorio,Sablan,"e-Newsletter - Friday, July 15, 2016",0.5411584973335266,0.3392523229122162,0.09486014395952225,0.015306381508708,0.005420489236712456,,
2016-07-16 11:53:20,Jackie,Speier,Jackie's Reading Picks,0.03315705433487892,0.21749670803546906,,0.6394302248954773,,0.05111445114016533,0.02728196233510971
2016-07-17 12:53:20,Diana,DeGette,Protecting Lives and the Environment,,0.16422756016254425,0.054457563906908035,0.41779711842536926,,0.27711424231529236,0.057221222668886185
2016-07-18 08:20:00,Elijah,Cummings,I'd like to hear from you,0.02527960203588009,0.912662923336029,0.025246432051062584,0.02156360074877739,,0.008138173259794712,
2016-07-18 08:20:00,John,Larson,It's good to be home,0.5338457226753235,0.39300036430358887,0.041015949100255966,0.01666373573243618,0.007305797189474106,,
2016-07-18 11:06:40,Tulsi,Gabbard,Your right to know,,0.8182590007781982,0.04162301495671272,0.10907130688428879,0.011066846549510956,,0.009519724175333977
2016-07-18 11:06:40,Grace,Meng,Hunger Doesn't Take a Summer Vacation,,0.7244781255722046,,0.04305967688560486,0.011299455538392067,0.19690166413784027,0.01094525121152401
2016-07-18 13:53:20,Adam,Schiff,Connect with Me,0.029551155865192413,0.8111584186553955,0.021497825160622597,0.09600348025560379,,0.03017359785735607,
2016-07-18 13:53:20,Brad,Ashford,2nd Annual Veterans Resource and Jobs Summit,0.09858499467372894,0.8436672687530518,0.03286129608750343,0.009162651374936104,,0.007677978835999966,
2016-07-18 13:53:20,Richard,Nolan,Supporting new Iron Range jobs,0.20859912037849426,0.7395947575569153,0.013399050571024418,0.012345765717327595,0.012190152890980244,,
2016-07-18 13:53:20,Niki,Tsongas,Stay in touch,,0.8873005509376526,0.021517891436815262,0.04031859338283539,0.01218506321310997,0.02261650376021862,
2016-07-18 16:40:00,David,Loebsack,Do YOU know the next Steve Jobs?,0.09001699835062027,0.8337404727935791,0.05759401619434357,0.004817415028810501,0.00792357511818409,,
2016-07-18 16:40:00,Filemon,Vela,A Special Update from Congressman Filemon Vela,,0.7285118103027344,0.026731660589575768,0.06227581575512886,0.010233433917164803,0.15763673186302185,
2016-07-18 16:40:00,Beto,O’Rourke,Join me at my next town hall meeting,0.3750155568122864,0.5561248660087585,0.02913632057607174,0.017603591084480286,,0.01177585031837225,
2016-07-18 16:40:00,Richard,Nolan,Supporting new Iron Range jobs,0.10170699656009674,0.8269907832145691,0.03460196778178215,0.022455601021647453,0.007299346849322319,,
2016-07-18 16:40:00,Bill,Foster,Gun Violence in Our Communities,,0.24193048477172852,,0.04811394214630127,0.07636056840419769,0.6100682020187378,0.011132392100989819
2016-07-18 19:26:40,Eleanor,Norton,"e-Newsletter-Monday, July 18, 2016",,0.028236066922545433,0.00899484008550644,0.920650064945221,0.006467942614108324,0.025790058076381683,
2016-07-19 06:33:20,Lois,Capps,What Isn't in the GMO Labeling Bill,,0.39712411165237427,0.019082453101873398,0.052249446511268616,0.05343961343169212,0.459856778383255,
2016-07-19 09:20:00,Tammy,Duckworth,"Let's honor the victims of gun violence not with moments of silence, but with action",0.007027330342680216,0.06803161650896072,0.009331774897873402,0.8330848813056946,,0.07175718247890472,
2016-07-19 12:06:40,Ami,Bera,Invite: ,0.16967998445034027,0.6937252283096313,0.10400020331144333,0.011725076474249363,0.009737120941281319,,
2016-07-19 12:06:40,Ted,Lieu,Telephone Town Hall,,0.637112557888031,0.020006442442536354,0.049052271991968155,0.1481950730085373,0.1250290721654892,
2016-07-19 12:06:40,Jim,Cooper,"Top 10 at 10: Tuesday, July 19",,0.5610235929489136,0.09647371619939804,0.06468907743692398,0.023803912103176117,0.24081206321716309,
2016-07-19 17:40:00,Al,Green,"Congressman Al Green Has ""Courageous Conversation"" About Police-Community Relations at Kingdom Builders' Center",0.2541460394859314,0.6100483536720276,0.02155267633497715,0.061598096042871475,,0.026250598952174187,
2016-07-19 17:40:00,Ed,Perlmutter,"Student Loans, Veterans & Getting Money Out of Politics",0.007574617397040129,0.8084378242492676,0.017709217965602875,0.05394404008984566,,0.09891300648450851,
2016-07-19 20:26:40,Terri,Sewell,Guide to Grants Issue 274 - July 19 2016,,0.9016095995903015,0.06065686047077179,0.009359126910567284,0.012020806781947613,,0.006465006619691849
2016-07-20 10:20:00,Patrick,Murphy,Taking the fight to Washington,0.03738713636994362,0.14644746482372284,,0.41627219319343567,,0.3367328941822052,0.031092779710888863
2016-07-20 10:20:00,Beto,O’Rourke,The Latest ,0.048098742961883545,0.030947845429182053,0.012336626648902893,,0.04633635655045509,0.850902259349823,
2016-07-20 10:20:00,Jim,Cooper,"Top 10 at 10: Wednesday, July 20",0.12593181431293488,0.7639365792274475,0.053418103605508804,0.046171002089977264,0.0037796685937792063,,
2016-07-20 15:53:20,Sander,Levin,"Police, Community Leaders Discuss Violence Prevention ",,0.3375179171562195,0.018807051703333855,0.014626415446400642,0.039233073592185974,0.5717304944992065,
2016-07-20 18:40:00,Linda,Sánchez,Latest from Linda,0.058570217341184616,0.5315676331520081,0.13490650057792664,0.14583738148212433,,0.10870978236198425,
2016-07-20 18:40:00,Al,Green,Congressman Al Green Supports Fifth Circuit's Ruling on the Texas Voter ID Law,0.03723521903157234,0.8796343207359314,,0.009892714209854603,0.04589406028389931,,0.01233054231852293
2016-07-21 11:20:00,Jim,Cooper,"Top 10 at 10: Thursday, July 21",,0.756316602230072,0.01864459179341793,0.10287263989448547,0.07501382380723953,,0.033300917595624924
2016-07-21 11:20:00,Mark,Pocan,Pocan Post: Summer Session Updates from Congress,0.012185289524495602,0.007741505280137062,,0.17343443632125854,0.016241243109107018,0.7838319540023804,
2016-07-21 14:06:40,James,Himes,Join Me for an Important Discussion on Race,,0.8058741092681885,0.026006149128079414,0.0517839752137661,0.00925909262150526,0.09455672651529312,
2016-07-21 14:06:40,Kathy,Castor,JOIN ME TONIGHT! Telephone Townhall meeting: Community Conversation on Solutions to Prevent Gun Violence,0.34410208463668823,0.5504689812660217,0.048611342906951904,0.02208334393799305,,0.01938186213374138,
2016-07-21 14:06:40,Donald,Beyer,Just the Facts,,0.3578196167945862,,0.02136596105992794,0.5508896112442017,0.018551822751760483,0.030040597543120384
2016-07-21 14:06:40,John,Sarbanes,Addressing Recent Acts of Violence Across the Country,,0.008947079069912434,0.010658466257154942,0.08763100951910019,0.008012747392058372,0.879044771194458,
2016-07-21 14:06:40,Pete,Aguilar,Last Call For Résumés,0.09051910042762756,0.7655543684959412,0.11972524225711823,0.010131670162081718,0.006383615080267191,,
2016-07-21 16:53:20,José,Serrano,"The Serrano Report - July 21, 2016",,0.043259698897600174,,0.015264328569173813,0.016437014564871788,0.9023644328117371,0.014986332505941391
2016-07-21 16:53:20,Nydia,Velázquez,Velázquez E-Update ,,0.023743776604533195,0.01654769293963909,0.9197556972503662,0.019972700625658035,0.015057381242513657,
2016-07-21 16:53:20,Nita,Lowey,News from Nita: Fighting to End Child Hunger in the Lower Hudson Valley,0.053874075412750244,0.18022042512893677,,0.04904906451702118,0.012638392858207226,0.6921069025993347,
2016-07-22 06:46:40,Chellie,Pingree,My thoughts on the House floor sit-in,,0.39976605772972107,,0.0368373766541481,0.08995503932237625,0.4345327913761139,0.020013341680169106
2016-07-22 09:33:20,Jim,Cooper,"Top 10 at 10: Friday, July 22",0.039041560143232346,0.4604806900024414,0.14324474334716797,0.2903808653354645,0.0418749637901783,,
2016-07-22 09:33:20,Loretta,Sanchez,2016 Congressional App Challenge,0.3122560381889343,0.5823439955711365,0.08633662760257721,0.0044012428261339664,0.008279968984425068,,
2016-07-22 12:20:00,Timothy,Walz,Rep. Walz E-Newsletter - Summer 2016,0.22090068459510803,0.6936963796615601,0.029316263273358345,0.04411058872938156,,0.005123790819197893,
2016-07-22 12:20:00,Suzan,DelBene,A quick update,,0.39605996012687683,,0.030479535460472107,0.020852701738476753,0.5274600386619568,0.014199995435774326
2016-07-22 12:20:00,Jerrold,Nadler,Judiciary Committee Hearing with AG Lynch Should Focus on Gun Violence,,0.04514985531568527,,0.06080114096403122,0.021514449268579483,0.8122891187667847,0.05270155146718025
2016-07-22 12:20:00,Kyrsten,Sinema,Denying Money to Terrorists ,0.010428400710225105,0.8575600981712341,0.009831036441028118,,0.024115124717354774,0.08091310411691666,
2016-07-22 12:20:00,David,Cicilline,Right Track,0.08276030421257019,0.7787750959396362,0.022275403141975403,0.06628663092851639,,0.036264289170503616,
2016-07-22 12:20:00,Sean,Maloney,3 vets bills,0.039406392723321915,0.5840771198272705,0.027093950659036636,0.21555976569652557,,0.11707476526498795,
2016-07-22 15:06:40,Charles,Rangel,America is Already Working ,0.07547073811292648,0.4014028012752533,0.036801777780056,,0.00924448948353529,0.4660661518573761,
2016-07-22 15:06:40,Michael,Capuano,E-Update Rep. Capuano,,0.7788788676261902,0.030304905027151108,0.04580624774098396,0.021675284951925278,0.09882961958646774,
2016-07-22 15:06:40,Tony,Cárdenas,Did you hear?,,0.8686276078224182,0.059555746614933014,0.025030402466654778,0.01130218617618084,0.02088373340666294,
2016-07-22 17:53:20,Joe,Courtney,Good News for the Norwich Community,0.8457857370376587,0.1078103706240654,0.021254900842905045,0.011766066774725914,,0.006182096432894468,
2016-07-22 17:53:20,Steve,Cohen,Welcoming U.S. Secretary of Commerce Penny Pritzker to Memphis,0.849090576171875,0.08451136946678162,0.04691281169652939,0.010949678719043732,0.0031767860054969788,,
2016-07-22 17:53:20,Steny,Hoyer,Congressman Hoyer Continues to Focus on Keeping Marylanders Safe and Secure,,0.3457423448562622,,0.13286703824996948,0.18958260118961334,0.29491668939590454,0.021760951727628708
2016-07-22 17:53:20,Brad,Ashford,Summer Vacation,,0.22617757320404053,0.010226994752883911,0.011390152387320995,0.005194257944822311,0.740510106086731,
2016-07-22 17:53:20,Nancy,Pelosi,Heritage through the Arts,0.6979944109916687,0.230325847864151,0.024264810606837273,0.013626675121486187,,0.02312811277806759,
2016-07-22 20:40:00,Gregorio,Sablan,"This Week in Congress - Friday, July 22, 2016",0.13023293018341064,0.5117817521095276,0.2227867692708969,,0.038539107888936996,0.06048344075679779,
2016-07-22 20:40:00,Gregorio,Sablan,Pardon us as we make upgrades to our e-newsletter,0.011054592207074165,0.9609454870223999,0.013324513100087643,0.005777329672127962,0.005237500183284283,,
2016-07-22 20:40:00,Collin,Peterson,Rep. Peterson's Newsletter 7-22-2016,0.9102864265441895,0.05312800034880638,0.025988934561610222,0.007068831007927656,0.0017509880708530545,,
2016-07-23 10:33:20,Henry,Cuellar,Congressman Henry Cuellar's Congressional Report for July 23,0.12373203039169312,0.7669480443000793,0.06460115313529968,0.012511929497122765,,0.022405309602618217,
2016-07-23 13:20:00,Nancy,Pelosi,#DoYourJob,0.011150006204843521,0.008576068095862865,,0.01409646775573492,0.12612685561180115,0.8362265825271606,
2016-07-23 13:20:00,Donald,Norcross,Helping Families of the Fallen,0.3614729046821594,0.48276612162590027,0.13409042358398438,0.006524913944303989,0.009724457748234272,,
2016-07-23 16:06:40,Xavier,Becerra,Lincoln Heights Coffee with your Congressman,0.06452969461679459,0.8060399889945984,0.07660180330276489,0.013763605616986752,,0.022820528596639633,
2016-07-24 14:20:00,John,Lewis,Update on Recent Events,,0.018168644979596138,0.002439119154587388,0.004244583193212748,0.0022869643289595842,0.9698428511619568,
2016-07-24 19:53:20,Denny,Heck,"Let's not be afraid of change, but let's also keep what works",,0.8931390047073364,0.013285800814628601,0.060028865933418274,,0.014927658252418041,0.0084385359659791
2016-07-25 09:46:40,Jim,Cooper,"Top 10 at 10: Monday, July 25",0.14567585289478302,0.5319162607192993,0.24926835298538208,0.0583600290119648,,0.007436248008161783,
2016-07-25 15:20:00,Jackie,Speier,SAVE THE DATE! Engaging in National Service: Peace Corps Opportunities,0.4861201047897339,0.4220558702945709,0.06687452644109726,0.011493257246911526,,0.005456134676933289,
2016-07-25 15:20:00,Richard,Nolan,Transportation Secretary Praises Duluth,0.0165423471480608,0.1423635184764862,0.8250724077224731,,0.006595849525183439,0.0036133714020252228,
2016-07-25 18:06:40,Derek,Kilmer,Need to get it done,0.010490084066987038,0.20360636711120605,0.014237494207918644,0.7506071925163269,,,0.01226885337382555
2016-07-25 18:06:40,Michael,Honda,Should we build a wall? 7298015,,0.08131082355976105,,0.00434274272993207,0.027450699359178543,0.8754630088806152,0.005305914673954248
2016-07-25 18:06:40,Eleanor,Norton,"e-Newsletter-Monday, July 25, 2016",0.04485223442316055,0.6850476264953613,0.11520830541849136,0.10944771021604538,,0.023185351863503456,
2016-07-26 02:26:40,Lois,Capps,Addressing The Opioid Epidemic,,0.29129737615585327,,0.3900686502456665,0.046205196529626846,0.19037675857543945,0.06503661721944809
2016-07-26 10:46:40,David,Loebsack,An Important Day In History,0.022693106904625893,0.8420445919036865,0.04240173473954201,0.07341373711824417,,0.011580470949411392,
2016-07-26 10:46:40,Paul,Tonko,"Federal Grant Opportunities - July 26, 2016",0.010882464237511158,0.9407953023910522,0.025343460962176323,0.00851860549300909,0.006275734398514032,,
2016-07-26 10:46:40,Jim,Cooper,"Top 10 at 10: Tuesday, July 26",,0.8383382558822632,0.050137702375650406,0.0415421798825264,0.02011975646018982,,0.032089754939079285
2016-07-26 13:33:20,Ruben,Gallego,What I'm Working on in Congress,0.03320297971367836,0.4357437193393707,,0.0638197734951973,0.1357402354478836,0.3036789298057556,
2016-07-26 13:33:20,John,Sarbanes,Please Join Me for a Seniors Benefits Workshop on Sunday,0.1680731624364853,0.7624449729919434,0.038162317126989365,0.020930595695972443,,0.003761373460292816,
2016-07-26 13:33:20,Ann,Kuster,Catching Up with Annie,0.21636275947093964,0.48764342069625854,0.01487698219716549,,,0.25381889939308167,0.009473981335759163
2016-07-26 16:20:00,Brad,Ashford,Omaha's Top 50 Companies,0.0043852380476891994,0.1114538386464119,0.005097685847431421,0.004591052886098623,,0.8678268790245056,
2016-07-26 16:20:00,John,Delaney,Protecting your hard-earned money,,0.459785133600235,,0.02418997697532177,0.10476723313331604,0.02234525978565216,0.3792710304260254
2016-07-26 16:20:00,Jared,Huffman,A quick update from Congressman Huffman,,0.2275499403476715,0.4385753571987152,0.04983839392662048,0.02244066819548607,0.24107280373573303,
2016-07-26 16:20:00,Bill,Foster,You're invited: Summer 2016 Job Fair in Joliet,0.7948684692382812,0.13915790617465973,0.04944179952144623,0.007139915134757757,0.004486331716179848,,
2016-07-26 19:06:40,Michelle,Lujan Grisham,Enewsletter: Home Foreclosure Prevention Workshop,0.02469841204583645,0.28583794832229614,0.01360913086682558,0.010049623437225819,,0.6587285995483398,
2016-07-26 19:06:40,Mark,DeSaulnier,Join Us: Summer Town Hall Meetings,0.047019507735967636,0.8325091600418091,0.09224072098731995,0.009725251235067844,,0.009973631240427494,
2016-07-26 21:53:20,Terri,Sewell,Guide to Grants Issue 275 - July 26 2016,0.004986897110939026,0.9151391386985779,0.054463453590869904,0.007208405528217554,0.010127071291208267,,
2016-07-27 11:46:40,Jim,Cooper,"Top 10 at 10: Wednesday, July 27",,0.17611142992973328,0.038524117320775986,0.038813576102256775,0.013744027353823185,0.7165444493293762,
2016-07-27 11:46:40,Sander,Levin,Support for Pregnant Women and Families ,0.15421569347381592,0.7819907069206238,0.04024640843272209,,0.007169362623244524,0.008043652400374413,
2016-07-27 14:33:20,Michael,Doyle,Important Information about Gun Violence,,0.0060852630995213985,0.10296124964952469,0.46504122018814087,0.026794718578457832,0.3907926380634308,
2016-07-27 17:20:00,Donald,Payne,How can we reduce gun violence?,0.02350843884050846,0.8647451400756836,,0.02031940221786499,0.021601589396595955,0.05332358554005623,
2016-07-27 20:06:40,Donald,Norcross,The Fight for Gun Safety Legislation,,0.3085308372974396,0.01630355976521969,0.10180915147066116,0.15155328810214996,0.395046591758728,
2016-07-28 10:00:00,Jim,Cooper,"Top 10 at 10: Thursday, July 28",,0.8731816411018372,0.03749928995966911,0.039391640573740005,0.015078349970281124,,0.02303646132349968
2016-07-28 10:00:00,Donald,Beyer,In Case You Missed It,,0.05770527198910713,,0.07339455187320709,0.03914809972047806,0.8094457983970642,0.010781905613839626
2016-07-28 15:33:20,Donald,Beyer,Just the Facts,,0.9449049234390259,0.014859501272439957,0.010958459228277206,0.009499004110693932,0.008743101730942726,
2016-07-28 18:20:00,Michelle,Lujan Grisham,E-Newsletter: Home Foreclosure Prevention this SATURDAY,0.01790478266775608,0.20931045711040497,0.010509463958442211,0.007939907722175121,,0.7478653788566589,
2016-07-28 18:20:00,Adam,Smith,Congressman Adam Smith's Summer Newsletter,0.00493034441024065,0.0297115296125412,0.0029313068371266127,0.003900892799720168,,0.9552145004272461,
2016-07-29 08:13:20,Charles,Rangel,Fight for America,0.07740327715873718,0.7159037590026855,0.009830190800130367,,0.012697837315499783,0.1752127707004547,
2016-07-29 11:00:00,Kyrsten,Sinema,Wishing Our Olympians the Best ,0.14375659823417664,0.8089105486869812,0.027751877903938293,0.008350674994289875,0.006243105512112379,,
2016-07-29 11:00:00,Jim,Cooper,"Top 10 at 10: Friday, July 29",,0.8999489545822144,,0.020455377176404,0.02978980354964733,0.017553241923451424,0.01597314327955246
2016-07-29 13:46:40,Daniel,Lipinski,"Congressman Lipinski E-Newsletter Update July 29, 2016",,0.08872108161449432,0.012372692115604877,0.012390615418553352,0.10592549294233322,0.7707800269126892,
2016-07-29 13:46:40,Suzan,DelBene,A quick update,,0.3412851393222809,0.008665842935442924,0.012564382515847683,0.006653532385826111,0.621471107006073,
2016-07-29 13:46:40,Ami,Bera,Exciting news:,0.9361529350280762,0.035529930144548416,0.022023802623152733,0.0019184197299182415,0.0020389992278069258,,
2016-07-29 13:46:40,Pete,Aguilar,Need help with Social Security or Medicare? Lunch will be served.,0.05817382410168648,0.8839613199234009,0.03966686129570007,0.007213886361569166,0.004706759937107563,,
2016-07-29 16:33:20,Henry,Johnson,"Congressman Hank Johnson's E-Newsletter for July 29, 2016",,0.3378262519836426,,0.3888501226902008,0.01946183294057846,0.21233101189136505,0.026950962841510773
2016-07-29 16:33:20,Nancy,Pelosi,Stronger America,0.01574256643652916,0.41849660873413086,,0.01189285609871149,0.236888125538826,0.3004220724105835,
2016-07-29 16:33:20,John,Larson,Grants E-Newsletter - July 2016,0.020215097814798355,0.9363508224487305,0.02561086043715477,0.009677378460764885,0.004276301246136427,,
2016-07-29 16:33:20,Suzanne,Bonamici,Join Congresswoman Bonamici for a Town Hall Meeting!,0.05238164961338043,0.8381851315498352,0.03907142952084541,0.03846476227045059,,0.019720328971743584,
2016-07-29 16:33:20,Chris,Van Hollen,Making clean energy affordable for Marylanders; boosting funding for childhood cancer research; Service Academy nominations & more,,0.12318629771471024,0.03597141429781914,0.07813163101673126,0.31158024072647095,0.436347097158432,
2016-07-29 19:20:00,Steve,Cohen,Attending the School Health Fair and Seminar at Whitehaven High School,0.7301389575004578,0.16710790991783142,0.07804479449987411,0.015249119140207767,0.004826800432056189,,
2016-07-29 19:20:00,Loretta,Sanchez,Medicare & Medicaid 51st Anniversary,0.032688338309526443,0.9008523225784302,,0.01839953102171421,0.008251002989709377,0.029520859941840172,
2016-07-29 19:20:00,Collin,Peterson,Rep. Peterson's Newsletter 7/29/2016,0.9429118037223816,0.028206858783960342,0.020195649936795235,0.0051321666687726974,0.0017732640262693167,,
2016-07-29 19:20:00,Joe,Courtney,Great news for the future of the Coast Guard Band,0.09739231318235397,0.5602793097496033,0.0279748123139143,0.24914386868476868,,0.04678705707192421,
2016-07-29 22:06:40,Gregorio,Sablan,"This Week in Congress - Friday, July 29, 2016",0.12221987545490265,0.6599658727645874,0.17782224714756012,0.024259716272354126,0.0083354776725173,,
2016-07-30 14:46:40,Jackie,Speier,I want to hear from you,,0.04916352033615112,0.011601029895246029,0.03845299780368805,0.005584062077105045,0.8902982473373413,
2016-07-31 21:20:00,Denny,Heck,Congress should work together like the people of the South Sound,0.20611044764518738,0.7308506369590759,0.025971217080950737,0.02420511469244957,0.00546428095549345,,
2016-08-01 11:13:20,Joyce,Beatty,RSVP to my August 9th Community Conversation,0.18644149601459503,0.7578215003013611,0.02446482516825199,0.012692342512309551,,0.011322066187858582,
2016-08-01 11:13:20,Donald,Norcross,You're Invited to My Constituent Services Fair,0.035969868302345276,0.8478885293006897,0.1029268279671669,0.006701103411614895,0.003237976459786296,,
2016-08-01 11:13:20,Jim,Cooper,"Top 10 at 10: Monday, August 1",,0.0730009377002716,,0.020792441442608833,0.0323028527200222,0.8579071164131165,0.00799410231411457
2016-08-01 14:00:00,Marc,Veasey,Marc's Memo - July 2016 Updates,0.009506563656032085,0.0038862787187099457,,0.04790807142853737,0.0038118914235383272,0.9300405979156494,
2016-08-01 14:00:00,Richard,Nolan,Shining a light on Congress's telemarketing culture,,0.930588960647583,0.009801630862057209,,0.026446029543876648,0.010183649137616158,0.01089680939912796
2016-08-01 16:46:40,Marc,Veasey,Marc's Memo - July 2016 Updates **REVISED**,0.02387968637049198,0.007019217126071453,0.005004906095564365,0.08543562889099121,,0.871350884437561,
2016-08-01 19:33:20,Eleanor,Norton,Congresswoman Eleanor Holmes Norton's e-Newsletter,0.9030978083610535,0.052188944071531296,0.03173256665468216,0.003507704474031925,0.005612637382000685,,
2016-08-02 12:13:20,Jim,Cooper,"Top 10 at 10: Tuesday, August 2",,0.8816137909889221,0.05349775776267052,0.007136533968150616,0.008649361319839954,0.03988286480307579,
2016-08-02 12:13:20,Jackie,Speier,"INVITE: Military Academy Information Night, September 19",0.11949517577886581,0.8017870783805847,0.049308132380247116,0.008975272998213768,,0.010415253229439259,
2016-08-02 12:13:20,Patrick,Murphy,Putting the well-being of Floridians first,,0.15204182267189026,0.036867402493953705,0.3815120458602905,0.03522989898920059,0.36316007375717163,
2016-08-02 17:46:40,Alma,Adams,Congresswoman Adams Invites You to a Community Conversation for a Safer 12th District,0.007841655984520912,0.9478298425674438,0.02805301360785961,0.005226504523307085,0.004773333668708801,,
2016-08-02 20:33:20,Terri,Sewell,Guide to Grants Issue 276 - Aug 2 ,,0.9021483063697815,0.06277191638946533,0.008876964449882507,0.010416794568300247,,0.006115366704761982
2016-08-02 20:33:20,Juan,Vargas,August E-Newsletter,0.09666352719068527,0.804385244846344,0.04964306205511093,,0.019784826785326004,0.015378006733953953,
2016-08-02 20:33:20,John,Garamendi,A major grant & innovative local service that will transform lives,0.23544573783874512,0.6773238182067871,0.04993870109319687,0.014245010912418365,,0.013239621184766293,
2016-08-03 04:53:20,Lois,Capps,Giving Back to Those Who Served,0.09371238946914673,0.7785130143165588,0.029988888651132584,0.0867975726723671,,0.004602722357958555,
2016-08-03 10:26:40,Raul,Ruiz,INVITE: My Upcoming Telephone Town Hall on the Zika Virus,0.047346778213977814,0.8584328293800354,0.016877416521310806,0.014948178082704544,,0.05344951152801514,
2016-08-03 10:26:40,David,Scott,"13th Congressional District Health Fair - August 6, 2016",,0.1385478526353836,0.04463262856006622,0.0314234122633934,0.011261891573667526,0.7668254971504211,
2016-08-03 10:26:40,Jim,Cooper,"Top 10 at 10: Wednesday, August 3",0.02163827233016491,0.05701639503240585,0.008088811300694942,0.9039488434791565,,,0.004999368451535702
2016-08-03 13:13:20,Jared,Huffman,You're Invited: Coffee with Congressman Huffman in Weaverville on Aug 9.,0.09992680698633194,0.8250097036361694,0.03509172797203064,0.022748783230781555,,0.010827113874256611,
2016-08-03 13:13:20,Donald,Norcross,Reminder-You're Invited!,0.04538240656256676,0.8569587469100952,0.06714710593223572,0.010944887064397335,,0.010565187782049179,
2016-08-03 13:13:20,James,Langevin,On the 'Rhode' Again,,0.8697516918182373,0.020241068676114082,0.01580088958144188,0.008123647421598434,0.07768114656209946,
2016-08-03 16:00:00,Sean,Maloney,Jobs,0.014845107682049274,0.9347556829452515,0.024196548387408257,0.015881255269050598,,0.004336070269346237,
2016-08-04 08:40:00,Kyrsten,Sinema,Happy Startup Across America Day!,0.496762752532959,0.3876859247684479,0.09654873609542847,0.005347131751477718,0.008867069147527218,,
2016-08-04 11:26:40,Raúl,Grijalva,Your August Update ,,0.020972510799765587,0.025552943348884583,,0.09279172867536545,0.14785125851631165,0.7036649584770203
2016-08-04 11:26:40,Alcee,Hastings,The Hastings Monthly Report - August 2016,,0.27613115310668945,,0.12564782798290253,0.1281496286392212,0.13030751049518585,0.153704434633255
2016-08-04 11:26:40,Peter,Welch,Highlights from the House,0.39555293321609497,0.4852611720561981,0.057859137654304504,0.04630334675312042,0.007280923891812563,,
2016-08-04 11:26:40,Tammy,Duckworth,Strengthening Our Military Families,0.5002174973487854,0.09033019840717316,,0.09580942988395691,0.06081106513738632,0.1998588591814041,
2016-08-04 11:26:40,Jim,Cooper,"Top 10 at 10: Thursday, August 4",0.03762760013341904,0.7881844639778137,0.061834078282117844,0.09276574850082397,,0.008709944784641266,
2016-08-04 14:13:20,Donald,Beyer,Just the Facts,,0.9532610774040222,0.012625976465642452,0.005848396569490433,0.014226777479052544,,0.006862376816570759
2016-08-04 14:13:20,John,Sarbanes,Communications Blackout,0.012312021106481552,0.9483895301818848,0.009394819848239422,0.01668546348810196,0.004899680148810148,,
2016-08-04 14:13:20,Pete,Aguilar,Will I see you tomorrow for free health screenings and lunch?,0.07272352278232574,0.803699254989624,0.10100678354501724,0.01004281546920538,0.006007409188896418,,
2016-08-04 17:00:00,Donald,Payne,Donald's Dispatch: Continuing the Fight for Gun Safety Reform,0.1891929656267166,0.6451148986816406,,0.0249650776386261,0.029359346255660057,0.08538509905338287,
2016-08-04 17:00:00,Theodore,Deutch,Deutch Dispatch Summer 2016,0.01680593006312847,0.5966353416442871,0.028687482699751854,0.02936621569097042,,0.30458661913871765,
2016-08-04 17:00:00,Jackie,Speier,"SAVE THE DATE! FREE movie screening of Making a Killing: Guns, Greed and The NRA",0.1291743814945221,0.511775016784668,0.0520334355533123,0.20984090864658356,,0.053450074046850204,
2016-08-04 22:33:20,Xavier,Becerra,"Upcoming Events: Community Office Hours, Medicare Info Session",0.013669981621205807,0.9307016730308533,0.030842406675219536,0.008896957151591778,,0.009217405691742897,
2016-08-05 09:40:00,Jim,Cooper,"Top 10 at 10: Friday, August 5",,0.2995547950267792,0.06617758423089981,0.07167618721723557,,0.19107162952423096,0.33294492959976196
2016-08-05 09:40:00,Julia,Brownley,Increasing Access to Healthcare for Veterans Via Technology: Join Our Field Hearing in Camarillo on Telemedicine in the VA Healthcare System,0.014356984756886959,0.9157454371452332,0.03944537416100502,0.01512263622134924,,0.007623689249157906,
2016-08-05 12:26:40,David,Cicilline,Donald Trump,,0.04649380221962929,,0.015120408497750759,0.03826035559177399,0.858856201171875,0.03451390564441681
2016-08-05 12:26:40,André,Carson,Looking for a job?,0.2339993715286255,0.6390810012817383,0.09349610656499863,,0.009853504598140717,0.010800573043525219,
2016-08-05 12:26:40,Charles,Rangel,Some good news,0.7997315526008606,0.16066688299179077,0.026550957933068275,0.0054613822139799595,,0.0028702085837721825,
2016-08-05 12:26:40,Donald,Norcross,Our National Security: A Closer Look,0.2172025740146637,0.6619913578033447,0.08261360973119736,0.0107247494161129,,0.015428156591951847,
2016-08-05 12:26:40,Seth,Moulton,Who will you nominate?,0.01581588387489319,0.11600668728351593,0.008629970252513885,0.006380383390933275,,0.8475223779678345,
2016-08-05 15:13:20,Emanuel,Cleaver,EC From DC: Protecting the Right to Vote,0.008813418447971344,0.3327336609363556,,0.04109906405210495,0.09288887679576874,0.5086793303489685,
2016-08-05 15:13:20,Nita,Lowey,News from Nita: Supporting Local Jobs,0.9407485723495483,0.02779640443623066,0.022514158859848976,0.0023695214185863733,0.0038366559892892838,,
2016-08-05 15:13:20,Elizabeth,Esty,Standing Strong for Social Security and Medicare,0.07357130944728851,0.7060046792030334,0.023638488724827766,0.16989077627658844,,0.013962804339826107,
2016-08-05 18:00:00,Joe,Courtney,My Week in Eastern Connecticut,0.7102091908454895,0.20137183368206024,0.06890551745891571,0.00889291800558567,0.00478749442845583,,
2016-08-05 18:00:00,Gwen,Moore,Voter ID Struck Down | Child Nutrition,,0.12933449447155,,0.16765829920768738,0.36973825097084045,0.25873708724975586,0.0471775196492672
2016-08-05 18:00:00,Scott,Peters,Connect:,0.008793690241873264,0.9441304802894592,0.02730465494096279,0.0065865060314536095,0.005627044010907412,,
2016-08-05 18:00:00,Brad,Sherman,Working for Valley Veterans,0.025998713448643684,0.8820754289627075,,0.02204962633550167,0.014787275344133377,0.038104020059108734,
2016-08-05 18:00:00,Loretta,Sanchez,Restore the Voting Rights Act!,,0.025626396760344505,0.015974169597029686,0.009721365757286549,0.01349307969212532,0.9275214672088623,
2016-08-05 18:00:00,Nancy,Pelosi,Shared Diplomacy,0.018885480239987373,0.38561657071113586,,0.5183902978897095,0.034037765115499496,0.016211403533816338,
2016-08-05 18:00:00,Steve,Cohen,Thank You for Allowing Me the Opportunity to Serve you in Congress,0.6955276131629944,0.20422348380088806,0.038165587931871414,0.03997774422168732,0.011123761534690857,,
2016-08-05 20:46:40,Gregorio,Sablan,"This Week in Congress - Friday, August 5, 2016",0.20593446493148804,0.5012489557266235,0.22022861242294312,0.03748186677694321,0.024926545098423958,,
2016-08-05 20:46:40,Collin,Peterson,Rep. Peterson's Newsletter 8/5/2016,0.18633009493350983,0.7533317804336548,0.03592950105667114,0.01663590408861637,0.0031739945989102125,,
2016-08-05 23:33:20,Gregorio,Sablan,"This Week in Congress - Friday, August 5, 2016",0.20220491290092468,0.5085803270339966,0.21690644323825836,0.037295151501894,0.02491404116153717,,
2016-08-06 10:40:00,Henry,Cuellar,Congressman Henry Cuellar's Congressional Report for August 6,0.14732709527015686,0.7955155372619629,0.03928520902991295,0.006582808680832386,0.00632924260571599,,
2016-08-06 13:26:40,Julia,Brownley,Helping Ventura County's Veterans and Their Families ,0.009280585683882236,0.20676589012145996,0.006656684912741184,0.013096657581627369,,0.7546869516372681,
2016-08-07 08:53:20,Bobby,Rush,A Letter from Your Congressman about the state of the District,0.4543272852897644,0.3295080363750458,0.024293113499879837,0.019973404705524445,,0.1615435630083084,
2016-08-08 09:53:20,Jim,Cooper,"Top 10 at 10: Monday, August 8",0.016035640612244606,0.7626444697380066,0.08903621882200241,0.024685172364115715,,,0.09105390310287476
2016-08-08 12:40:00,Jim,Costa,US Secretary of Commerce Penny Pritzker Visits CA-16,0.04096805676817894,0.8456658124923706,0.023816240951418877,0.06136975437402725,,0.017744261771440506,
2016-08-08 12:40:00,Suzan,DelBene,A quick update,,0.013869657181203365,0.0019291217904537916,0.004481278359889984,0.0039001102559268475,0.9739277362823486,
2016-08-08 12:40:00,Jackie,Speier,SAVE THE DATE! Engaging in National Service: Peace Corps Opportunities,0.46261945366859436,0.4448816776275635,0.06859007477760315,0.010057028383016586,,0.005470971576869488,
2016-08-08 12:40:00,Michael,Doyle,Important Information from Congressman Doyle,0.009907462634146214,0.900138258934021,0.02410447597503662,0.04665821045637131,0.007624274585396051,,
2016-08-08 15:26:40,Sean,Maloney,"No Fly, No Buy",,0.7450587153434753,0.019489329308271408,0.021530231460928917,0.011431616730988026,0.19126273691654205,
2016-08-08 15:26:40,Derek,Kilmer,A Call to Action,,0.9006378650665283,0.01995578594505787,,0.02136276848614216,0.030455205589532852,0.016197118908166885
2016-08-08 15:26:40,Joyce,Beatty,The Beatty Bulletin,0.7295899391174316,0.0366782583296299,0.21892677247524261,,0.006933053955435753,0.003550884546712041,
2016-08-08 18:13:20,Richard,Nolan,Our Social Security bill gets major endorsement,0.08364801853895187,0.8730966448783875,0.020425938069820404,0.00460722716525197,0.011007084511220455,,
2016-08-08 18:13:20,Eleanor,Norton,"e-Newsletter-Monday, August 8, 2016",,0.873777449131012,0.05832592770457268,0.014623070135712624,0.012948554009199142,0.02465195395052433,
2016-08-08 21:00:00,John,Sarbanes,My Recent Seniors Benefits Workshop,0.39949101209640503,0.5062810182571411,0.03744020313024521,0.04110953211784363,,,0.006441507488489151
2016-08-09 08:06:40,Niki,Tsongas,How can we help?,0.01844506338238716,0.3027881979942322,,0.007893863134086132,0.007513411808758974,0.6520625948905945,
2016-08-09 10:53:20,David,Loebsack,New Jobs for the 21st Century ,0.01126265712082386,0.9490057229995728,0.020040705800056458,0.008928309194743633,,0.004799528047442436,
2016-08-09 10:53:20,Brad,Ashford,Local Foods for Local Tables Summit,0.012029836885631084,0.2702539563179016,0.009348368272185326,0.005347677506506443,,0.6944997906684875,
2016-08-09 13:40:00,Ed,Perlmutter,Survey Results & Mid-Year Report,0.03394755348563194,0.9095698595046997,0.016009919345378876,0.013095969334244728,0.017355073243379593,,
2016-08-09 13:40:00,Daniel,Lipinski,Congressman Lipinski E-Newsletter Update August 2016 ,,0.9306053519248962,0.009034331887960434,0.017503365874290466,0.015653084963560104,0.015385895036160946,
2016-08-09 13:40:00,Grace,Meng,Back to Student Loans,0.007250513881444931,0.9556941986083984,,0.009880993515253067,0.007832574658095837,0.008895905688405037,
2016-08-09 13:40:00,Grace,Napolitano,Napolitano News: Coming Events,0.011791062541306019,0.8366124629974365,0.01986565999686718,0.07659858465194702,,0.039830032736063004,
2016-08-09 13:40:00,Paul,Tonko,"Federal Grant Opportunities - August 9, 2016",0.01009802334010601,0.9397432804107666,0.027507508173584938,0.007991127669811249,,0.006483903154730797,
2016-08-09 16:26:40,Eric,Swalwell,I want to hear from you,0.30910640954971313,0.6101443767547607,0.031160013750195503,0.03350463882088661,,0.00831296481192112,
2016-08-09 16:26:40,Bill,Pascrell,"A Letter from Congressman Bill Pascrell, Jr.",0.022111745551228523,0.9411244988441467,0.01766197755932808,0.007129887584596872,,0.004918036516755819,
2016-08-09 16:26:40,Terri,Sewell,Guide to Grants Issue 277 - Aug 9 ,,0.9218353033065796,0.04746975377202034,0.007340789772570133,0.009685492143034935,,0.005452028475701809
2016-08-09 16:26:40,Hakeem,Jeffries,Attention High School students: Join the 2016 Congressional App Challenge,0.007681367453187704,0.9592942595481873,0.016244174912571907,0.006785678677260876,0.004868355579674244,,
2016-08-09 19:13:20,Barbara,Lee,Tell me your thoughts,0.14373917877674103,0.7784151434898376,,0.01738477684557438,0.024001605808734894,0.020095694810152054,
2016-08-09 19:13:20,Ted,Lieu,Student Newsletter 08/09/2016,0.2000533491373062,0.17493225634098053,0.1073271706700325,0.5052624940872192,,0.0070840222761034966,
2016-08-09 19:13:20,Jim,Cooper,"Top 10 at 10: Tuesday, August 9",0.04351424798369408,0.5545108318328857,0.365235835313797,0.008579274639487267,0.021178174763917923,,
2016-08-10 03:33:20,John,Sarbanes,Fighting Big Money in Politics,,0.7563851475715637,,0.035483431071043015,0.04931756854057312,0.016047930344939232,0.11913958936929703
2016-08-10 09:06:40,Tony,Cárdenas,Something important I want you to know about Zika and Jobs,0.011462411843240261,0.9184248447418213,,0.016607949510216713,0.017875542864203453,0.021177217364311218,
2016-08-10 09:06:40,Marc,Veasey,Join Me At My August Town Halls,0.006783446297049522,0.93886798620224,0.01638367585837841,0.021693142130970955,,0.008052445948123932,
2016-08-10 11:53:20,Jim,Cooper,"Top 10 at 10: Wednesday, August 10",,0.7151718139648438,0.02357226423919201,,0.016793429851531982,0.051675040274858475,0.17294108867645264
2016-08-10 11:53:20,Donald,Norcross,Taking Action to Punish Polluters,0.025778217241168022,0.7355017066001892,,0.05300439894199371,0.07051470130681992,,0.08286134898662567
2016-08-10 11:53:20,Grace,Napolitano,Connect with me Online,,0.8724594116210938,0.019788281992077827,0.04693765565752983,0.013561385683715343,0.03773842006921768,
2016-08-10 11:53:20,Adam,Smith,Join Congressman Adam Smith for The Veterans History Project,0.09278064966201782,0.8476459980010986,0.037991300225257874,0.007123501040041447,,0.0068595632910728455,
2016-08-10 14:40:00,Nancy,Pelosi,Follow the Leader,,0.8606545329093933,0.016592858359217644,0.031040174886584282,0.015244951471686363,0.06576501578092575,
2016-08-10 14:40:00,Marcy,Kaptur,Issues that affect you in Toledo,,0.05718998238444328,0.004515961278229952,0.005381239112466574,0.00612504780292511,0.9202739596366882,
2016-08-10 14:40:00,John,Larson,When we stand together…,,0.06476307660341263,0.018842149525880814,,0.00940203107893467,0.886513352394104,0.012078030034899712
2016-08-10 14:40:00,John,Delaney,Bringing Marylanders Together,0.07671817392110825,0.855442464351654,0.04377339407801628,,0.008080641739070415,0.008268840610980988,
2016-08-10 17:26:40,Doris,Matsui,Advancing Innovation in Sacramento ,0.449358195066452,0.4766443073749542,0.04957035928964615,0.0064684487879276276,0.008810846135020256,,
2016-08-10 17:26:40,Brad,Sherman,Congressman Sherman - Unsnarling Problems with Federal Agencies,0.03626010939478874,0.9017008543014526,0.015262532979249954,0.02258717082440853,0.010105312801897526,,
2016-08-11 10:06:40,Jim,Cooper,"Top 10 at 10: Thursday, August 11",0.011581948027014732,0.7686928510665894,0.14996188879013062,0.03138662502169609,,0.02453513815999031,
2016-08-11 12:53:20,Jackie,Speier,"REMINDER: FREE movie screening of Making a Killing: Guns, Greed and The NRA",0.0713452622294426,0.570516049861908,0.04077567160129547,0.16178198158740997,,0.10092583298683167,
2016-08-11 12:53:20,Debbie,Wasserman Schultz,Join me tonight for a conversation on gun safety,,0.49990472197532654,0.06074294447898865,0.2617556154727936,0.025346718728542328,0.1289868950843811,
2016-08-11 12:53:20,Steve,Israel,Congressman Steve Israel joins National Security Delegation visit to Afghanistan,0.02501632086932659,0.8956735730171204,0.013688827864825726,0.04071899130940437,,0.013885697349905968,
2016-08-11 15:40:00,Patrick,Murphy,Working for YOU,0.028887450695037842,0.9005506038665771,0.011247331276535988,0.032844576984643936,0.013997316360473633,,
2016-08-11 15:40:00,Ami,Bera,Answering to you:,,0.09387306869029999,0.005186237394809723,0.007532097399234772,0.880791425704956,,0.00755122909322381
2016-08-11 15:40:00,Mark,Pocan,Pocan Post: Summer Updates from the District,0.039849117398262024,0.3092755973339081,0.355459064245224,0.07722923159599304,,0.20487917959690094,
2016-08-11 15:40:00,Donald,Beyer,Just the Facts,,0.634568452835083,0.03444551303982735,0.11857246607542038,,0.13757064938545227,0.05496492609381676
2016-08-11 18:26:40,Steve,Cohen,Join Me for Congress on your Corner Tomorrow,0.007885891944169998,0.20888711512088776,0.007797409780323505,0.008722017519176006,,0.7586823105812073,
2016-08-11 21:13:20,Raul,Ruiz,My Recent Telephone Town Hall on the Zika Virus,,0.7284289598464966,,0.014467481523752213,0.09558549523353577,0.132888525724411,0.012733724899590015
2016-08-11 21:13:20,Michael,Capuano,E-Update Rep. Capuano,0.10851050913333893,0.8418116569519043,0.022173600271344185,0.010699969716370106,0.00917004980146885,,
2016-08-12 00:00:00,Tulsi,Gabbard,Staying prepared,,0.8156419992446899,0.024403691291809082,0.02773110382258892,0.015088117681443691,0.1024814248085022,
2016-08-12 11:06:40,Jim,Cooper,"Top 10 at 10: Friday, August 12",0.0594201534986496,0.8412790298461914,0.06964808702468872,0.00872293021529913,,0.013091127388179302,
2016-08-12 11:06:40,Michael,Honda,Secured $1.3 Billion for Silicon Valley,0.17063714563846588,0.3934660851955414,,0.019899919629096985,0.04297616332769394,0.3557296097278595,
2016-08-12 13:53:20,Charles,Rangel,Harlem Welcomes Havana,0.7975537180900574,0.1313467025756836,0.05909089744091034,,0.003939477726817131,0.0032793183345347643,
2016-08-12 13:53:20,Kyrsten,Sinema,Good Jobs for Arizona Veterans,0.09400325268507004,0.8671808242797852,0.022583387792110443,0.006308781448751688,0.0040688044391572475,,
2016-08-12 13:53:20,David,Cicilline,Next Tuesday,0.772476077079773,0.1548558622598648,0.03927735239267349,0.026330195367336273,,0.003205715212970972,
2016-08-12 16:40:00,Collin,Peterson,Rep. Peterson's Newsletter 8/12/2016,0.2755656838417053,0.5167970657348633,0.08036317676305771,0.04249337315559387,,0.06604795157909393,
2016-08-12 16:40:00,Emanuel,Cleaver,EC from DC: Providing Safe and Affordable Housing,0.1171383336186409,0.8296194076538086,0.02610219642519951,0.01022157073020935,,0.008409579284489155,
2016-08-12 16:40:00,Steve,Cohen,Honoring the 51st Anniversary of the Historic Voting Rights Act,0.0482056699693203,0.06391996145248413,0.03448181599378586,0.8425390124320984,,0.006944174878299236,
2016-08-12 16:40:00,Michelle,Lujan Grisham,E-newsletter: Meeting Saturday on Kirtland Jet Fuel Spill,0.013379251584410667,0.2725590467453003,0.011307451874017715,0.010359462350606918,,0.6836639642715454,
2016-08-12 16:40:00,Alma,Adams,An Update From Congresswoman Adams ,0.5740330815315247,0.35036537051200867,0.022203626111149788,0.03933633491396904,0.005268088076263666,,
2016-08-12 16:40:00,Nancy,Pelosi,Orlando Strong,0.003254933515563607,0.010683060623705387,0.003725109389051795,0.9750935435295105,,0.004638154059648514,
2016-08-12 19:26:40,Xavier,Becerra,Join the National Taxpayer Advocate on August 22,0.03835785388946533,0.9008535742759705,0.0336960144340992,0.008205920457839966,,0.010465886443853378,
2016-08-12 19:26:40,Gregorio,Sablan,"This Week in Congress - Friday, August 12, 2016",0.14665895700454712,0.6468729972839355,0.14348451793193817,0.02693420648574829,0.017941279336810112,,
2016-08-12 19:26:40,Joe,Courtney,An American treasure turns 81 this weekend,0.150319442152977,0.6467941403388977,0.1096617728471756,0.07720168679952621,,0.008491648361086845,
2016-08-13 12:06:40,Henry,Cuellar,Congressman Henry Cuellar's Congressional Report for August 13,0.18593420088291168,0.7014995217323303,0.052167847752571106,0.016045549884438515,,0.031983379274606705,
2016-08-13 20:26:40,Cedric,Richmond,Staying Safe During This Weekend's Flooding,,0.4101532995700836,0.011139493435621262,0.2541946768760681,,0.2902970314025879,0.013182506896555424
2016-08-15 11:20:00,Jim,Cooper,"Top 10 at 10: Monday, August 15",0.014928041957318783,0.9037730097770691,0.025348668918013573,0.007718180306255817,,0.04162514954805374,
2016-08-15 14:06:40,Alma,Adams,Congressional App Challenge ,0.8551532030105591,0.0644116997718811,0.06524796038866043,,0.006786669138818979,0.003919025883078575,
2016-08-15 14:06:40,Henry,Johnson,"Congressman Hank Johnson's E-Newsletter for August 15, 2016",0.08262195438146591,0.7136678695678711,0.10212207585573196,0.08269337564706802,0.009344235062599182,,
2016-08-15 16:53:20,Gerald,Connolly,Responding to the Zika Threat,,0.011299203149974346,0.01004828792065382,0.9688318371772766,,0.004656176548451185,0.002545370487496257
2016-08-15 19:40:00,Richard,Nolan,"1,000 miners back at work",0.7241992354393005,0.20997773110866547,0.04023775830864906,0.004845582880079746,0.012843918986618519,,
2016-08-15 19:40:00,Eleanor,Norton,"e-Newsletter-Monday, August 15, 2016",0.09606384485960007,0.6445976495742798,0.09400109201669693,0.08713291585445404,0.04634081944823265,,
2016-08-16 04:00:00,Lois,Capps,Last Week's Good News,0.039861273020505905,0.8743036985397339,0.031185029074549675,0.03193766251206398,,0.014377355575561523,
2016-08-16 09:33:20,Jim,Cooper,"Top 10 at 10: Tuesday, August 16",,0.7620114684104919,0.04471498727798462,0.07630961388349533,0.0362304225564003,,0.05805329233407974
2016-08-16 12:20:00,Bill,Pascrell,"A Letter from Congressman Bill Pascrell, Jr.",0.019919339567422867,0.9383227229118347,0.02252292074263096,0.007712457329034805,0.00461983447894454,,
2016-08-16 15:06:40,Al,Green,Make Sure Your Voice is Heard: An Update on Voting in the Upcoming Election,0.009551000781357288,0.861799418926239,0.0346294604241848,0.06279735267162323,,0.022320345044136047,
2016-08-16 17:53:20,Xavier,Becerra,Nominate a Latino Leader,0.020148349925875664,0.9423530101776123,0.02315242402255535,0.004445489030331373,0.004928587935864925,,
2016-08-16 20:40:00,C.,Ruppersberger,Dutch's Dispatch,0.09140925854444504,0.5678840279579163,,,0.016234369948506355,0.21161587536334991,0.09305991977453232
2016-08-17 10:33:20,Carolyn,Maloney,Congress Must Act on Zika,,0.034393902868032455,0.02910050004720688,0.8609001636505127,,0.057660192251205444,0.010392462834715843
2016-08-17 13:20:00,Jim,Cooper,"Top 10 at 10: Wednesday, August 17",,0.39977341890335083,0.049636512994766235,0.5024783611297607,0.008597701787948608,0.02503941021859646,
2016-08-17 13:20:00,Adam,Schiff,Should we build a wall or ban Muslims from coming into the country?,0.019140606746077538,0.4246142506599426,,0.08147388696670532,0.027872256934642792,0.42269080877304077,
2016-08-17 16:06:40,Nita,Lowey,News from Nita: Protecting the Safety and Economy of the Lower Hudson Valley,0.030542008578777313,0.034768469631671906,,0.05308408662676811,0.32096949219703674,0.5351300239562988,
2016-08-17 21:40:00,Terri,Sewell,Guide to Grants Issue 278 - Aug 17 2016,0.00551630137488246,0.8428957462310791,0.12510946393013,0.013955489732325077,0.006981579586863518,,
2016-08-17 21:40:00,Linda,Sánchez,Latest from Linda,0.07502706348896027,0.10164684057235718,0.02234642393887043,0.007919946685433388,,0.7853729128837585,
2016-08-18 11:33:20,Patrick,Murphy,Fighting Zika,,0.47148022055625916,,0.09419924020767212,0.05162905901670456,0.3413613438606262,0.023581882938742638
2016-08-18 11:33:20,Jim,Cooper,"Top 10 at 10: Thursday, August 18",,0.26188644766807556,0.02100985497236252,0.061260830610990524,0.007520807441323996,0.6336477994918823,
2016-08-18 14:20:00,Donald,Beyer,Just the Facts,,0.9308241605758667,0.020372074097394943,0.015010775066912174,0.006538587622344494,0.018471021205186844,
2016-08-18 14:20:00,Ron,Kind,"100 years of Adventures! Happy 100th, National Park Service!",0.7086449861526489,0.11107455939054489,0.15747152268886566,0.013592964969575405,0.006358519662171602,,
2016-08-18 17:06:40,Jackie,Speier,INVITE: Know about your brain during National Brain Aneurysm Awareness Month ,,0.6222598552703857,0.09520748257637024,0.08363154530525208,,0.1720316857099533,0.01005053985863924
2016-08-19 09:46:40,Frank,Pallone,Combating the Zika Crisis,,0.40340906381607056,,0.10343197733163834,0.020774034783244133,0.43998605012893677,0.01645359955728054
2016-08-19 09:46:40,Daniel,Lipinski,Congressman Lipinski: TPP More Likely to Harm Than Help American Workers,,0.24276268482208252,,0.4027855396270752,0.09574995189905167,0.04636264592409134,0.19006839394569397
2016-08-19 09:46:40,Jim,Cooper,"Top 10 at 10: Friday, August 19",,0.37272390723228455,0.02664746716618538,0.04010931774973869,,0.5145575404167175,0.024870771914720535
2016-08-19 09:46:40,Charles,Rangel,The Olympian in You,0.392759770154953,0.49075058102607727,0.08840085566043854,0.020151957869529724,0.0039554741233587265,,
2016-08-19 12:33:20,Kyrsten,Sinema,August Monthly Newsletter,0.19758471846580505,0.7392399907112122,0.041552480310201645,0.008492058143019676,0.006589019205421209,,
2016-08-19 12:33:20,Ann,Kuster,North Country Adventures,0.8626746535301208,0.04375135898590088,0.06576140969991684,0.012713826261460781,,0.00822350662201643,
2016-08-19 12:33:20,David,Cicilline,Social Security Forum,0.7842484712600708,0.15914101898670197,0.021450329571962357,0.013316002674400806,,0.01214053388684988,
2016-08-19 15:20:00,Nancy,Pelosi,Making America More American,0.21434807777404785,0.7438857555389404,0.02276368997991085,0.005003270227462053,0.006194178014993668,,
2016-08-19 15:20:00,Henry,Johnson,"Congressman Hank Johnson's E-Newsletter for August 19, 2016",0.10489072650671005,0.7379660606384277,0.09426259249448776,0.04971018061041832,0.006620860192924738,,
2016-08-19 18:06:40,Collin,Peterson,Rep. Peterson's Newsletter 8/19/2016,0.8861953020095825,0.07023461163043976,0.03256414830684662,0.0064558954909443855,0.0020710311364382505,,
2016-08-19 18:06:40,Terri,Sewell,National Park Service FY 2016 African American Civil Rights Grant Program,0.022811852395534515,0.8961118459701538,0.0656447783112526,0.008051484823226929,0.004141269717365503,,
2016-08-19 18:06:40,Brad,Ashford,Resources to Spot and Report Scams,,0.059701256453990936,0.005948835983872414,,0.0061262222006917,0.9187971353530884,0.0038661614526063204
2016-08-19 18:06:40,Steve,Cohen,Ending the Federal Use of Private Prisons,0.7886068224906921,0.12699975073337555,0.03649410232901573,0.03061589039862156,0.008831395767629147,,
2016-08-19 18:06:40,Joe,Courtney,Made in Eastern Connecticut,0.6076520681381226,0.18997539579868317,0.09161173552274704,,0.014704514294862747,0.08345723152160645,
2016-08-19 20:53:20,Xavier,Becerra,"Upcoming Events: Taxpayer Forum, Community Office Hours and more",0.020342551171779633,0.9160240292549133,0.03757397085428238,0.008775381371378899,,0.009589089080691338,
2016-08-19 20:53:20,Gregorio,Sablan,"This Week in Congress - Friday, August 19, 2016",0.03497548773884773,0.05195402726531029,,0.21318836510181427,0.6058128476142883,0.034644532948732376,
2016-08-20 10:46:40,Henry,Cuellar,Congressman Henry Cuellar's Congressional Report for August 20,0.030733747407794,0.41739559173583984,0.0322306789457798,0.03442032262682915,,0.4746401011943817,
2016-08-22 12:46:40,Jim,Cooper,"Top 10 at 10: Monday, August 22",,0.4298282861709595,0.08322761207818985,0.4210854172706604,0.01410266850143671,0.03655224293470383,
2016-08-22 12:46:40,Richard,Nolan,Stopping illegal foreign steel,,0.46150416135787964,,0.0907723531126976,0.16401834785938263,0.13525980710983276,0.08909104764461517
2016-08-22 12:46:40,Adam,Schiff,TONIGHT: A Conversation with Your Congressman on Gun Violence in America,,0.19696389138698578,0.010945224203169346,0.10790146887302399,0.02884402498602867,0.6386212110519409,
2016-08-22 15:33:20,Jackie,Speier,We will not be silenced,,0.17289546132087708,,0.13060536980628967,0.049210451543331146,0.5348015427589417,0.09578470140695572
2016-08-22 15:33:20,Derek,Kilmer,Modeling Good Behavior in the Pacific Northwest,0.13030660152435303,0.8316876888275146,0.017526067793369293,,0.007850480265915394,,0.006872775964438915
2016-08-23 11:00:00,Jim,Cooper,"Top 10 at 10: August 23, 2016",,0.92690110206604,0.02447083406150341,0.012643001973628998,0.009007223881781101,0.01882176660001278,
2016-08-23 13:46:40,Patrick,Murphy,Protecting Seniors' Access to Online Social Security Services,0.06950388848781586,0.8424848914146423,0.02836531028151512,,0.03240923210978508,0.011890633031725883,
2016-08-23 16:33:20,Paul,Tonko,"Federal Grant Opportunities - August 23, 2016",0.00961881224066019,0.9430716037750244,0.02506527490913868,0.007522049359977245,,0.006454953458160162,
2016-08-23 22:06:40,Terri,Sewell,Guide to Grants Issue 279 - August 24 2016,,0.9098150134086609,0.05799305811524391,0.008025765419006348,0.010294800624251366,,0.005654095206409693
2016-08-24 12:00:00,Jim,Cooper,"Top 10 at 10: Wednesday, August 24",,0.0909280851483345,0.026159217581152916,0.8445639610290527,,0.0180088821798563,0.01093459315598011
2016-08-24 12:00:00,Sander,Levin,Ukraine Celebrates 25th Anniversary of Independence ,0.043889086693525314,0.7444028258323669,0.028404252603650093,,0.04168504849076271,0.12517379224300385,
2016-08-24 17:33:20,Kyrsten,Sinema,Welcome Back to School!,0.039485521614551544,0.9169673323631287,0.025487568229436874,0.006131164263933897,0.00611640652641654,,
2016-08-24 17:33:20,Susan,Davis,News from Congresswoman Susan Davis,0.04954846575856209,0.13714757561683655,0.00951717235147953,0.00973509717732668,,0.7858661413192749,
2016-08-24 17:33:20,John,Lewis,Interested in Attending a U.S. Service Academy?,0.024326810613274574,0.8745996356010437,0.06864427775144577,0.010258723981678486,,0.012253209948539734,
2016-08-25 10:13:20,George,Butterfield,Heard It First: August 2016,0.2856922149658203,0.589328944683075,0.06159920245409012,,0.022519312798976898,0.018961289897561073,
2016-08-25 10:13:20,Kathleen,Rice,High School Students: Register for the 2016 Congressional App Challenge!,0.21868860721588135,0.5877984762191772,0.1628447026014328,0.012356805615127087,0.010200071148574352,,
2016-08-25 13:00:00,Ed,Perlmutter,Why National Parks are Free this Weekend ,0.1855989545583725,0.6231738328933716,0.16721098124980927,0.008734912611544132,0.010103699751198292,,
2016-08-25 13:00:00,Suzan,DelBene,"Happy Birthday, NPS!",0.03836432471871376,0.03488389030098915,0.006225439719855785,,0.0069170985370874405,0.907379686832428,
2016-08-25 15:46:40,Jerrold,Nadler,My New York Daily News Op-Ed: The Port Authority Should Start Over on Replacing Manhattan's Bus Terminal,,0.23615622520446777,,0.2813628315925598,0.1467190384864807,0.2893567383289337,0.03210856765508652
2016-08-25 15:46:40,Seth,Moulton,"Startups, Service, and National Security",0.5766730308532715,0.3595975339412689,0.04581500589847565,0.004854939412325621,0.006130862515419722,,
2016-08-25 15:46:40,Donald,Beyer,Just the Facts,0.08256269246339798,0.8297309279441833,0.0572955347597599,0.01574380323290825,,0.007697444874793291,
2016-08-25 15:46:40,Steny,Hoyer,Congressman Hoyer Invites Fifth District High School Students to Participate in Congressional App Challenge,0.058067288249731064,0.8645017743110657,0.021004294976592064,0.02768702246248722,,0.015493292361497879,
2016-08-25 15:46:40,Tulsi,Gabbard,Find Your Park,0.33177098631858826,0.47272393107414246,0.164395272731781,0.011951597407460213,,0.009634132497012615,
2016-08-25 18:33:20,C.,Ruppersberger,Dutch's Dispatch,,0.10022681206464767,,0.06862569600343704,0.3884117007255554,0.3358624279499054,0.07573086768388748
2016-08-25 21:20:00,Raul,Ruiz,Protecting Americans Abroad and at Home,0.15141034126281738,0.7624490857124329,0.014930710196495056,,0.008966853842139244,0.04850124567747116,
2016-08-26 11:13:20,Jackie,Speier,REMINDER: Send a clear message,,0.1681545078754425,,0.12437206506729126,0.04998481646180153,0.5492351055145264,0.09197252988815308
2016-08-26 14:00:00,Charles,Rangel,"When she suceeds, we succeed!",0.7549540996551514,0.15261508524417877,0.06573981046676636,0.012096301652491093,0.0070533836260437965,,
2016-08-26 14:00:00,Ami,Bera,Deeply personal:,0.04244597628712654,0.8226969242095947,,0.04010124132037163,,0.04951555281877518,0.01910480298101902
2016-08-26 14:00:00,David,Cicilline,Making College More Affordable,,0.7856419682502747,,0.02792087011039257,0.09984301775693893,0.012570047751069069,0.06269948929548264
2016-08-26 16:46:40,Steve,Cohen,Celebrating a Woman's Right to Vote,0.838080644607544,0.09397391974925995,0.05312154442071915,0.007420356385409832,0.0040866658091545105,,
2016-08-26 16:46:40,Cheri,Bustos,EpiPens,,0.31445255875587463,0.023995405063033104,0.020188231021165848,0.04589764028787613,0.5805612802505493,
2016-08-26 16:46:40,Loretta,Sanchez,Women's Equality Day,,0.14157751202583313,,0.5141111612319946,0.02129366062581539,0.2525482475757599,0.05168963968753815
2016-08-26 16:46:40,Nancy,Pelosi,96 Years of Votes for Women,0.45980122685432434,0.0560002475976944,0.03389866650104523,,0.1201486736536026,0.3125534653663635,
2016-08-26 19:33:20,John,Delaney,Expanding Consumer Protections,,0.8021706938743591,0.03832985460758209,0.0783848688006401,0.034622035920619965,,0.029673291370272636
2016-08-26 19:33:20,Gregorio,Sablan,"This Week in Congress - Friday, August 26, 2016",0.12417495995759964,0.3765355348587036,0.19964835047721863,0.26109927892684937,0.024310322478413582,,
2016-08-26 19:33:20,Collin,Peterson,Rep. Peterson's Newsletter 8/26/2016,0.9358781576156616,0.03404087945818901,0.0214871596544981,0.005219702143222094,0.0018849661573767662,,
2016-08-27 03:53:20,Lois,Capps,Wildfire Update,,0.4415668845176697,0.016388725489377975,0.41299352049827576,0.014017805457115173,0.0978114902973175,
2016-08-27 12:13:20,Rick,Larsen,Snohomish County: Fighting Opioid Addiction,0.01824233867228031,0.8716428279876709,0.028571752831339836,0.04232390597462654,,0.02827569469809532,
2016-08-27 12:13:20,Henry,Cuellar,Congressman Henry Cuellar's Congressional Report for August 27,0.49097704887390137,0.3717270493507385,0.07244063913822174,0.012446893379092216,,0.04067181795835495,
2016-08-27 15:00:00,Beto,O’Rourke,Summer update,0.817657470703125,0.12742704153060913,0.03714268282055855,0.010318120941519737,0.0036904122680425644,,
2016-08-29 08:40:00,Elijah,Cummings,Enter the Congressional App Challenge,0.5643324851989746,0.35697752237319946,0.06206345930695534,0.005583357531577349,0.006053727585822344,,
2016-08-29 14:13:20,Elizabeth,Esty,Community Forum on Restoring Democracy,,0.5772362351417542,,0.10101304948329926,0.028106480836868286,0.25682714581489563,0.02090471424162388
2016-08-29 14:13:20,Dina,Titus,Titus to Host Veterans Benefits Workshop,0.02202783152461052,0.8784217238426208,0.06450816243886948,0.01443153340369463,,0.01288728415966034,
2016-08-29 14:13:20,Richard,Nolan,New Bug-O-Nay-Ge-Shig school on the way,0.10428116470575333,0.3968047499656677,,0.07940542697906494,,0.28834280371665955,0.09845834225416183
2016-08-30 09:40:00,John,Sarbanes,Powering and Empowering Baltimore's Communities,,0.4290836453437805,,0.4825091063976288,0.028524156659841537,0.009884249418973923,0.031223220750689507
2016-08-30 09:40:00,Mike,Quigley,It's On Us,,0.17247027158737183,0.03943650797009468,0.3991854786872864,,0.33903563022613525,0.038737084716558456
2016-08-30 09:40:00,Jim,Cooper,"Top 10 at 10: Tuesday, August 30",0.22774425148963928,0.5884487628936768,0.07703757286071777,0.07452407479286194,,0.02086235024034977,
2016-08-30 09:40:00,Ann,Kuster,No more silence,0.060800258070230484,0.3263051211833954,0.03478037938475609,0.4274073541164398,,0.12270396947860718,
2016-08-30 12:26:40,Alma,Adams,Welcome Back to School,0.13778191804885864,0.7923403382301331,0.049358926713466644,0.007545211352407932,0.006877955049276352,,
2016-08-30 15:13:20,Bill,Pascrell,"A Letter from Congressman Bill Pascrell, Jr.",0.7534127831459045,0.12930315732955933,0.09557565301656723,0.007884667254984379,,0.008100348524749279,
2016-08-30 18:00:00,Eleanor,Norton,"e-Newsletter-Tuesday, August 30, 2016",0.4950774312019348,0.37871354818344116,0.07040663808584213,,0.013456958346068859,0.03248661011457443,
2016-08-30 18:00:00,Steve,Cohen,"Join Me for Congress on your Corner Thursday, September 1",0.007791208103299141,0.24417884647846222,0.007445818744599819,0.010161340236663818,,0.7213758826255798,
2016-08-30 18:00:00,Carolyn,Maloney,Combatting Cyber Security Threats at Our Banks,,0.06463228166103363,0.006027876865118742,0.009858550503849983,0.013800742104649544,0.9014169573783875,
2016-08-30 18:00:00,Terri,Sewell,Guide to Grants Issue 280 - Aug 30 2016,0.0049606687389314175,0.9110519886016846,0.06056967377662659,0.009207210503518581,0.008003734983503819,,
2016-08-31 10:40:00,Jim,Cooper,"Top 10 at 10: Wednesday, August 31",,0.23848749697208405,0.03459329903125763,0.671926736831665,,0.029295923188328743,0.013735268265008926
2016-08-31 13:26:40,Donald,Beyer,Startup Day Across America,0.03594202920794487,0.9047800898551941,0.03713460639119148,0.006547157187014818,,0.007860839366912842,
2016-08-31 13:26:40,Dina,Titus,Titus to Host Veterans Benefits Workshop,0.02202783152461052,0.8784217238426208,0.06450816243886948,0.01443153340369463,,0.01288728415966034,
2016-08-31 16:13:20,Nita,Lowey,News from Nita: Celebrating the Lower Hudson Valley's Rich Cultural Heritage ,0.715340256690979,0.1197524294257164,0.025996504351496696,0.1007130891084671,,0.03087748773396015,
2016-08-31 16:13:20,Chris,Van Hollen,Fighting for federal employees and a brighter future for Americans with disabilities,0.008972469717264175,0.02219562605023384,0.007647194899618626,,0.05563264712691307,0.897872269153595,
2016-08-31 16:13:20,Cedric,Richmond,Additional Flood Assistance Resources ,0.009134559892117977,0.9314510226249695,0.021434135735034943,0.014869250357151031,,0.013718065805733204,
2016-08-31 19:00:00,John,Delaney,BREAKING: IAVA Supports Vet Credit Bill,0.8153730034828186,0.1368912011384964,0.02450190670788288,0.008392423391342163,0.00854580570012331,,
2016-09-01 11:40:00,Kyrsten,Sinema,Important Information for Arizona Voters,0.009388357400894165,0.962196946144104,0.012591762468218803,0.0054415627382695675,,0.004556693136692047,
2016-09-01 11:40:00,Kyrsten,Sinema,September Grants Newsletter,0.09616222977638245,0.8194431662559509,0.05521940439939499,0.013915381394326687,0.007861471734941006,,
2016-09-01 11:40:00,Jim,Cooper,"Top 10 at 10: Thursday, September 1",,0.7810020446777344,0.040616534650325775,0.05563144013285637,0.044850170612335205,,0.05082985758781433
2016-09-01 14:26:40,Ami,Bera,Outrageous:,,0.014775403775274754,0.004161684308201075,,0.9631829857826233,0.009149158373475075,0.006110562477260828
2016-09-01 14:26:40,Gwen,Graham,TS Hermine - PREPARE NOW,,0.4492301344871521,0.01734885573387146,0.03908691927790642,0.029017064720392227,0.4486633837223053,
2016-09-01 14:26:40,Alcee,Hastings,The Hastings Monthly Report - September 2016,,0.12116391956806183,,0.06820044666528702,0.24535632133483887,0.3235272765159607,0.23183786869049072
2016-09-01 14:26:40,Donald,Beyer,Just the Facts,,0.7405515313148499,,0.021517915651202202,0.16804157197475433,0.025325560942292213,0.03125767037272453
2016-09-01 14:26:40,Sander,Levin,Rep. Levin Tours the Economic Development in Hazel Park ,0.15766645967960358,0.618678629398346,0.19790546596050262,,0.009150193072855473,0.008528852835297585,
2016-09-01 17:13:20,Niki,Tsongas,Congress in Your Inbox,0.49625223875045776,0.3786334693431854,0.10354085266590118,0.009337947703897953,0.00597037747502327,,
2016-09-01 17:13:20,Marc,Veasey,Marc's Memo - August 2016 Updates,,0.932523250579834,0.011818562634289265,0.016055570915341377,0.009312154725193977,0.016991104930639267,
2016-09-01 20:00:00,Michael,Capuano,E-Update Rep. Capuano,0.6462769508361816,0.263464093208313,0.06665705144405365,0.014178337529301643,0.004295232240110636,,
2016-09-01 20:00:00,Raul,Ruiz,A Mobile Vet Center for Our Community,0.6418249607086182,0.1777242124080658,0.15939149260520935,0.010174131020903587,0.005581509787589312,,
2016-09-02 09:53:20,Charles,Rangel,That's not who we are,0.03277451917529106,0.9198100566864014,0.007863974198698997,,0.019861910492181778,,0.009544000029563904
2016-09-02 09:53:20,Jim,Cooper,"Top 10 at 10: Friday, September 2",0.014928882010281086,0.498191237449646,0.06366626918315887,0.37501993775367737,,0.03475518152117729,
2016-09-02 12:40:00,Michael,Honda,Open Letter to Survivors of Sexual Assault,,0.07496834546327591,,0.05889317765831947,0.0274845939129591,0.42541974782943726,0.39544034004211426
2016-09-02 12:40:00,David,Cicilline,Workforce Training,0.1819896548986435,0.7710406184196472,0.027167247608304024,,0.006041690241545439,0.005568839609622955,
2016-09-02 15:26:40,Brad,Ashford,September Mobile Office Hours,0.027021139860153198,0.9273590445518494,0.028509844094514847,0.009044903330504894,,0.0034511142875999212,
2016-09-02 18:13:20,Gwen,Moore,Milwaukee Unites to Heal Itself After Tumultous Month,0.09990490227937698,0.7418742179870605,,0.02004164457321167,0.06707938760519028,0.036458615213632584,
2016-09-02 18:13:20,Collin,Peterson,Rep. Peterson's Newsletter 9/2/2016,0.8545571565628052,0.09477190673351288,0.02575114369392395,0.020186172798275948,0.002256829058751464,,
2016-09-02 18:13:20,Nancy,Pelosi,They Work Hard for the Money,0.06775521486997604,0.8649659156799316,0.00773401465266943,0.03767405450344086,0.010316888801753521,,
2016-09-02 18:13:20,Loretta,Sanchez,Labor Day 2016,0.42831364274024963,0.5196877121925354,0.01132628321647644,0.010770265944302082,0.017981797456741333,,
2016-09-02 18:13:20,Steve,Cohen,Commending President Obama for Commuting 111 Sentences,0.9131823182106018,0.048793207854032516,0.019405728206038475,0.006243950687348843,0.007645529229193926,,
2016-09-02 21:00:00,Gregorio,Sablan,"This Week in Congress - Friday, September 2, 2016",0.7859401702880859,0.10362564027309418,0.05555850639939308,0.040275923907756805,0.011318185366690159,,
2016-09-03 10:53:20,Henry,Cuellar,Congressman Henry Cuellar's Congressional Report for September 3,0.06204806640744209,0.8082067370414734,0.02442893758416176,0.01552515011280775,,0.07424702495336533,
2016-09-03 13:40:00,Joe,Courtney,A Groton-based crew breaks another glass ceiling,0.7960313558578491,0.1538638025522232,0.03621133789420128,0.004446038976311684,,,0.003973242826759815
2016-09-03 13:40:00,Joe,Courtney,A Groton-based crew breaks another glass ceiling,0.7960313558578491,0.1538638025522232,0.03621133789420128,0.004446038976311684,,,0.003973242826759815
2016-09-03 13:40:00,Joe,Courtney,A Groton-based crew breaks another glass ceiling,0.7960313558578491,0.1538638025522232,0.03621133789420128,0.004446038976311684,,,0.003973242826759815
2016-09-04 11:53:20,Joaquin,Castro,Capitol Hill Update from Congressman Castro,0.38116732239723206,0.5598329901695251,0.01711113005876541,0.021691570058465004,,0.010667768307030201,
2016-09-05 10:06:40,Filemon,Vela,A Special Update from Congressman Filemon Vela,0.9221828579902649,0.032322101294994354,0.03670993819832802,0.004298531450331211,0.0023971465416252613,,
2016-09-05 10:06:40,Elijah,Cummings,Celebrating America's Workers,0.15524819493293762,0.7967269420623779,0.02646314725279808,0.010202145203948021,0.005418866407126188,,
2016-09-05 10:06:40,Donald,Norcross,Labor Day Message,,,,,,,
2016-09-05 12:53:20,Suzan,DelBene,A quick update,,0.2828729748725891,0.006176816765218973,0.01773836836218834,0.005456745624542236,0.6788520812988281,
2016-09-05 15:40:00,Richard,Nolan,Labor Day,0.5898143649101257,0.34877780079841614,0.029060494154691696,0.009261483326554298,0.014351350255310535,,
2016-09-05 18:26:40,David,Cicilline,30 Reasons #UnionsMatter,0.9396688342094421,0.017816992476582527,0.01886080577969551,,0.012077420949935913,0.00762510672211647,
2016-09-06 08:20:00,Richard,Nolan,The day that changed everything,0.11547944694757462,0.3006134331226349,0.028997965157032013,0.04008461907505989,,0.4809211790561676,
2016-09-06 08:20:00,Paul,Tonko,Capitol Hill in the Capital Region,0.23634803295135498,0.7026130557060242,0.042793985456228256,0.008380183950066566,,0.004720144905149937,
2016-09-06 11:06:40,Jim,Cooper,"Top 10 at 10: Tuesday, September 6",0.17436638474464417,0.7349610924720764,0.026725225150585175,0.04165893420577049,0.0119312210008502,,
2016-09-06 13:53:20,John,Larson,Grants E-Newsletter - August 2016,0.019636357203125954,0.9427674412727356,0.021313726902008057,0.008247632533311844,0.003947270568460226,,
2016-09-06 16:40:00,Derek,Kilmer,A Long Time Coming,0.4730561375617981,0.4832328259944916,0.018287157639861107,,0.0104074627161026,,0.0066734664142131805
2016-09-06 16:40:00,Frank,Pallone,Keeping School Drinking Water Safe ,,0.08980251848697662,,0.019913194701075554,0.04303973913192749,0.8227899074554443,0.017353229224681854
2016-09-06 16:40:00,Raúl,Grijalva,Your September Update,,0.017264094203710556,,0.006442335434257984,0.003774935845285654,0.9598040580749512,0.007919500581920147
2016-09-07 12:06:40,Gwen,Graham,UPDATE: Hurricane Hermine Recovery Efforts,,0.7622506022453308,0.006881642155349255,0.00972658023238182,0.007421465124934912,0.20155330002307892,
2016-09-07 14:53:20,Sander,Levin,Congressman Levin Seeks Service Academy Nominees ,0.01693236455321312,0.8942565321922302,0.047284018248319626,,0.008432037197053432,0.023377448320388794,
2016-09-07 17:40:00,Seth,Moulton,Will I see you on Sunday?,0.17500777542591095,0.7433575391769409,0.05655122920870781,0.014027989469468594,0.005051045678555965,,
2016-09-07 20:26:40,Alan,Lowenthal,"Rep. Lowenthal eNewsletter 'The 47th Flyer' - Sept.7 - Startup Day, VA Care, Mexico Human Rights",0.9489696621894836,0.019017495214939117,0.025608757510781288,0.0022319338750094175,0.001785603235475719,,
2016-09-07 23:13:20,Terri,Sewell,Guide to Grants Issue 281 - Sep 7 2016,0.004716632422059774,0.9147137999534607,0.062241330742836,0.009538005106151104,0.004948089364916086,,
2016-09-08 07:33:20,Paul,Tonko,"Federal Grant Opportunities - September 8, 2016",0.008889793418347836,0.9540687203407288,0.019961951300501823,0.006629395764321089,0.00452905148267746,,
2016-09-08 10:20:00,Donald,Norcross,"Keeping the ""Fight for $15"" Going",0.0096900574862957,0.03220515325665474,0.005082284100353718,0.012813516892492771,0.9325002431869507,,
2016-09-08 10:20:00,Jim,Cooper,"Top 10 at 10: Thursday, September 8",,0.3917323052883148,,0.07575055956840515,0.30620118975639343,0.16822722554206848,0.027508417144417763
2016-09-08 13:06:40,James,Langevin,A RhodeTrip to Remember,0.4548700451850891,0.13939079642295837,0.14637711644172668,0.026821928098797798,,0.2066372036933899,
2016-09-08 15:53:20,James,Himes,Join me for Academy Day this Saturday,0.0639781653881073,0.8584590554237366,0.047652509063482285,0.012701274827122688,,0.010558445006608963,
2016-09-08 15:53:20,Henry,Johnson,"Congressman Hank Johnson's E-Newsletter for Sept. 8, 2016",0.021487774327397346,0.9153235554695129,0.022789087146520615,0.02768445387482643,,0.007575377821922302,
2016-09-08 15:53:20,Brad,Ashford,Applications for Military Academy Nominations,0.017229249700903893,0.6014668941497803,0.011149667203426361,0.006712958216667175,,0.35383015871047974,
2016-09-08 15:53:20,Jackie,Speier,INVITE! Know about your brain during National Brain Aneurysm Awareness Month,0.01115935854613781,0.6471655964851379,0.11459321528673172,0.08407654613256454,,0.13223014771938324,
2016-09-08 15:53:20,Joseph,Kennedy,The promise of mental health parity,,0.9149890542030334,0.00607846025377512,0.014854288659989834,0.03390445560216904,,0.020237978547811508
2016-09-08 15:53:20,Sean,Maloney,Local heroes,0.22246532142162323,0.6769518852233887,0.022015588358044624,0.027357107028365135,,0.037100713700056076,
2016-09-08 15:53:20,André,Carson,America's Teacher Shortage,0.014318590052425861,0.8233464956283569,0.028731942176818848,0.011462680995464325,,0.11122345179319382,
2016-09-08 15:53:20,Donald,Beyer,Just the Facts,,0.9214990735054016,0.026118163019418716,0.016114462167024612,0.009730041027069092,0.01687789149582386,
2016-09-08 15:53:20,Al,Green,Congressman Al Green Exposes Effort by Republican Leadership to Obstruct and Obfuscate for Political Gain,,0.19770245254039764,,0.03532910719513893,0.4994617998600006,0.15439705550670624,0.09848436713218689
2016-09-08 18:40:00,Xavier,Becerra,There's Still Time: Nominate a Latino Leader,0.014922700822353363,0.9472821950912476,0.023741381242871284,0.005420412868261337,0.0043371557258069515,,
2016-09-08 18:40:00,Nancy,Pelosi,Do Your Job!,0.06015372648835182,0.012735897675156593,,0.020950954407453537,0.05770083889365196,0.8427614569664001,
2016-09-08 21:26:40,Suzanne,Bonamici,Bonamici Bulletin,0.0192897766828537,0.027347896248102188,0.008638999424874783,,0.005270886234939098,0.934421181678772,
2016-09-09 11:20:00,Jim,Cooper,"Top 10 at 10: Friday, September 9",,0.07626687735319138,0.029248706996440887,0.25315335392951965,,0.6220531463623047,0.011519775725901127
2016-09-09 11:20:00,Patrick,Murphy,Beyond Time for Bipartisan Action on Zika,,0.8448129296302795,,0.029744219034910202,0.03674387186765671,0.05710791051387787,0.018078625202178955
2016-09-09 11:20:00,David,Cicilline,We the People,0.009552466683089733,0.01024998165667057,,0.08130399137735367,0.06125757470726967,0.8315367102622986,
2016-09-09 14:06:40,Charles,Rangel,We Are Stronger Together,0.007315795868635178,0.0055928537622094154,0.0044738007709383965,0.003508691443130374,,0.9773077964782715,
2016-09-09 14:06:40,Nita,Lowey,"News from Nita: Honoring the Victims of September 11, 2001",0.3734665513038635,0.18501459062099457,0.027031758800148964,0.3799464702606201,,0.0251530259847641,
2016-09-09 14:06:40,Carolyn,Maloney,Commemorating the 15th Anniversary of 9/11,0.0825931578874588,0.4392872750759125,,0.3643414080142975,,0.07584629952907562,0.015858419239521027
2016-09-09 14:06:40,Betty,McCollum,Washington Update: Federal Funding Urgently Needed for Zika Response,0.4567047357559204,0.42464256286621094,0.0953717902302742,0.011725652031600475,0.005938837770372629,,
2016-09-09 14:06:40,John,Delaney,ICYMI: Consumer Protection op-ed in The Huffington Post,0.026039915159344673,0.5194964408874512,,0.18940265476703644,0.0167324710637331,0.22472822666168213,
2016-09-09 14:06:40,Seth,Moulton,re: Day of Service in honor of 9/11,0.3123624622821808,0.5765657424926758,0.06257849931716919,0.035729870200157166,,0.005226681008934975,
2016-09-09 14:06:40,Ami,Bera,Unwavering:,0.5760947465896606,0.24726903438568115,0.021693604066967964,0.10677791386842728,,0.036777712404727936,
2016-09-09 14:06:40,Ron,Kind,I want you to share your thoughts,0.009158452972769737,0.8674010634422302,0.023740436881780624,0.06767530739307404,,0.018480200320482254,
2016-09-09 14:06:40,Kyrsten,Sinema,Preventing Veteran Suicide ,0.008878622204065323,0.47654417157173157,,0.030687151476740837,0.00812216755002737,0.4615975320339203,
2016-09-09 16:53:20,Steve,Cohen,Returning to Washington,0.06557737290859222,0.3484281599521637,0.03865823894739151,0.4846402406692505,,0.05286918580532074,
2016-09-09 16:53:20,Loretta,Sanchez,Remembering 9/11,0.01981903612613678,0.05453793704509735,0.010029763914644718,0.6249799132347107,,0.27943745255470276,
2016-09-09 16:53:20,Michael,Honda,Introduced Today: Strengthening Social Security Act,0.2195541262626648,0.7129988074302673,0.014067234471440315,0.028323061764240265,0.010457859374582767,,
2016-09-09 16:53:20,Nancy,Pelosi,Time is Running Out,0.018180271610617638,0.7589306235313416,,0.036060888320207596,0.03939417377114296,0.1255497932434082,
2016-09-09 16:53:20,Emanuel,Cleaver,EC from DC: A Commendable Step in the Right Direction,,0.6509516835212708,,0.0848597064614296,0.06363142281770706,0.11370184272527695,0.04383458197116852
2016-09-09 19:40:00,Collin,Peterson,Rep. Peterson's Newsletter 9/9/2016,0.9046088457107544,0.04354535788297653,0.036461472511291504,0.010834522545337677,0.002032488351687789,,
2016-09-09 19:40:00,Michael,Capuano,E-Update Rep. Capuano,0.004030719865113497,0.03154623880982399,0.006863906979560852,0.9511505961418152,,0.0034150397405028343,
2016-09-09 19:40:00,Alan,Lowenthal,"Rep. Lowenthal eNewsletter 'The 47th Flyer' - Sept. 9 - Climate Agreement, Sunburst Cadets, Job Corps",0.3748689889907837,0.2795821726322174,0.017772166058421135,0.15596136450767517,,0.1581364870071411,
2016-09-09 19:40:00,Joe,Courtney,Eastern Connecticut's finest,0.5191788673400879,0.3446516692638397,0.07354356348514557,0.0294644832611084,,0.02135911025106907,
2016-09-09 22:26:40,Gregorio,Sablan,"This Week in Congress - Friday, September 9, 2016",0.018247773870825768,0.11214820295572281,0.021058576181530952,0.015617433935403824,,0.8178377747535706,
2016-09-09 22:26:40,Tulsi,Gabbard,Home in Hawai'i,0.8710943460464478,0.08551934361457825,0.027822405099868774,0.005798397120088339,0.004130677320063114,,
2016-09-10 09:33:20,Chellie,Pingree,Snapshots from a busy Maine summer,0.4999353289604187,0.4375160336494446,0.04308869317173958,0.011410634033381939,0.0038827857933938503,,
2016-09-10 12:20:00,Henry,Cuellar,Congressman Henry Cuellar's Congressional Report for September 10,0.21938763558864594,0.4951583743095398,0.030481379479169846,0.041750311851501465,,0.1814078390598297,
2016-09-11 13:20:00,Joaquin,Castro,Capitol Hill Update from Congressman Castro,0.007854745723307133,0.017995625734329224,,0.8868507146835327,,0.0759822279214859,0.005381378810852766
2016-09-11 13:20:00,Diana,DeGette,"Working for Our Community, in Colorado and DC",0.17659321427345276,0.5869626402854919,0.07783085852861404,0.14000044763088226,,0.010227012448012829,
2016-09-12 11:33:20,Jim,Cooper,"Top 10 at 10: Monday, September 12",0.015937793999910355,0.0674552395939827,0.011888322420418262,0.8951349854469299,,0.005147894378751516,
2016-09-12 14:20:00,Jackie,Speier,INVITE! Engaging in National Service: Peace Corps Opportunities,0.4729979932308197,0.4103834927082062,0.09200490266084671,0.010577714070677757,,0.006099167745560408,
2016-09-12 14:20:00,Al,Green,Congressman Al Green Presents the Parents of Local West Point Graduates With Flags Flown Above the Capitol ,0.07430782914161682,0.7918729782104492,0.057899825274944305,0.05193087086081505,,0.016927573829889297,
2016-09-12 14:20:00,Richard,Nolan,No government? No pay for Congress!,,0.6869763731956482,0.028312675654888153,0.028742030262947083,0.16486532986164093,0.07312150299549103,
2016-09-12 17:06:40,Eleanor,Norton,"e-Newsletter-Monday, September 12, 2016",0.61453777551651,0.3032366931438446,0.06156972423195839,0.0064960140734910965,0.008698033168911934,,
2016-09-12 17:06:40,Brad,Ashford,Keeping You Informed,0.006046711932867765,0.15532992780208588,0.006190905347466469,0.005826820619404316,,0.8181162476539612,
2016-09-12 19:53:20,C.,Ruppersberger,Dutch's Dispatch,0.07335998862981796,0.3975848853588104,,0.4484965205192566,,0.04648983106017113,0.016840318217873573
2016-09-12 22:40:00,Terri,Sewell,Guide to Grants Issue 282 - Sep 12 2016,0.005103761795908213,0.9109753370285034,0.06011367589235306,0.008409523405134678,0.008651752024888992,,
2016-09-13 01:26:40,Lois,Capps,Celebrating Our Stories,0.5194615125656128,0.3716992735862732,0.03648317605257034,0.06238076835870743,,0.0034041861072182655,
2016-09-13 09:46:40,Jim,Cooper,"Top 10 at 10: Tuesday, September 13",,0.08073403686285019,0.02691705897450447,0.020675241947174072,,0.85970538854599,0.0061786724254488945
2016-09-13 12:33:20,Elizabeth,Esty,Making Education Affordable,0.02808285690844059,0.8119887113571167,,0.04941143840551376,0.04691830277442932,,0.022023752331733704
2016-09-13 12:33:20,Jerrold,Nadler,"On the 15th Anniversary of 9/11, A Monument for Those Affected by Ground Zero Toxins",0.01033211499452591,0.18790477514266968,,0.6738731265068054,,0.09545563161373138,0.014617408625781536
2016-09-13 15:20:00,Ami,Bera,One in five women:,,0.015404448844492435,,0.012102051638066769,0.003223118372261524,0.9639229774475098,0.002654504030942917
2016-09-13 15:20:00,Paul,Tonko,How I spent the summer recess,0.7016220688819885,0.17298853397369385,0.0412704236805439,0.06876908242702484,0.007915972732007504,,
2016-09-13 15:20:00,Alma,Adams,50 Day Left in the Congressional App Challenge ,0.8513332605361938,0.06981153041124344,0.06417097896337509,0.0036375185009092093,0.006629004143178463,,
2016-09-13 15:20:00,Donald,Beyer,Women Take Charge,0.846013069152832,0.08752365410327911,0.054251931607723236,0.00516117038205266,0.004346787929534912,,
2016-09-13 18:06:40,Al,Green,Rep. Al Green Becomes Original Co-Sponsor of Bipartisan Ethiopian Human Rights Resolution,0.06650269031524658,0.7941546440124512,,0.03154271841049194,0.035063304007053375,0.04503642022609711,
2016-09-13 23:40:00,Tulsi,Gabbard,Home in Hawai'i,0.8710943460464478,0.08551934361457825,0.027822405099868774,0.005798397120088339,0.004130677320063114,,
2016-09-14 10:46:40,John,Sarbanes,Sharing the Sarbanes Standard with a Friend,0.5150163769721985,0.4263829290866852,0.03891079127788544,0.01023030560463667,0.004039284307509661,,
2016-09-14 13:33:20,Jim,Cooper,"Top 10 at 10: Wednesday, September 14",,0.7174681425094604,0.0686216875910759,0.07006070017814636,0.021097715944051743,0.10280712693929672,
2016-09-14 19:06:40,Beto,O’Rourke,Quick update ,0.026181936264038086,0.931845486164093,0.02459752932190895,0.006224616430699825,0.004499799571931362,,
2016-09-15 11:46:40,Jim,Cooper,"Top 10 at 10: Thursday, September 15",0.017125608399510384,0.8149740099906921,0.13542531430721283,0.009866537526249886,,0.012260778807103634,
2016-09-15 11:46:40,Kyrsten,Sinema,September Monthly Newsletter,0.030792459845542908,0.6706893444061279,0.03431525081396103,0.22012734413146973,,0.03210168331861496,
2016-09-15 14:33:20,Adam,Smith,Congressman Smith in our Community,0.8080875277519226,0.1594250351190567,0.01289980299770832,0.010940516367554665,0.0034054750576615334,,
2016-09-15 14:33:20,Donald,Beyer,Just the Facts,0.005283941514790058,0.9347705841064453,0.032337769865989685,0.0127966133877635,0.006933192722499371,,
2016-09-15 14:33:20,Brad,Ashford,Protecting Our Veterans,0.004340494051575661,0.07197516411542892,,0.009740319103002548,,0.9046677947044373,0.0036232497077435255
2016-09-15 17:20:00,Ed,Perlmutter,Data Breaches,,0.8963288068771362,0.022713886573910713,0.012603789567947388,0.019284555688500404,0.033565640449523926,
2016-09-15 17:20:00,Jackie,Speier,IT'S NOT TOO LATE TO SIGN UP! Know about your brain during National Brain Aneurysm Awareness Month,0.01115935854613781,0.6471655964851379,0.11459321528673172,0.08407654613256454,,0.13223014771938324,
2016-09-15 20:06:40,Debbie,Wasserman Schultz,Happy Hispanic Heritage Month!,0.7795681953430176,0.12048692256212234,0.08524813503026962,0.004404307808727026,0.005975531414151192,,
2016-09-15 20:06:40,Denny,Heck,Back to school,0.8433918356895447,0.10277001559734344,0.03230992704629898,0.014779510907828808,0.003607382532209158,,
2016-09-16 12:46:40,Patrick,Murphy,Progress in our push to send water south,0.05042942613363266,0.8640921115875244,,0.0192650705575943,0.015512765385210514,0.03087908774614334,
2016-09-16 15:33:20,Ann,Kuster,Speaking out,0.5905731320381165,0.3507101535797119,0.027773037552833557,0.01436969917267561,0.0073355757631361485,,
2016-09-16 15:33:20,Charles,Rangel,Putting People First,0.8162369132041931,0.12454540282487869,0.04052900895476341,0.007571054622530937,0.004764228593558073,,
2016-09-16 15:33:20,David,Cicilline,Remembering,,0.17951402068138123,,0.09338191151618958,0.02234770730137825,0.5290321111679077,0.15777410566806793
2016-09-16 18:20:00,Joe,Courtney,Take a look behind-the-scenes,0.09210987389087677,0.01540953665971756,0.02021072991192341,0.8668835759162903,,0.0031009449157863855,
2016-09-16 18:20:00,Steve,Cohen,Requesting DOJ Investigation of the Trump Foundation for Misconduct,0.012472022324800491,0.0185354333370924,0.009617556817829609,0.9450538754463196,,0.010756293311715126,
2016-09-16 18:20:00,Loretta,Sanchez,You're invited to my Emergency Preparedness Health Fair,0.10894977301359177,0.6875179409980774,0.04855646938085556,0.0232966598123312,,0.11031490564346313,
2016-09-16 18:20:00,Nancy,Pelosi,Unfinished Business,,0.0030518441926687956,,0.002761097624897957,0.5914317965507507,0.3944837152957916,0.0035447380505502224
2016-09-16 21:06:40,Michael,Capuano,E-Update Rep. Capuano,0.018664516508579254,0.8956405520439148,0.020572302863001823,0.03942892700433731,0.014017024077475071,,
2016-09-16 21:06:40,Collin,Peterson,Rep. Peterson's Newsletter 9/16/2016,0.8993909955024719,0.04774229973554611,0.031071508303284645,0.01050749234855175,,0.006618052255362272,
2016-09-16 23:53:20,Gregorio,Sablan,"This Week in Congress - Friday, September 16, 2016",0.19423410296440125,0.3825192153453827,0.17080377042293549,0.08299263566732407,,0.133138507604599,
2016-09-17 11:00:00,Henry,Cuellar,Congressman Henry Cuellar's Congressional Report for September 17,0.18575581908226013,0.7068087458610535,0.03958933427929878,0.01598106324672699,,0.04020386189222336,
2016-09-17 13:46:40,Rick,Larsen,The Next Snapchat?,0.03838569298386574,0.9056631326675415,0.040496110916137695,0.005983011331409216,0.00421562697738409,,
2016-09-18 12:00:00,Joaquin,Castro,Capitol Hill Update from Congressman Castro,,0.06026589125394821,,0.011150084435939789,0.07618408650159836,0.41252121329307556,0.4283658564090729
2016-09-18 12:00:00,Diana,DeGette,Problem Solving in DC and Colorado,0.366024911403656,0.5530372858047485,0.038098059594631195,,0.01387412752956152,0.0118267135694623,
2016-09-18 20:20:00,Carolyn,Maloney,Updates for NY-12 After Chelsea Bombing,0.20149414241313934,0.5962189435958862,,0.027944112196564674,0.016167260706424713,0.14022262394428253,
2016-09-19 10:13:20,Richard,Nolan,Career & Technical Education gets a boost,0.07496238499879837,0.8546277284622192,0.016660016030073166,0.016675205901265144,,0.018385935574769974,
2016-09-19 13:00:00,Al,Green,"My Dear Friend and Chief of Staff, Jacqueline Ellis",0.024706650525331497,0.35941940546035767,0.02247673273086548,0.47018668055534363,,0.1108994260430336,
2016-09-19 15:46:40,Brad,Ashford,Keeping you informed,,0.09343165159225464,0.0036550750955939293,0.007114720530807972,0.0056414189748466015,0.8842629194259644,
2016-09-19 15:46:40,Eleanor,Norton,"e-Newsletter-Monday, September 19, 2016",,0.8356693983078003,0.022804003208875656,,0.025053827092051506,0.07278066128492355,0.01732967048883438
2016-09-19 15:46:40,Nita,Lowey,News from Nita: Condemning Attacks in New York City,0.06840251386165619,,,0.8143869042396545,0.025494294241070747,0.0516163632273674,0.0190939512103796
2016-09-19 15:46:40,Derek,Kilmer,Coming Together,0.02084800973534584,0.520203173160553,,0.38140183687210083,,0.025043662637472153,0.028093475848436356
2016-09-19 18:33:20,Alma,Adams,Colonial Pipeline Leak,,0.7464859485626221,0.03613264113664627,0.09586901217699051,0.04072938859462738,0.06192043796181679,
2016-09-20 11:13:20,Paul,Tonko,"Federal Grant Opportunities - September 20, 2016",0.007972734048962593,0.9472864270210266,0.022769544273614883,0.007762101013213396,,0.006835191044956446,
2016-09-20 14:00:00,Alma,Adams,Update: Colonial Pipeline Leak,,0.8521037101745605,0.04227808862924576,0.06716900318861008,0.015454262495040894,0.012243395671248436,
2016-09-20 14:00:00,Alan,Lowenthal,"Rep. Lowenthal eNewsletter 'The 47th Flyer' - Sept. 20 - Cambodian Elections, Greenhouse Gas, Obama Library",,0.10868261009454727,,0.016495971009135246,0.269538551568985,0.565944254398346,0.02728900872170925
2016-09-20 16:46:40,Brad,Ashford,"What's on your mind, please let me know.",0.015409732237458229,0.10572007298469543,0.005228304769843817,0.006431281100958586,,0.8622781038284302,
2016-09-21 03:53:20,Lois,Capps,Protecting Piedras Blancas,0.026099208742380142,0.9266591668128967,0.016765719279646873,0.01909707300364971,,0.004767576232552528,
2016-09-21 09:26:40,Jim,Cooper,"Top 10 at 10: Wednesday, September 21",,0.30626386404037476,0.627299964427948,0.01249976921826601,0.018096206709742546,0.022919561713933945,
2016-09-21 15:00:00,Ami,Bera,This is a big deal:,0.06464578211307526,0.5801952481269836,0.01329607143998146,0.011041862890124321,,0.31409382820129395,
2016-09-21 17:46:40,Xavier,Becerra,Announcing Winners of 34th District Latino Heritage Month Community and Business Leader Awards,0.681892991065979,0.25071802735328674,0.046237438917160034,0.007086333353072405,0.008530915714800358,,
2016-09-21 20:33:20,Terri,Sewell,Guide to Grants Issue 283 - Sep 21 2016,0.005015039816498756,0.9113903641700745,0.05883331224322319,0.010001658461987972,0.00827297754585743,,
2016-09-21 20:33:20,Al,Green,"The Passing of My Dear Friend and Chief of Staff, Jacqueline Ellis",0.0029703741893172264,0.009974083863198757,0.006710382644087076,0.9769008159637451,,0.001516332384198904,
2016-09-22 10:26:40,Jim,Cooper,"Top 10 at 10: Thursday, September 22",,0.023247379809617996,0.00535503588616848,0.010291754268109798,0.014339420944452286,0.9417744278907776,
2016-09-22 16:00:00,Elizabeth,Esty,Saluting our Gold Star Families,0.5867571234703064,0.07313121110200882,0.029674014076590538,0.29960280656814575,0.003984760958701372,,
2016-09-22 16:00:00,Brad,Ashford,Growing Our Local Economy,0.006286989897489548,0.24048765003681183,0.005649130325764418,0.007595862727612257,,0.7305417060852051,
2016-09-22 16:00:00,Donald,Norcross,An Exciting Opportunity for South Jersey Students,0.12487983703613281,0.7720962762832642,0.0826268121600151,0.009634433314204216,,0.004947323817759752,
2016-09-22 16:00:00,Mark,Pocan,"Pocan Post: Congress Takes One Step Forward, Two Steps Back",0.24154751002788544,0.6885400414466858,0.04058799520134926,0.00584003608673811,0.01855441741645336,,
2016-09-22 16:00:00,Donald,Beyer,Just the Facts,,0.9468768239021301,0.01144187431782484,,0.013761014677584171,0.007685150485485792,0.008451906032860279
2016-09-22 18:46:40,Bill,Foster,You're invited: Science of Addiction Discussion,0.03069578856229782,0.9340693950653076,0.012790052220225334,0.007980079390108585,,,0.005479724612087011
2016-09-23 11:26:40,Debbie,Wasserman Schultz,September is Sickle Cell Awareness Month,,0.8665142059326172,0.02272314578294754,0.06584194302558899,,0.02162093110382557,0.009110110811889172
2016-09-23 11:26:40,Niki,Tsongas,Congress in your Inbox,0.5346754789352417,0.36244267225265503,0.07998223602771759,0.01428335253149271,0.0039113592356443405,,
2016-09-23 11:26:40,Al,Green,Congressmen Al Green and Ted Poe Introduce Bipartisan Resolution to Recognize October as Domestic Violence Awareness Month,,0.22424979507923126,,0.08568048477172852,0.03778278827667236,0.6212313175201416,0.020033806562423706
2016-09-23 11:26:40,Kyrsten,Sinema,Preventing Tax Increases for Middle Class Families,0.012085664086043835,0.9590417742729187,0.007673248182982206,,0.0069067105650901794,0.0069879041984677315,
2016-09-23 11:26:40,Jared,Huffman,Updates from Around the North Coast,0.01315633300691843,0.0504121258854866,0.7621331214904785,0.147584930062294,,0.01818457804620266,
2016-09-23 14:13:20,Linda,Sánchez,Latest from Linda,0.005720306187868118,0.07319138944149017,0.010556214489042759,0.006779260002076626,,0.8978868722915649,
2016-09-23 14:13:20,Michael,Honda,Don't Hack My Vote,,0.2801254391670227,,0.013122843578457832,0.16419890522956848,0.4931515157222748,0.036717738956213
2016-09-23 14:13:20,Charles,Rangel,The March Continues,,0.11684462428092957,,0.3345945179462433,0.028877880424261093,0.4896027743816376,0.012965177185833454
2016-09-23 14:13:20,Ron,Kind,Facing some flood damage? We can help,,0.492904394865036,0.024522602558135986,0.23767410218715668,0.029133114963769913,0.18756523728370667,
2016-09-23 14:13:20,Tammy,Duckworth,Veterans Deserve the Same Preventive Healthcare as All Insured Americans,,0.8018510341644287,0.015711717307567596,0.03181156516075134,0.11431094259023666,,0.016584420576691628
2016-09-23 17:00:00,David,Cicilline,More Work to Do,0.07953427731990814,0.8734080791473389,0.012942599132657051,0.010133492760360241,0.011370853520929813,,
2016-09-23 17:00:00,Joe,Courtney,Update on crumbling foundations,,0.016176018863916397,0.005331163760274649,0.005058275070041418,0.0069218291901052,0.9627671241760254,
2016-09-23 17:00:00,Steve,Cohen,Joining President Obama at the White House to celebrate the Opening of the Smithsonian National Museum of African American History and Culture,0.9460408687591553,0.026624023914337158,0.01615096814930439,0.004888732451945543,,0.0023780097253620625,
2016-09-23 17:00:00,Nancy,Pelosi,The Soul of SF,,0.11001533269882202,0.011261344887316227,0.023570436984300613,0.010668674483895302,0.8339895606040955,
2016-09-23 17:00:00,Earl,Blumenauer,Our democracy is at stake,,0.08304374665021896,0.01086337212473154,,0.7206470370292664,0.13593952357769012,0.04101318493485451
2016-09-23 17:00:00,Loretta,Sanchez,Tomorrow is my Emergency Preparedness Health Fair,0.05002874135971069,0.6820806264877319,0.02722598984837532,0.02049102634191513,,0.20184823870658875,
2016-09-23 19:46:40,Michael,Capuano,E-Update Rep. Capuano,0.010690017603337765,0.9343289136886597,0.016679150983691216,0.020052943378686905,0.009470226243138313,,
2016-09-23 19:46:40,Collin,Peterson,Rep. Peterson's Newsletter 9/23/2016,0.23067286610603333,0.32010987401008606,0.09970366954803467,0.3346608579158783,,0.008744088001549244,
2016-09-23 22:33:20,Gregorio,Sablan,"This Week in Congress - Friday, September 23, 2016",0.424445778131485,0.37018242478370667,0.12020885199308395,0.037727996706962585,0.03397771343588829,,
2016-09-24 12:26:40,Rick,Larsen,Healthcare or a Paycheck?,0.03266318142414093,0.9182623028755188,0.014634497463703156,0.012440105900168419,,0.011555478908121586,
2016-09-24 12:26:40,Henry,Cuellar,Congressman Henry Cuellar's Congressional Report for September 24,0.03142818436026573,0.459117591381073,0.040663834661245346,0.021717669442296028,,0.42774227261543274,
2016-09-25 07:53:20,José,Serrano,"The Serrano Report - September 25, 2016",0.010662971995770931,0.3208121955394745,,0.0400940366089344,0.03412878140807152,0.5795682072639465,
2016-09-25 13:26:40,Joaquin,Castro,Capitol Hill Update from Congressman Castro,0.8476213812828064,0.09503035247325897,0.04279988259077072,0.007968800142407417,0.0038092450704425573,,
2016-09-25 13:26:40,Diana,DeGette,Standing Up for Health and Safety,0.008259003981947899,0.9408056735992432,,0.008857285603880882,0.018238434568047523,0.013654128648340702,
2016-09-26 11:40:00,Jackie,Speier,Registration for Seniors on the Move Is Open - sign up now!,0.1469007283449173,0.7234687209129333,0.10342001169919968,0.011442527174949646,0.00852136965841055,,
2016-09-26 11:40:00,Jim,Cooper,"Top 10 at 10: September 26, 2016",0.021977294236421585,0.2420930564403534,0.13058961927890778,0.5856139063835144,,0.012214602902531624,
2016-09-26 11:40:00,Donald,Beyer,You're Invited - Service Academy Night,0.007632583379745483,0.26676663756370544,0.03188544139266014,0.010300970636308193,,0.673453688621521,
2016-09-26 14:26:40,Richard,Nolan,Nolan bill boosts local airports,0.9146518707275391,0.045680370181798935,0.02987339161336422,0.0020385696552693844,0.005199718289077282,,
2016-09-26 14:26:40,Brad,Ashford,Keeping You Informed,0.005277723073959351,0.13136020302772522,0.005466414615511894,0.006810225546360016,,0.8452470898628235,
2016-09-26 14:26:40,Susan,Davis,News from Congresswoman Susan Davis,0.5078401565551758,0.11521271616220474,0.05470097064971924,0.30964308977127075,,0.005578617099672556,
2016-09-26 14:26:40,Ruben,Gallego,Interested in attending a military service academy?,0.2217298299074173,0.7190365791320801,0.03744790703058243,0.008383735083043575,0.006161720026284456,,
2016-09-26 17:13:20,Eleanor,Norton,"e-Newsletter-Monday, September 26, 2016",0.9459967017173767,0.01684241183102131,0.02986808679997921,0.0028532114811241627,0.002453532302752137,,
2016-09-26 20:00:00,Judy,Chu,Updates from My Office,0.8235244750976562,0.04886012151837349,0.02967740409076214,0.07797633856534958,0.01370961219072342,,
2016-09-27 07:06:40,Lois,Capps,More Than a Museum,0.09789802879095078,0.10236532241106033,0.04117734357714653,0.7447236180305481,,0.006384686101227999,
2016-09-27 09:53:20,Jerrold,Nadler,Coming Together Following Terrorism of Chelsea Bombing,0.003695080755278468,0.011895383708178997,,0.022470176219940186,0.012128517962992191,0.9458306431770325,
2016-09-27 09:53:20,Jim,Cooper,"Top 10 at 10: Tuesday, September 27",,0.45325857400894165,,0.10364940762519836,0.25482138991355896,0.06031360477209091,0.10575524717569351
2016-09-27 12:40:00,Suzan,DelBene,A quick update,0.008139707148075104,0.29244139790534973,0.008647741749882698,0.018988758325576782,,0.6606591939926147,
2016-09-27 12:40:00,Steve,Cohen,Stax Music Academy and Tennessee State University Perform at Smithsonian National Museum of African American History & Culture Opening Weekend Events,0.5843446254730225,0.2951679527759552,0.09334108233451843,0.018413357436656952,0.004124234896153212,,
2016-09-27 12:40:00,Al,Green,"The Two Services Celebrating the Life of Ms. Jacqueline A. Ellis, Esq.",0.015198050998151302,0.02408747747540474,0.012610199861228466,0.9440898299217224,,0.0020493208430707455,
2016-09-27 15:26:40,Frank,Pallone,Congressional App Challenge,0.1361638903617859,0.8059189915657043,0.04166704788804054,0.005946930032223463,0.00576404482126236,,
2016-09-27 15:26:40,Ami,Bera,Important announcement:,0.04899383336305618,0.8916783928871155,0.010109908878803253,0.013368231244385242,0.02843763493001461,,
2016-09-27 18:13:20,Seth,Moulton,RE: November 8th,0.024981273338198662,0.8990973830223083,0.0403265655040741,0.02746848203241825,0.0034071430563926697,,
2016-09-27 18:13:20,Al,Green,Congressman Al Green Attends the National Museum of African American History and Culture Dedication Ceremony,0.020290261134505272,0.8883371949195862,0.01912451721727848,0.030710045248270035,,0.022518418729305267,
2016-09-28 10:53:20,Paul,Tonko,wiping out addiction in our communities,,0.012357073836028576,0.0041064792312681675,0.013558977283537388,0.9640974402427673,,0.004190932493656874
2016-09-28 10:53:20,Jim,Cooper,"Top 10 at 10: Wednesday, September 28",0.010226654820144176,0.24872258305549622,0.09100612252950668,0.6254741549491882,0.01135213952511549,,
2016-09-28 10:53:20,Rick,Larsen,Burlington Shooting,,0.038853969424963,0.01259320043027401,0.569018542766571,,0.36136165261268616,0.008668304421007633
2016-09-28 13:40:00,John,Delaney,Improving the Veterans Crisis Line,,0.8937844634056091,,0.03969574347138405,0.0251125767827034,0.013321959413588047,0.011608538217842579
2016-09-28 13:40:00,Pete,Aguilar,Checking In,0.035033706575632095,0.8823232650756836,0.020470870658755302,0.03903205320239067,,0.014229732565581799,
2016-09-28 16:26:40,Donald,Beyer,NEW DATE - Service Academy Night,0.006714034825563431,0.36334776878356934,0.02920968271791935,0.012417870573699474,,0.5762832760810852,
2016-09-28 16:26:40,Loretta,Sanchez,U.S. Service Academy Night,0.10330554842948914,0.7891350388526917,0.08249932527542114,0.008233168162405491,0.0075081330724060535,,
2016-09-28 16:26:40,Xavier,Becerra,Learn About the U.S. Military Service Academies,0.016933733597397804,0.930566132068634,0.02585732936859131,0.00683197844773531,,0.012653754092752934,
2016-09-28 22:00:00,Michael,Honda,Stay until the job is done,,0.32673513889312744,0.07060401886701584,0.35487788915634155,0.05143392086029053,0.14901480078697205,
2016-09-28 22:00:00,Terri,Sewell,Guide to Grants Issue 284 - Sep 28 2016,0.005453596822917461,0.9044516086578369,0.06510020792484283,0.00791271310299635,0.00970421452075243,,
2016-09-29 11:53:20,Jim,Cooper,"Top 10 at 10: Thursday, September 29",0.020809082314372063,0.8965092301368713,0.022351980209350586,0.05046219751238823,,,0.0037219563964754343
2016-09-29 11:53:20,Carolyn,Maloney,Seeking 9/11 Justice Through the Courts,0.005036090034991503,0.11044410616159439,,0.012886188924312592,0.017280930653214455,0.847296416759491,
2016-09-29 11:53:20,David,Cicilline,Getting Results,0.06941118091344833,0.5350835919380188,0.02209710329771042,,0.3358916640281677,0.016017399728298187,
2016-09-29 11:53:20,Adam,Smith,Congressman Smith Supports House Passage of Water Resources Development Act,0.7450147867202759,0.20181627571582794,0.024634845554828644,0.012803898192942142,,0.006302365101873875,
2016-09-29 11:53:20,Al,Green,Congressmen Al Green and John Culberson Pass Amendments to Prioritize Flood Mitigation Projects,0.03869124501943588,0.5420291423797607,0.014678651466965675,0.35457372665405273,,0.03266290947794914,
2016-09-29 11:53:20,Al,Green,Congressman Al Green's Statement on the Financial Services Committee's Hearing on Wells Fargo Opening Unauthorized Customer Accounts,,0.4320421516895294,,0.08578971773386002,0.16184718906879425,0.18358486890792847,0.11451976001262665
2016-09-29 14:40:00,Daniel,Lipinski,Congressman Lipinski E-Newsletter Update September 2016,0.0377449169754982,0.8034331202507019,0.05565294250845909,0.02340123802423477,,0.061334725469350815,
2016-09-29 14:40:00,Donald,Beyer,Just the Facts,,0.7572832703590393,,0.018571918830275536,0.10373463481664658,0.015794197097420692,0.08947105705738068
2016-09-29 17:26:40,Chris,Van Hollen,"Fighting for our veterans, demanding answers on premium hikes and more",0.07224947214126587,0.8373380303382874,0.0651988834142685,,0.011570812202990055,0.006059461273252964,
2016-09-29 17:26:40,Patrick,Murphy,This Week in Congress: Major Wins for Floridians,0.3263770043849945,0.5166779160499573,0.03470427542924881,0.10061725974082947,,0.008965719491243362,
2016-09-29 17:26:40,Beto,O’Rourke,Got 5 minutes?,0.04301399365067482,0.9137305021286011,0.028470927849411964,0.006702070590108633,0.003634676104411483,,
2016-09-30 10:06:40,Steve,Israel,I Stand with 9/11 Families and Support the Justice Against Sponsors of Terrorism Act,0.014577789232134819,0.26643651723861694,,0.29808148741722107,,0.4000236392021179,0.0082326615229249
2016-09-30 10:06:40,Brad,Ashford,Funding Our Government,0.03193065896630287,0.3023616671562195,0.007779465988278389,,0.007833912037312984,0.6395755410194397,
2016-09-30 10:06:40,Jim,Cooper,"Top 10 at 10: Friday, September 30",,0.08921915292739868,0.25238460302352905,0.02168257348239422,,0.6107107400894165,0.014012850821018219
2016-09-30 12:53:20,Mark,DeSaulnier,Join Us: El Cerrito Mobile District Office Hours,0.08670967817306519,0.7623633146286011,0.11415976285934448,0.009034222923219204,,0.017426498234272003,
2016-09-30 12:53:20,Bill,Pascrell,"A Letter from Congressman Bill Pascrell, Jr.",0.03166186809539795,0.7547260522842407,0.04410528764128685,0.07244502007961273,,0.07951430231332779,
2016-09-30 12:53:20,Alma,Adams,Now Accepting Applications for Service Academy Nominations,0.01096260640770197,0.9234017133712769,0.04327148571610451,0.008213570341467857,0.006451616529375315,,
2016-09-30 12:53:20,Kyrsten,Sinema,October Grants Newsletter,0.0542488656938076,0.8829767107963562,0.04249183461070061,0.007304982747882605,0.008345135487616062,,
2016-09-30 15:40:00,Emanuel,Cleaver,EC from DC: Blatant Disregard for Moral Decency,,0.056548215448856354,,0.022043682634830475,0.7539265751838684,0.012170055881142616,0.14528074860572815
2016-09-30 15:40:00,Steve,Cohen,Joining President Obama in Israel for the Funeral of Shimon Peres,0.015619688667356968,0.011886623688042164,0.01667228527367115,0.9504181146621704,,0.0033815978094935417,
2016-09-30 15:40:00,Ted,Lieu,REP. LIEU & MAYOR GARCETTI STATEMENTS ON PRESIDENT OBAMA SIGNING L.A. HOMELESS VETERANS LEASING ACT INTO LAW,0.5084490776062012,0.39758628606796265,0.07095824182033539,0.008397053927183151,0.008012084290385246,,
2016-09-30 15:40:00,Charles,Rangel,"25,500",0.8648990988731384,0.09543407708406448,0.028283460065722466,0.004061276558786631,0.0035148628521710634,,
2016-09-30 15:40:00,Scott,Peters,Opportunities for San Diego Students,0.15019240975379944,0.7756320238113403,0.053072962909936905,0.006041820626705885,0.007821259088814259,,
2016-09-30 15:40:00,Henry,Johnson,"Congressman Hank Johnson's E-Newsletter for Sept. 30, 2016",0.019105060026049614,0.9063164591789246,0.009389043785631657,,0.014064988121390343,0.04199572280049324,
2016-09-30 18:26:40,Michael,Capuano,E-Update Rep. Capuano,0.027653757482767105,0.4247037470340729,0.021378563717007637,0.032584015280008316,0.4712440073490143,,
2016-09-30 18:26:40,Joe,Courtney,A long-awaited grand opening,0.7276502251625061,0.15493322908878326,0.09152644127607346,,0.006267701741307974,0.011031354777514935,
2016-09-30 18:26:40,Nancy,Pelosi,The Bare Minimum,,0.5931950807571411,0.0183805413544178,0.05373231694102287,0.016019470989704132,0.30896812677383423,
2016-09-30 21:13:20,Collin,Peterson,Rep. Peterson's Newsletter 9/30/2016,0.9309890270233154,0.04508576542139053,0.016811329871416092,0.0035938583314418793,0.0017180939903482795,,
2016-09-30 21:13:20,Gregorio,Sablan,"This Week in Congress - Friday, September 30, 2016",0.19792288541793823,0.5749788284301758,0.1368120312690735,0.039088174700737,0.0402270182967186,,
2016-10-01 11:06:40,Kyrsten,Sinema,Lowering Drug Costs for Arizonans ,0.013663306832313538,0.9486463069915771,0.00649277213960886,0.012617611326277256,0.009092884138226509,,
2016-10-01 11:06:40,Jackie,Speier,"Jackie's Reading Picks for October 1, 2016",0.7479081153869629,0.16933175921440125,0.060401007533073425,0.00580395944416523,0.010657034814357758,,
2016-10-01 11:06:40,Henry,Cuellar,Congressman Henry Cuellar's Congressional Report for October 1,0.4815245270729065,0.3536623418331146,0.12326502054929733,,0.008193866349756718,0.025900844484567642,
2016-10-02 12:06:40,Joaquin,Castro,Capitol Hill Update from Congressman Castro,0.05130846053361893,0.8024016618728638,,0.0336841382086277,0.012187131680548191,0.0825219377875328,
2016-10-02 12:06:40,Diana,DeGette,Ensuring Rights for All,0.19662784039974213,0.14078879356384277,0.08884860575199127,0.5393852591514587,,0.024211639538407326,
2016-10-02 14:53:20,Sean,Maloney,Addiction,,0.8621641397476196,0.008479803800582886,0.04657384753227234,,0.03552165627479553,0.034928470849990845
2016-10-02 17:40:00,Ed,Perlmutter,Wells Fargo,,0.8031088709831238,0.016037555411458015,0.017706310376524925,0.12961170077323914,,0.01672782190144062
2016-10-02 20:26:40,Denny,Heck,End of the fiscal year,0.06311529874801636,0.8042746782302856,0.01532601099461317,0.090486079454422,,0.016842642799019814,
2016-10-03 10:20:00,Jim,Cooper,"Top 10 at 10: Monday, October 3",0.011325106956064701,0.10511091351509094,0.19939851760864258,,0.01959400810301304,0.6470676064491272,
2016-10-03 10:20:00,Richard,Nolan,Big wins for MN in Water Resources Bill,0.04315616935491562,0.9112337231636047,0.01285499520599842,0.013023710809648037,0.009730891324579716,,
2016-10-03 13:06:40,James,Himes,Justice and Clean Water for Flint,,0.11028347909450531,,0.010214823298156261,0.0057114167138934135,0.8623875975608826,0.004978523589670658
2016-10-03 15:53:20,Brad,Ashford,news you missed last week,0.370856910943985,0.24934835731983185,0.08275992423295975,0.28314197063446045,0.006034525576978922,,
2016-10-03 15:53:20,Eleanor,Norton,"e-Newsletter-Monday, October 3, 2016",0.3546571135520935,0.5888925194740295,0.022542688995599747,0.007949547842144966,0.01526083517819643,,
2016-10-03 15:53:20,Derek,Kilmer,An Anchor in our Region,0.010349814780056477,0.9259668588638306,0.02827897109091282,0.008000402711331844,,0.018481042236089706,
2016-10-03 15:53:20,Marc,Veasey,Marc's Memo - September 2016 Updates,,0.8495593070983887,,0.08242223411798477,0.029331915080547333,0.011332589201629162,0.012348907068371773
2016-10-04 05:46:40,José,Serrano,"The Serrano Report - October 4, 2016",0.08812078088521957,0.58519047498703,0.04884350672364235,0.2489350587129593,,0.011600689962506294,
2016-10-04 11:20:00,Gwen,Graham,Hurricane Matthew - PREPARE NOW,,0.238804891705513,0.009555073454976082,0.019511612132191658,0.01575198583304882,0.7055435180664062,
2016-10-04 11:20:00,Jim,Cooper,"Top 10 at 10: Tuesday, October 4",0.06484844535589218,0.7911734580993652,0.10351592302322388,,0.008610827848315239,0.02259669080376625,
2016-10-04 11:20:00,Alma,Adams,Congressional App Challenge ,0.2298242449760437,0.6999584436416626,0.04638596251606941,0.005563720129430294,0.012050269171595573,,
2016-10-04 11:20:00,André,Carson,Help paying for college,0.017593959346413612,0.949590265750885,0.017621776089072227,,0.004552439320832491,0.00515009555965662,
2016-10-04 14:06:40,Alcee,Hastings,The Hastings Monthly Report - October 2016,0.04988332465291023,0.8116605281829834,0.05095577612519264,0.0559212900698185,0.014932382851839066,,
2016-10-04 14:06:40,Diana,DeGette,"Correction: Join me on Thursday, October 13 for a Facebook Live town hall",0.006859844084829092,0.9624170660972595,0.01469326950609684,0.008904706686735153,0.0027386234141886234,,
2016-10-04 14:06:40,Diana,DeGette,Join me this Thursday for a Facebook Live town hall,0.19934700429439545,0.7578223943710327,0.022289590910077095,0.009163348004221916,,0.004319708328694105,
2016-10-04 14:06:40,James,Langevin,Celebrating a Trailblazer,0.9230032563209534,0.021360747516155243,0.04572852700948715,0.004519837908446789,,0.002496562898159027,
2016-10-04 16:53:20,Theodore,Deutch,Be Prepared for Hurricane Matthew - A Message from Rep. Deutch,,0.4911723732948303,0.013321143575012684,0.01601814664900303,0.012372913770377636,0.45663928985595703,
2016-10-04 16:53:20,Patrick,Murphy,Hurricane Preparedness,,0.6142693161964417,0.012348131276667118,0.041352901607751846,0.013934285379946232,0.3036814332008362,
2016-10-04 16:53:20,Earl,Blumenauer,Halt the Dakota Access Pipeline for good,,0.10451994091272354,,0.24477754533290863,0.22121743857860565,0.37078946828842163,0.043117839843034744
2016-10-04 16:53:20,Alcee,Hastings,Hurricane Watch Issued,,0.11110535264015198,0.004459261894226074,0.010343359783291817,0.004845448303967714,0.8633849024772644,
2016-10-04 16:53:20,Paul,Tonko,"Federal Grant Opportunities - October 4, 2016",0.008456875570118427,0.9435110092163086,0.02496337704360485,0.007791080512106419,,0.0076190936379134655,
2016-10-04 22:26:40,Tulsi,Gabbard,Fighting invasive pests,,0.558082640171051,0.05142367258667946,0.04699500650167465,0.10902883112430573,0.19275858998298645,
2016-10-05 12:20:00,Jim,Cooper,"Top 10 at 10: Wednesday, October 5",,0.5591545104980469,,0.0903175100684166,0.18319016695022583,0.10960765928030014,0.03774641454219818
2016-10-05 12:20:00,Alma,Adams,Hurricane Matthew ,,0.4619867205619812,0.016679935157299042,0.04443132504820824,0.018302470445632935,0.4480822682380676,
2016-10-05 15:06:40,Brendan,Boyle,Congressman Boyle Fights for Working Families,,0.5800291299819946,0.013483276590704918,0.040238894522190094,0.29221877455711365,0.0575038380920887,
2016-10-05 15:06:40,Ami,Bera,A crucial question:,0.09675835072994232,0.6595787405967712,0.015377959236502647,0.052005037665367126,,0.16050021350383759,
2016-10-05 17:53:20,Alan,Lowenthal,"Rep. Lowenthal eNewsletter 'The 47th Flyer' - Oct. 5 - Shimon Peres, Missing Students, No Robocalls",0.06501121073961258,0.21142859756946564,0.02167391963303089,0.655436635017395,,0.03349466994404793,
2016-10-05 20:40:00,Terri,Sewell,Guide to Grants Issue 285 - Oct 5 2016,0.005051765590906143,0.9009388089179993,0.06996916234493256,0.01013357937335968,0.007965278811752796,,
2016-10-06 10:33:20,Suzan,DelBene,A quick update,0.006330107804387808,0.2600104808807373,0.008034320548176765,0.013978095725178719,,0.7032430768013,
2016-10-06 10:33:20,Jim,Cooper,"Top 10 at 10: Thursday, October 6",0.012150040827691555,0.7022743225097656,0.04656686261296272,0.1052384302020073,,0.11885888129472733,
2016-10-06 10:33:20,David,Cicilline,National Manufacturing Day,0.2717215418815613,0.35251668095588684,0.09887927770614624,0.25613120198249817,,0.011313807219266891,
2016-10-06 13:20:00,John,Lewis,Hurricane Matthew - National Museum of African American History and Culture,0.015181327238678932,0.28780362010002136,0.011058401316404343,0.016475114971399307,,0.6612792015075684,
2016-10-06 13:20:00,Niki,Tsongas,Congress in your Inbox,0.5385174751281738,0.397197425365448,0.04229891672730446,0.009199974127113819,0.005097236018627882,,
2016-10-06 16:06:40,Zoe,Lofgren,A New Law for Survivors of Sexual Assault,0.030763503164052963,0.9084153175354004,0.009541329927742481,0.009842331521213055,,0.02688235230743885,
2016-10-06 16:06:40,Donald,Beyer,Just the Facts,,0.8185467720031738,0.02984163537621498,0.0707334503531456,,0.025425318628549576,0.032656461000442505
2016-10-06 16:06:40,Brad,Ashford,Investing in Veterans and Military Construction,0.015176504850387573,0.24612507224082947,0.007366035599261522,0.0065541998483240604,,0.7154943943023682,
2016-10-07 11:33:20,Donald,Payne,Donald's Dispatch: Standing with 9/11 Families for Justice,0.02948213927447796,0.7445017099380493,,0.03767389431595802,0.029183240607380867,0.13897833228111267,
2016-10-07 11:33:20,Jim,Cooper,"Top 10 at 10: Friday, October 7",0.01106109470129013,0.7049236297607422,0.09722135961055756,0.09427540004253387,,0.07562782615423203,
2016-10-07 11:33:20,Charles,Rangel,Are you aware?,0.09836667776107788,0.38015857338905334,0.06643356382846832,0.4204666018486023,,0.02705688774585724,
2016-10-07 14:20:00,Steny,Hoyer,"Congressman Hoyer Celebrates Manufacturing Day, Calls on Congress to Advance Make It In America Plan",0.18108926713466644,0.7588909864425659,0.026355469599366188,0.015063281171023846,0.008578313514590263,,
2016-10-07 14:20:00,Ami,Bera,Fwd: A crucial question:,0.10082528740167618,0.8054588437080383,0.058231182396411896,0.018052401021122932,0.007768344599753618,,
2016-10-07 17:06:40,Steve,Cohen,Commending Presidential Commutations for Non-Violent Drug Offenders,0.5665591955184937,0.34737712144851685,0.036042213439941406,0.028501491993665695,0.011568062007427216,,
2016-10-07 17:06:40,Gwen,Moore,Policy That Impacts You,0.1308562010526657,0.8140872120857239,,0.009355567395687103,0.015536819584667683,0.015397478826344013,
2016-10-07 17:06:40,Carolyn,Maloney,News for New York's 12th Congressional District,0.07456395030021667,0.7480340600013733,0.062237564474344254,0.0482199601829052,,0.05271083861589432,
2016-10-07 17:06:40,Tony,Cárdenas,8 Things You Can Get Help With at our Mobile Office Tomorrow,,0.23624610900878906,0.16785061359405518,0.5294308662414551,0.021148040890693665,0.029592866078019142,
2016-10-07 17:06:40,Nancy,Pelosi,Getting to Zero,0.2535383105278015,0.07783135026693344,0.03928107023239136,,0.05465918034315109,0.5470589399337769,
2016-10-07 17:06:40,Judy,Chu,Join Rep. Chu at the Job Hunters Boot Camp - 10/21/16,0.4579722285270691,0.48546937108039856,0.03262585401535034,0.007413537707179785,0.0061088730581104755,,
2016-10-07 19:53:20,Gregorio,Sablan,"This Week in Congress - Friday, October 7, 2016",0.581210732460022,0.21830464899539948,0.134527325630188,0.042431946843862534,0.018209028989076614,,
2016-10-07 19:53:20,Michael,Capuano,E-Update Rep. Capuano,0.2502903342247009,0.448198139667511,0.05046435818076134,0.11436615139245987,,0.12152562290430069,
2016-10-07 19:53:20,Collin,Peterson,Rep. Peterson's Newsletter 10/7/2016,0.9246930480003357,0.023698238655924797,0.04242534562945366,0.005617204587906599,0.0021279482170939445,,
2016-10-07 19:53:20,Keith,Ellison,re: your new favorite podcast - We The Podcast with Keith Ellison,0.010255569592118263,0.9676693081855774,0.012638852000236511,,0.003076744033023715,,0.0028569840360432863
2016-10-07 19:53:20,Joe,Courtney,Celebrating National Manufacturing Day,0.43916231393814087,0.15760120749473572,0.3816402852535248,,0.004523211624473333,0.01000501960515976,
2016-10-07 19:53:20,Xavier,Becerra,Reminder: Less Than One Week Away from Service Academy Night,0.012586688622832298,0.9226869344711304,0.03345559537410736,0.014990117400884628,,0.010688604786992073,
2016-10-08 09:46:40,Henry,Cuellar,Congressman Henry Cuellar's Congressional Report for October 8,0.8183827996253967,0.0980605036020279,0.06309384852647781,,0.005598301067948341,0.008211104199290276,
2016-10-08 12:33:20,Kyrsten,Sinema,Protecting Job Opportunities for Arizona Veterans,0.025043880566954613,0.9509114623069763,0.008903495036065578,0.005416239146143198,0.004456303082406521,,
2016-10-09 13:33:20,Donald,Beyer,REGISTER TODAY: Women Take Charge,,0.8285200595855713,0.10828334093093872,0.028832389041781425,0.010477645322680473,0.017944572493433952,
2016-10-10 11:46:40,Rick,Larsen,Great News for Military Families,0.01932118460536003,0.056684330105781555,0.021230600774288177,0.8701197504997253,,0.027624744921922684,
2016-10-10 17:20:00,Ami,Bera,Fundamental to who we are:,,0.46165552735328674,,0.2369312196969986,0.023800339549779892,0.21194487810134888,0.048657555133104324
2016-10-11 10:00:00,Patrick,Murphy,Zika Prevention in the Aftermath of Hurricane Matthew,,0.6975054144859314,,0.021758660674095154,0.015409285202622414,0.234381765127182,0.015794459730386734
2016-10-11 12:46:40,Richard,Nolan,"Nolan named ""Steel Champion""",0.5828297138214111,0.3500216007232666,0.05044999346137047,0.0052578202448785305,0.006321040913462639,,
2016-10-11 12:46:40,Jim,Cooper,"Top 10 at 10: Tuesday, October 11",,0.0214459877461195,0.004835844039916992,0.006817376706749201,0.0049639493227005005,0.9579923152923584,
2016-10-11 15:33:20,Henry,Johnson,Congressman Hank Johnson's E-Newsletter: We're Moving Your District Office,0.009923866018652916,0.8324312567710876,0.06622762978076935,0.07822976261377335,0.006059532053768635,,
2016-10-12 11:00:00,Alma,Adams,How to Help in the Aftermath of Hurricane Matthew,,0.5580412149429321,0.02612997032701969,0.25855180621147156,,0.1370372325181961,0.008525577373802662
2016-10-12 11:00:00,Jim,Cooper,"Top 10 at 10: Wednesday, October 12",,0.6529958248138428,,0.06178978830575943,0.06304162740707397,0.12205222249031067,0.06706088781356812
2016-10-12 11:00:00,Daniel,Lipinski,"Congressman Lipinski E-Newsletter Update October 12, 2016",0.023726532235741615,0.8161664605140686,,0.08904539793729782,0.023104719817638397,0.02064462937414646,
2016-10-12 22:06:40,Terri,Sewell,Guide to Grants Issue 286 - Oct 12 2016,0.004626262933015823,0.9097155332565308,0.0614355243742466,0.009357307106256485,0.008465445600450039,,
2016-10-13 12:00:00,Jim,Cooper,"Top 10 at 10: Thursday, October 13",0.055511005222797394,0.8204302191734314,0.10307181626558304,0.007821055129170418,,0.0066615003161132336,
2016-10-13 12:00:00,Suzan,DelBene,A quick update,,0.3236986994743347,,0.030429236590862274,0.044665802270174026,0.5690885186195374,0.02363755740225315
2016-10-13 12:00:00,Bill,Foster,You're invited: Military Veterans Benefits Forum,0.3441276550292969,0.6057811975479126,0.023801123723387718,0.007293184753507376,0.00724397599697113,,
2016-10-13 14:46:40,Brad,Ashford,staying cyber aware,,0.14532196521759033,0.004667095839977264,0.008363873697817326,0.007100916933268309,0.8279134035110474,
2016-10-13 14:46:40,Donald,Beyer,Just the Facts,,0.9196016192436218,0.036829568445682526,0.01894189789891243,0.00835020188242197,0.00828378926962614,
2016-10-13 17:33:20,Steve,Cohen,Join Me for Congress On Your Corner Tomorrow,0.009163032285869122,0.3195817768573761,0.008592678233981133,0.010895668528974056,,0.6413785219192505,
2016-10-14 10:13:20,David,Cicilline,Making College More Affordable,0.6773233413696289,0.27156850695610046,0.015185567550361156,0.012767978943884373,,0.013844450004398823,
2016-10-14 10:13:20,Jim,Cooper,"Top 10 at 10: Friday, October 14",,0.10997393727302551,0.008097605779767036,0.020982129499316216,,0.8406742215156555,0.009713716804981232
2016-10-14 13:00:00,Charles,Rangel,This is your last chance!,0.05173301324248314,0.06895092874765396,0.02889542281627655,0.8389487266540527,,0.006506969220936298,
2016-10-14 15:46:40,Seth,Moulton,Quick update + upcoming events in MA6,0.08883777260780334,0.8624020218849182,0.030598586425185204,0.0060052829794585705,0.006089198403060436,,
2016-10-14 15:46:40,Nancy,Pelosi,"Don't Boo, Vote.",0.1401820182800293,0.4983482360839844,0.03478321060538292,,0.035069890320301056,0.2570548355579376,
2016-10-14 15:46:40,Emanuel,Cleaver,EC from DC: Demanding Transparency & Fair Pricing,,0.008702599443495274,,0.004079065285623074,0.9709368348121643,0.005380529444664717,0.007819651626050472
2016-10-14 15:46:40,Grace,Napolitano,Napolitano News: FREE Export Seminar,0.017805008217692375,0.909977912902832,0.02482047863304615,0.02138986997306347,,0.015319311060011387,
2016-10-14 15:46:40,Suzanne,Bonamici,Bonamici Bulletin,0.19118575751781464,0.2353150099515915,0.029901620000600815,0.07744599133729935,,0.43790578842163086,
2016-10-14 15:46:40,Ami,Bera,This can't be tolerated:,0.10123424232006073,0.7494604587554932,,0.02315383590757847,0.023037554696202278,0.076295867562294,
2016-10-14 18:33:20,Joe,Courtney,Honoring and assisting eastern Connecticut veterans,,0.7173765301704407,,0.07354149967432022,0.021096572279930115,0.057419490069150925,0.1098509430885315
2016-10-14 18:33:20,Collin,Peterson,Rep. Peterson's Newsletter 10/14/2016,0.8498792052268982,0.09350186586380005,0.035867247730493546,0.01510572899132967,0.0023834973108023405,,
2016-10-14 18:33:20,Nita,Lowey,News from Nita: Keeping the Lower Hudson Valley Healthy,0.09239181131124496,0.319307804107666,0.058654770255088806,0.09223530441522598,,0.4126896858215332,
2016-10-14 18:33:20,Steve,Cohen,Praising the Department of Justice for its Decision to Collect Data on Police Use of Force,0.8540081977844238,0.04896683245897293,0.034993767738342285,0.055560801178216934,0.0030055809766054153,,
2016-10-14 21:20:00,Michael,Capuano,E-Update Rep. Capuano,0.8827545046806335,0.05988979712128639,0.047514986246824265,0.005237929057329893,0.0024521693121641874,,
2016-10-14 21:20:00,Gregorio,Sablan,"This Week in Congress - Friday, October 14, 2016",0.4098356068134308,0.3349733054637909,0.151755690574646,0.0805213674902916,0.018394652754068375,,
2016-10-15 11:13:20,Henry,Cuellar,Congressman Henry Cuellar's Congressional Report for October 15,0.3065717816352844,0.5684376358985901,0.07971338927745819,0.020723355934023857,,0.013984039425849915,
2016-10-15 11:13:20,Kyrsten,Sinema,October Monthly Newsletter,0.04302848130464554,0.9271230101585388,0.013728096149861813,0.003942987881600857,0.005261954851448536,,
2016-10-15 11:13:20,John,Delaney,Happy Birthday to the U.S. Navy,0.16089333593845367,0.7619597911834717,0.04695405811071396,0.02004394493997097,0.004350096452981234,,
2016-10-16 12:13:20,Joaquin,Castro,Capitol Hill Update from Congressman Castro,0.16202455759048462,0.7682486176490784,0.048979151993989944,0.010415364988148212,0.004844100214540958,,
2016-10-16 17:46:40,Ed,Perlmutter,3 Ways to Make Politics Better,0.016078371554613113,0.9446355104446411,0.017477786168456078,,0.006563958246260881,0.008530615828931332,
2016-10-17 13:13:20,Gwen,Graham,Taylor County Mobile Office Hours & Veteran Affairs Guidance,0.01952657476067543,0.8094959855079651,0.04169726371765137,0.039942026138305664,,0.0736137256026268,
2016-10-17 16:00:00,Richard,Nolan,Support grows for Social Security boost,0.030958931893110275,0.9212935566902161,0.012896262109279633,0.012176066637039185,,0.012964211404323578,
2016-10-17 16:00:00,Eleanor,Norton,"e-Newsletter-Monday, October 17, 2016",0.18071338534355164,0.741032063961029,0.045663584023714066,0.01627018116414547,0.007100270129740238,,
2016-10-17 16:00:00,Ruben,Gallego,Congressman Gallego's October Update,0.3977053761482239,0.5175226926803589,0.023434728384017944,0.0191318579018116,,0.023433856666088104,
2016-10-17 18:46:40,Scott,Peters,Fighting for San Diego Priorities,0.020282341167330742,0.9495399594306946,0.007526393514126539,,0.007572605740278959,0.008745811879634857,
2016-10-17 18:46:40,Derek,Kilmer,After the Storm,,0.15772753953933716,0.009672450833022594,0.017008773982524872,,0.7973652482032776,0.007239465601742268
2016-10-17 18:46:40,Kurt,Schrader,A Congressional Update from Congressman Schrader,,0.020420601591467857,0.00874630268663168,,0.1981671154499054,0.7550808787345886,0.010011718608438969
2016-10-17 18:46:40,Ami,Bera,Crucial:,0.3673064112663269,0.5690001249313354,0.028386913239955902,0.01959332637488842,0.007247365545481443,,
2016-10-18 11:26:40,John,Carney,Are You Up for the (App) Challenge?,0.12827280163764954,0.46557751297950745,0.043654169887304306,,0.015068071894347668,0.3399333953857422,
2016-10-18 11:26:40,Suzan,DelBene,A quick update,0.010880950838327408,0.035265032202005386,0.009520203806459904,0.023295389488339424,,0.9138854742050171,
2016-10-18 11:26:40,Rick,Larsen,Protecting Puget Sound,0.07552813738584518,0.859426736831665,0.04215993359684944,0.0075785573571920395,0.0076149762608110905,,
2016-10-18 11:26:40,Jim,Cooper,"Top 10 at 10: Tuesday, October 18",,0.6628789901733398,0.024924617260694504,0.02210642397403717,0.01872790791094303,0.25815480947494507,
2016-10-18 11:26:40,Peter,Welch,Highlights from the House,,0.12073272466659546,0.06819060444831848,0.08073746412992477,0.20899216830730438,0.46754467487335205,
2016-10-18 17:00:00,Frank,Pallone,Help for Families Facing Student Loan Debt ,,0.08506438881158829,,0.24649859964847565,0.027085525915026665,0.570399820804596,0.04396790266036987
2016-10-18 17:00:00,Jerrold,Nadler,Joined U.S. Delegation to Israel for Funeral of Shimon Peres,0.6009674668312073,0.12287834286689758,0.07199236750602722,0.1910845786333084,,0.00618202006444335,
2016-10-18 19:46:40,Brad,Ashford,keeping college affordable,0.0032811239361763,0.05634287744760513,0.007936393842101097,0.004886303562670946,,0.9221115112304688,
2016-10-18 19:46:40,Susan,Davis,Veteran and Community Town Hall ,0.03445349633693695,0.913729190826416,0.027596455067396164,0.00856610108166933,,,0.006028065457940102
2016-10-19 04:06:40,Lois,Capps,The History of the Santa Barbara Quilt,0.008030164986848831,0.5383549928665161,0.4203183352947235,0.017737874761223793,,0.00963322538882494,
2016-10-19 09:40:00,Jim,Cooper,"Top 10 at 10: Wednesday, October 19",,0.8861159682273865,0.0398891419172287,0.02212136797606945,0.012402951717376709,0.027696896344423294,
2016-10-19 15:13:20,Sander,Levin,White House Extends Paid Sick Leave ,0.0060590943321585655,0.9588274955749512,0.014822290278971195,0.004598098341375589,0.008729835972189903,,
2016-10-19 18:00:00,Niki,Tsongas,Congress in your Inbox,0.6428841948509216,0.2638760507106781,0.07197506725788116,0.01122098695486784,0.003734082682058215,,
2016-10-19 18:00:00,Ami,Bera,Please read:,0.6809182167053223,0.21744297444820404,0.07464327663183212,0.016238341107964516,0.005796755664050579,,
2016-10-20 07:53:20,Chellie,Pingree,Great news for Maine!,0.8670269250869751,0.10365519672632217,0.011311128735542297,,0.005739131011068821,0.005481134634464979,
2016-10-20 10:40:00,Brad,Ashford,protecting our national security,0.0051359510980546474,0.1666146069765091,,0.007438150234520435,0.008304046466946602,0.8047840595245361,
2016-10-20 10:40:00,Steve,Israel,Message from Congressman Israel: Why Not Weekend Voting?,,0.11610850691795349,0.008048612624406815,0.004530173726379871,0.004128435626626015,0.8618422746658325,
2016-10-20 10:40:00,Jim,Cooper,"Top 10 at 10: Thursday, October 20",,0.3058256506919861,0.09738852083683014,0.17564257979393005,0.046040330082178116,0.3485935628414154,
2016-10-20 16:13:20,David,Scott,"Riverdale Post Office Renaming Ceremony - Saturday, October 22",0.34081846475601196,0.4921276867389679,0.11391863226890564,0.034819405525922775,0.008008092641830444,,
2016-10-20 16:13:20,Donald,Beyer,Just the Facts,,0.9511343240737915,0.016291653737425804,0.01010663527995348,0.00686079915612936,0.007174784317612648,
2016-10-20 16:13:20,Alma,Adams,Fighting for Women,0.0023173473309725523,0.004884808324277401,,0.007899678312242031,0.01436486653983593,0.968360185623169,
2016-10-20 16:13:20,Sean,Maloney,Anchorages,,0.05993243679404259,,0.016927305608987808,0.06507434695959091,0.8450505137443542,0.006528708152472973
2016-10-20 19:00:00,Linda,Sánchez,Latest from Linda,0.0035820722114294767,0.01953156106173992,0.0118097560480237,0.05306636914610863,,0.9075681567192078,
2016-10-21 11:40:00,Adam,Smith,Congressman Smith Supports Access to Education,0.1248616948723793,0.8177716135978699,0.024169277399778366,0.013618560507893562,0.008647709153592587,,
2016-10-21 11:40:00,Jim,Cooper,"Top 10 at 10: Friday, October 21",,0.864902913570404,0.07311061024665833,,0.022592877969145775,0.01690128818154335,0.010890386998653412
2016-10-21 11:40:00,Elizabeth,Esty,Planning to Retire: Funding Your Future,0.005766529589891434,0.9498365521430969,0.021989822387695312,0.012136937119066715,,0.004598739556968212,
2016-10-21 14:26:40,David,Cicilline,Cost of Living,,0.882008969783783,0.019016390666365623,0.032429181039333344,0.018334902822971344,0.025298822671175003,
2016-10-21 14:26:40,Paul,Tonko,"Federal Grant Opportunities - October 21, 2016",0.006069784983992577,0.9529199004173279,0.0222151055932045,0.0074587175622582436,,0.0049788751639425755,
2016-10-21 14:26:40,Charles,Rangel,Here's the report card,0.772095263004303,0.1700013428926468,0.04395856708288193,0.0037976521998643875,0.005183058325201273,,
2016-10-21 17:13:20,Emanuel,Cleaver,EC from DC: Remembering Our Veterans,0.29113146662712097,0.5618470311164856,0.08798600733280182,0.034868620336055756,,0.014762531965970993,
2016-10-21 17:13:20,Xavier,Becerra,"Upcoming Events: Community Office Hours, Medicare Info Session",0.010732203722000122,0.9356194734573364,0.028545347973704338,0.008389601483941078,,0.009941254742443562,
2016-10-21 17:13:20,Joe,Courtney,The news keeps getting better,0.5307582020759583,0.3032149076461792,0.11841291934251785,,0.008713249117136002,0.026426570490002632,
2016-10-21 17:13:20,Janice,Schakowsky,Information on Open Enrollments for Medicare and the Affordable Care Act,0.029959479346871376,0.9364771246910095,0.013825701549649239,0.008058390580117702,0.004745046608150005,,
2016-10-21 17:13:20,Kyrsten,Sinema,Breast Cancer Awareness Month,0.01650339551270008,0.9493933320045471,0.015139096416532993,0.004603074863553047,,0.006642722990363836,
2016-10-21 17:13:20,Steve,Cohen,Big River Crossing Opens Tomorrow,0.025042859837412834,0.4955836832523346,,0.3291187584400177,0.05299879610538483,,0.06310618668794632
2016-10-21 17:13:20,Nancy,Pelosi,"Drop, Cover and Hold On",,0.13010956346988678,0.00927432905882597,0.43282029032707214,,0.4021047353744507,0.011813228949904442
2016-10-21 17:13:20,Henry,Johnson,Congressman Hank Johnson: Reminder -- District Office Moving,0.007583205122500658,0.8475747108459473,0.05722332373261452,0.07441076636314392,0.006300535053014755,,
2016-10-21 17:13:20,Mark,Pocan,Pocan Post: Fall Updates,,0.6579208374023438,,0.01872827857732773,0.20460398495197296,0.08197152614593506,0.017259402200579643
2016-10-21 17:13:20,Ami,Bera,Announcing some good news:,0.8551438450813293,0.10168343037366867,0.02945275977253914,0.006442350335419178,0.0028019421733915806,,
2016-10-21 20:00:00,Collin,Peterson,Rep. Peterson's Newsletter 10/21/2016,0.8661372065544128,0.07488030195236206,0.027334367856383324,0.01745457760989666,0.0072883497923612595,,
2016-10-21 22:46:40,Gregorio,Sablan,"This Week in Congress - Friday, October 21, 2016",0.6114417910575867,0.2249646782875061,0.06527943909168243,0.07041137665510178,0.015125623904168606,,
2016-10-21 22:46:40,Tulsi,Gabbard,Text to 911,0.012003441341221333,0.8967402577400208,0.03196874260902405,,0.01596939004957676,0.03005346842110157,
2016-10-21 22:46:40,Terri,Sewell,Guide to Grants Issue 287 - Oct 21 2016,0.004496358800679445,0.9180741906166077,0.060486406087875366,0.007411722559481859,0.005184747278690338,,
2016-10-22 09:53:20,Henry,Cuellar,Congressman Henry Cuellar's Congressional Report for October 22,0.04698050022125244,0.57489013671875,0.025506244972348213,0.036883559077978134,,0.2966059446334839,
2016-10-22 15:26:40,Beto,O’Rourke,Worth sharing,0.09973824769258499,0.7971423268318176,0.06708036363124847,0.026381338015198708,,0.003925621975213289,
2016-10-22 18:13:20,Raul,Ruiz,Let's Stand Up and End Domestic Violence,,0.6983593702316284,,0.2390449345111847,0.007490944117307663,0.031110530719161034,0.012587976641952991
2016-10-23 19:13:20,Ami,Bera,Invite:,0.06820321828126907,0.8439171314239502,0.05399082973599434,0.010938004590570927,0.011980361305177212,,
2016-10-24 11:53:20,Jim,Cooper,"Top 10 at 10: Monday, October 24",0.04311210289597511,0.8940231204032898,0.04398311674594879,0.00580919673666358,0.0070579261519014835,,
2016-10-24 14:40:00,Richard,Nolan,Cuba offers lung cancer cure,0.7716759443283081,0.14567147195339203,0.036524202674627304,0.023828506469726562,,0.015584216453135014,
2016-10-24 14:40:00,Eleanor,Norton,"e-Newsletter-Monday, October 24, 2016",0.08634908497333527,0.7450951337814331,0.11980702728033066,,0.019573435187339783,0.01567837968468666,
2016-10-24 14:40:00,Alan,Lowenthal,"A Message From Congressman Lowenthal: Today, Oct. 24, Is Last Day To Register To Vote In CA",0.01818269118666649,0.9403746128082275,0.025534547865390778,0.004287884570658207,,0.0059389956295490265,
2016-10-24 14:40:00,Ann,Kuster,Catching up with Annie,0.5045297145843506,0.0355285219848156,0.04308316111564636,,0.019625408574938774,0.38660210371017456,
2016-10-24 17:26:40,Henry,Johnson,Congressman Hank Johnson's District Office Is Moving,0.011202966794371605,0.3172439932823181,0.09697255492210388,0.5462074875831604,,0.01610894873738289,
2016-10-24 17:26:40,Steve,Cohen,Announcing My 2016 Federal Procurement Fair for Small Business Owners,0.08497752994298935,0.8552634716033936,0.03972528874874115,0.006497801281511784,,0.0061384947039186954,
2016-10-24 20:13:20,Denny,Heck,"Puget Sound, America's Sound",0.6101047396659851,0.3273472785949707,0.038862645626068115,0.013990269973874092,0.004348150920122862,,
2016-10-25 10:06:40,Jim,Cooper,"Top 10 at 10: Tuesday, October 25",0.01241689920425415,0.7121407389640808,0.22124448418617249,,0.013377085328102112,0.03221018612384796,
2016-10-25 12:53:20,Steve,Cohen,Big River Crossing Has Opened on the Historic and Iconic Harahan Bridge!,0.4542396068572998,0.4212481677532196,0.09895824640989304,0.010361311957240105,0.006511668674647808,,
2016-10-25 15:40:00,Al,Green,Houston Memorial Service Celebrating the Life of Congressman Al Green's Dear Friend and Chief of Staff Ms. Jacqueline A. Ellis,0.07239387184381485,0.06894329935312271,0.022171994671225548,0.8264001607894897,,0.0051060267724096775,
2016-10-25 15:40:00,Donald,Beyer,Veterans Day Town Hall,,0.5363603830337524,0.016589492559432983,0.11459970474243164,0.025986071676015854,0.2905510663986206,
2016-10-25 18:26:40,Ami,Bera,Outraged,,0.008903557434678078,0.002084319945424795,,0.9708420038223267,0.002649022499099374,0.013647329993546009
2016-10-26 11:06:40,Jim,Cooper,"Top 10 at 10: Wednesday, October 26",,0.4955909252166748,0.40443524718284607,0.013228555209934711,,0.0537826307117939,0.01564894989132881
2016-10-26 11:06:40,Daniel,Lipinski,"Congressman Lipinski E-newsletter Update October 26, 2016",0.007190304342657328,0.9281313419342041,0.015915347263216972,0.018596738576889038,0.019442763179540634,,
2016-10-26 13:53:20,Suzan,DelBene,A quick update,0.004813372157514095,0.21035856008529663,0.00937502458691597,0.010369830764830112,,0.7570639252662659,
2016-10-26 16:40:00,Al,Green,Houston Memorial Service Celebrating the Life of Congressman Al Green's Dear Friend and Chief of Staff Ms. Jacqueline A. Ellis,0.0727805569767952,0.06504581868648529,0.022238340228796005,0.8300126791000366,,0.00509923230856657,
2016-10-26 16:40:00,Filemon,Vela,A Special Update from Congressman Filemon Vela,0.10329877585172653,0.8008911609649658,0.03780730068683624,0.037909455597400665,,0.01072522159665823,
2016-10-26 16:40:00,Suzanne,Bonamici,Preparing for and Paying for College: News and Updates,0.08856876194477081,0.6683375239372253,0.036183372139930725,0.10042155534029007,,0.09209183603525162,
2016-10-27 12:06:40,Jim,Cooper,"Top 10 at 10: Thursday, October 27",,0.3296704590320587,0.48077574372291565,0.015748964622616768,0.01286074798554182,0.14582011103630066,
2016-10-27 14:53:20,Grace,Napolitano,"Napolitano News: Military Academy Day THIS Saturday, Fall Community Update",0.07926547527313232,0.8776989579200745,0.01623058132827282,0.007931587286293507,,0.00815835315734148,
2016-10-27 14:53:20,Lloyd,Doggett,Speaking out on unaffordable prescriptions,0.031534891575574875,0.8752861618995667,0.03743157908320427,,0.024642786011099815,0.018033552914857864,
2016-10-27 14:53:20,Donald,Beyer,Just the Facts,,0.564754843711853,0.027156798169016838,0.11038623005151749,0.028048334643244743,0.2435312718153,
2016-10-27 14:53:20,Brad,Ashford,Nebraska needs an independent voice,,0.38333073258399963,0.012136909179389477,0.008328506723046303,0.01078064739704132,0.5734289884567261,
2016-10-27 20:26:40,Ami,Bera,RE: National Guard update (good news) ,,0.035026807337999344,,0.003384677227586508,0.9394577741622925,0.0033146345522254705,0.013833459466695786
2016-10-28 10:20:00,David,Cicilline,Lead Poisoning Prevention Week,0.8693317174911499,0.09715786576271057,0.01259294431656599,0.006855406798422337,,0.007756682578474283,
2016-10-28 10:20:00,Jim,Cooper,"Top 10 at 10: Friday, October 28",,0.8231298923492432,0.0364718958735466,0.030113311484456062,0.013652839697897434,,0.08389125019311905
2016-10-28 13:06:40,Adam,Schiff,The Clawback of Bonuses for National Guards Troops is Disgraceful -- Here's How We Need to Fix It,,0.053838398307561874,,0.3933928906917572,0.05768545717000961,0.016146337613463402,0.4678758978843689
2016-10-28 13:06:40,Elijah,Cummings,Be a Voter,0.007032899186015129,0.9506361484527588,0.027699710801243782,0.007310052402317524,0.002697303891181946,,
2016-10-28 13:06:40,Charles,Rangel,"All Treats, No Tricks",0.2909998297691345,0.4781912565231323,0.05481799319386482,,0.0072945356369018555,0.1601155400276184,
2016-10-28 15:53:20,Nancy,Pelosi,'We the Peoples',0.05256790667772293,0.016952555626630783,0.0203839298337698,0.8749055862426758,,0.029125064611434937,
2016-10-28 15:53:20,Chris,Van Hollen,"Getting answers for our nation's veterans, upcoming federal health benefit forums and more",0.11724035441875458,0.45370495319366455,0.12989497184753418,0.10073387622833252,0.13154937326908112,,
2016-10-28 15:53:20,Joe,Courtney,It was a banner moment for eastern Connecticut,0.5073757171630859,0.27204766869544983,0.18550865352153778,,0.011074425652623177,0.013846118934452534,
2016-10-28 15:53:20,Michael,Capuano,E-Update Rep. Capuano,,0.4354528486728668,0.03061705082654953,0.13120515644550323,0.06376913189888,0.3128088712692261,
2016-10-28 18:40:00,Kyrsten,Sinema,Making Higher Education and Job Training More Affordable and Accessible for Arizonans,0.023957829922437668,0.9222337007522583,0.012881573289632797,0.014682546257972717,,0.01704718917608261,
2016-10-28 18:40:00,Steve,Cohen,Calling for More Department of Justice Election Observers,0.01840071752667427,0.018839603289961815,,0.01962648704648018,0.02210516482591629,0.9137463569641113,
2016-10-28 21:26:40,Gregorio,Sablan,"This Week in Congress - Friday, October 28, 2016",0.7120738625526428,0.11886590719223022,0.11697093397378922,0.02682126872241497,0.02030714973807335,,
2016-10-28 21:26:40,Collin,Peterson,Rep. Peterson's Newsletter 10/28/2016,0.36145922541618347,0.36918914318084717,0.0779205784201622,0.17490068078041077,0.007384176831692457,,
2016-10-29 11:20:00,Henry,Cuellar,Congressman Henry Cuellar's Congressional Report for October 29,0.11008987575769424,0.7614261507987976,0.07288312166929245,0.013536372222006321,,0.027660401538014412,
2016-10-30 15:06:40,Ed,Perlmutter,Head Start,0.24217890202999115,0.6928795576095581,0.04624161869287491,0.004472625907510519,0.0072694700211286545,,
2016-10-30 20:40:00,Ami,Bera,Wanted you to see this:,0.017791414633393288,0.8766106963157654,,0.011740229092538357,0.012802704237401485,0.06642752140760422,
2016-10-31 10:33:20,Jim,Cooper,"Top 10 at 10: Monday, October 31",0.008461326360702515,0.5026147961616516,0.047516174614429474,0.025052890181541443,,0.4042872488498688,
2016-10-31 13:20:00,John,Larson,Grants E-Newsletter - October 2016,0.02362963929772377,0.9326854348182678,0.025441257283091545,0.009048362262547016,0.004539240151643753,,
2016-10-31 13:20:00,Donald,Norcross,Important Update on Fight for LGBTQ Equality,0.2470027208328247,0.35961779952049255,,0.09913358092308044,0.09526112675666809,0.12115558981895447,
2016-10-31 13:20:00,Adam,Smith,November and December Mobile Office Hours,0.005882075522094965,0.22720809280872345,0.009300841018557549,0.00673379423096776,,0.743152916431427,
2016-10-31 16:06:40,Richard,Nolan,Open the process & reform ObamaCare,0.02576274983584881,0.8221019506454468,0.019880974665284157,,0.05370570719242096,0.05887074023485184,
2016-10-31 16:06:40,Marc,Veasey,Marc's Memo - October 2016 Updates ,0.06766421347856522,0.8647429943084717,0.02115311659872532,0.021771259605884552,,0.012877936474978924,
2016-10-31 16:06:40,Derek,Kilmer,A Special Honor for our Region,0.4074319899082184,0.4523296356201172,0.11939770728349686,0.006334724836051464,0.00762887392193079,,
2016-10-31 16:06:40,Eleanor,Norton,"e-Newsletter-Monday, October 31, 2016",0.12709759175777435,0.7622607350349426,0.0893082395195961,0.007336006034165621,0.008223380893468857,,
2016-10-31 18:53:20,Bill,Pascrell,"A Letter from Congressman Bill Pascrell, Jr.",0.49358469247817993,0.4397444427013397,0.03517347201704979,0.01024578232318163,0.009273921139538288,,
2016-11-01 08:46:40,Terri,Sewell,Guide to Grants Issue 288 - Nov 1 2016,0.21270479261875153,0.7113995552062988,0.0572049506008625,0.0067246961407363415,0.005654910113662481,,
2016-11-01 11:33:20,Jim,Cooper,"Top 10 at 10: Tuesday, November 1",,0.10270196199417114,0.011044198647141457,0.011890214867889881,0.015787335112690926,0.8469188809394836,
2016-11-01 14:20:00,Michael,Capuano,E-Update Rep. Capuano,0.012178406119346619,0.9365083575248718,0.017216041684150696,0.018603336066007614,0.009877411648631096,,
2016-11-01 14:20:00,James,Langevin,Our Seniors Deserve Better,,0.7354292273521423,0.023567531257867813,0.20896857976913452,0.010404465720057487,,0.010316671803593636
2016-11-01 14:20:00,Brendan,Boyle,A reminder from Congressman Boyle on Medicare Open Enrollment,0.015653448179364204,0.6957340240478516,,0.014787226915359497,0.015550751239061356,0.24122090637683868,
2016-11-01 14:20:00,Steny,Hoyer,Open Enrollment for the Maryland Health Connection Begins today,0.014439963735640049,0.9351320862770081,0.0127621591091156,0.01623460091650486,,0.012615797109901905,
2016-11-01 17:06:40,Daniel,Lipinski,Rep. Lipinski Accepting Service Academy Applications,0.010780548676848412,0.8922571539878845,0.022879010066390038,0.04327081888914108,,0.02049926109611988,
2016-11-01 17:06:40,Steve,Cohen,Announcing the Beginning of the Open Enrollment Period for the Marketplace,0.014235912822186947,0.9297608137130737,0.03820252791047096,0.01077161356806755,0.0030149526428431273,,
2016-11-01 22:40:00,Ami,Bera,(no subject),0.01687692292034626,0.8776738047599792,0.01489411760121584,0.04341834411025047,,0.032670892775058746,
2016-11-01 22:40:00,Michael,Honda,232 years,,0.6694243550300598,,0.13237342238426208,0.07579891383647919,0.03505668789148331,0.0522356741130352
2016-11-02 07:00:00,Niki,Tsongas,Congress in your Inbox,0.5879662036895752,0.31083592772483826,0.08372033387422562,0.00846683420240879,0.004482882097363472,,
2016-11-02 12:33:20,Jim,Cooper,"Top 10 at 10: Wednesday, November 2",,0.6602737903594971,0.09371121972799301,0.06899222731590271,0.017641665413975716,0.14773628115653992,
2016-11-02 12:33:20,Gwen,Graham,Supporting our Troops -- Home & Abroad,0.04231514409184456,0.06136056035757065,,0.7265572547912598,,0.14094151556491852,0.018077189102768898
2016-11-02 15:20:00,Al,Green,Congressman Al Green's Quarterly Newsletter,,0.792224645614624,0.02802450768649578,0.14567583799362183,0.006629644893109798,0.018048126250505447,
2016-11-02 15:20:00,Sander,Levin,Democratic Members Urge Relief for California Guard Members,,0.49901720881462097,0.034546103328466415,0.08675607293844223,0.29758161306381226,0.05521410331130028,
2016-11-02 15:20:00,Paul,Tonko,"Federal Grant Opportunities - November 2, 2016",,0.9242029786109924,0.028055669739842415,0.02709272690117359,0.006062056869268417,0.0061468626372516155,
2016-11-02 18:06:40,Brad,Ashford,bringing Ebola funding to UNMC,0.0238557830452919,0.20523469150066376,0.008393595926463604,,0.0055723716504871845,0.747700572013855,
2016-11-02 18:06:40,Michael,Honda,Woman of the Year,,0.4827456772327423,,0.023870645090937614,0.018564412370324135,0.3845193088054657,0.06824351102113724
2016-11-02 23:40:00,Ami,Bera,quick update:,0.9392160177230835,0.03501197695732117,0.017537519335746765,0.003609846346080303,0.0026164990849792957,,
2016-11-03 10:46:40,Jim,Cooper,"Top 10 at 10: Thursday, November 3",,0.8400237560272217,0.044998615980148315,0.08474508672952652,0.006716011557728052,0.014012756757438183,
2016-11-03 10:46:40,Rick,Larsen,Arlington Mobile Office Hours,0.01030983030796051,0.8209314346313477,0.0715642049908638,0.05379552021622658,,0.03294150531291962,
2016-11-03 13:33:20,Adam,Smith,Congressman Adam Smith's October Newsletter,0.8944724798202515,0.07775956392288208,0.01308481115847826,0.00707198353484273,,,0.0030479133129119873
2016-11-03 16:20:00,Donald,Beyer,Just the Facts,,0.6401718854904175,,0.04370395839214325,0.05821392312645912,0.21764090657234192,0.02317783795297146
2016-11-03 21:53:20,Ami,Bera,There's still time:,,0.8968619108200073,0.0164831280708313,0.0096738301217556,0.0071228863671422005,0.05879703164100647,
2016-11-04 09:00:00,Betty,McCollum,McCollum News: Restoring Civility in Washington,,0.34727874398231506,0.029597338289022446,0.023728495463728905,,0.5456541180610657,0.025859134271740913
2016-11-04 11:46:40,Mike,Thompson,Constituent Services: Year in Review,0.1672847718000412,0.766647219657898,0.029750840738415718,0.015399695374071598,0.010443353094160557,,
2016-11-04 11:46:40,Suzan,DelBene,A quick update,0.005273506045341492,0.13985168933868408,0.005386164877563715,0.007827449589967728,,0.8345813155174255,
2016-11-04 11:46:40,Jim,Cooper,"Top 10 at 10: Friday, November 4",0.007455023471266031,0.8608958721160889,0.07503093779087067,0.014803831465542316,,0.03212142735719681,
2016-11-04 14:33:20,Charles,Rangel,"Vote, Vote, Vote ",0.02005579136312008,0.056265976279973984,0.011899614706635475,0.8998225927352905,,0.0071351537480950356,
2016-11-04 14:33:20,David,Cicilline,Economic Development,0.7538414597511292,0.19354751706123352,0.036366138607263565,0.005331143736839294,0.004507610574364662,,
2016-11-04 17:20:00,Xavier,Becerra,"Upcoming Events: Medicare Info Session, Community Office Hours",0.010686714202165604,0.9355561137199402,0.029780426993966103,0.007710734382271767,,0.009819867089390755,
2016-11-04 17:20:00,Ami,Bera,This is a big update:,0.015952909365296364,0.8760539293289185,,0.01072369609028101,0.07492834329605103,,0.011738983914256096
2016-11-04 17:20:00,Emanuel,Cleaver,EC from DC: The American Dream,,0.16097262501716614,0.6389585137367249,0.1101483479142189,0.050616711378097534,,0.020774153992533684
2016-11-04 17:20:00,Steve,Cohen,Calling on FBI Director James Comey to Resign,0.5699787139892578,0.23292721807956696,0.08709000051021576,0.07802727818489075,0.01576988212764263,,
2016-11-04 17:20:00,Kyrsten,Sinema,What You Will Need on Election Day,0.008841241709887981,0.9657324552536011,0.011753763072192669,0.003935778979212046,,0.004222462419420481,
2016-11-04 17:20:00,Nancy,Pelosi,Women Lead,0.03042922541499138,0.025373784825205803,0.017626721411943436,0.9130065441131592,,0.009604712948203087,
2016-11-04 17:20:00,Joe,Courtney,Exciting upgrades in rural Connecticut,0.9297066926956177,0.044728752225637436,0.018135905265808105,0.0030100857838988304,0.0023084874264895916,,
2016-11-04 20:06:40,Gwen,Moore,Important Election Info,,0.7857533693313599,,0.016698936000466347,0.04724443331360817,0.1094084233045578,0.023969188332557678
2016-11-04 22:53:20,Gregorio,Sablan,"This Week in Congress - Friday, November 4, 2016",0.41828617453575134,0.10695220530033112,0.04332505539059639,,0.0865231603384018,0.30387693643569946,
2016-11-04 22:53:20,Collin,Peterson,Rep. Peterson's Newsletter 11/4/2016,0.6654500365257263,0.2731574475765228,0.04124904423952103,0.012922124937176704,0.0033062801230698824,,
2016-11-05 10:00:00,Henry,Cuellar,Congressman Henry Cuellar's Congressional Report for November 5,0.07420472800731659,0.6229274272918701,0.04157540202140808,0.19104349613189697,,0.05698561668395996,
2016-11-05 10:00:00,Michael,Honda,My joint op-ed with District Attorney Nancy O'Malley,,0.6398515701293945,,0.13799558579921722,0.05204865708947182,0.036049775779247284,0.12281128019094467
2016-11-05 12:46:40,Jackie,Speier,"Jackie's Reading Picks for November 5, 2016",0.9005210995674133,0.06477892398834229,0.021964147686958313,0.0057047028094530106,0.00471913767978549,,
2016-11-05 12:46:40,Beto,O’Rourke,"Hugs, Fort Bliss and a town hall meeting",0.9135766625404358,0.022589825093746185,0.011976501904428005,,0.010078375227749348,0.03459671884775162,
2016-11-05 18:20:00,Ami,Bera,Fwd: Special Report,0.0187918059527874,0.9428734183311462,,0.005019681062549353,0.01944107376039028,,0.0075061023235321045
2016-11-06 13:46:40,Joaquin,Castro,Capitol Hill Update from Congressman Castro,0.011497661471366882,0.8969978094100952,,0.019697222858667374,0.011317015625536442,0.04573764652013779,
2016-11-06 16:33:20,Ami,Bera,real quick -,0.07782575488090515,0.8750786185264587,0.009944334626197815,,0.024987030774354935,,0.007196830119937658
2016-11-07 12:00:00,Jim,Cooper,"Top 10 at 10: Monday, November 7",0.007842469960451126,0.6909033060073853,0.2051306962966919,0.08297345787286758,,0.006352573167532682,
2016-11-07 12:00:00,Richard,Nolan,Tomorrow: Election Day,0.030618030577898026,0.8900321125984192,0.02727399580180645,,0.022583382204174995,0.013763372786343098,
2016-11-07 14:46:40,Eleanor,Norton,"e-Newsletter-Monday, November 7, 2016",0.2984907031059265,0.07717921584844589,0.5393974781036377,0.06106199324131012,0.011364486068487167,,
2016-11-07 14:46:40,Elizabeth,Esty,How can I help?,,0.3238530158996582,0.015269920229911804,0.10865963250398636,0.009015972726047039,0.5282474756240845,
2016-11-07 17:33:20,Ami,Bera,Critical reminder:,0.006796190049499273,0.9681912064552307,0.006147466599941254,,0.005271413829177618,0.0062834592536091805,
2016-11-07 17:33:20,Jackie,Speier,Bridging the Gap Between the Private Sector Technology and National Security,0.048935819417238235,0.9090505242347717,0.023587964475154877,,0.006430910900235176,0.005082749295979738,
2016-11-07 17:33:20,Carolyn,Maloney,Election Day Road Closure Information,,0.7241485714912415,0.025179171934723854,0.14747583866119385,0.013914388604462147,0.08043825626373291,
2016-11-07 17:33:20,Brad,Ashford,looking for Medicare coverage?,0.009106339886784554,0.3624110519886017,0.00716220261529088,0.006685517728328705,,0.6045147180557251,
2016-11-07 20:20:00,Xavier,Becerra,Nominate A Leader For Native American Heritage Month,0.03490503504872322,0.9214123487472534,0.029940037056803703,,0.005217139609158039,0.003050756873562932,
2016-11-08 10:13:20,Jim,Cooper,"Top 10 at 10: Tuesday, November 8",,0.09675639122724533,0.007122399751096964,,0.02229754440486431,0.8583540320396423,0.006575402803719044
2016-11-08 10:13:20,Ami,Bera,Fwd: Critical reminder,0.009594684466719627,0.952366828918457,,0.007889850065112114,0.008194051682949066,0.012279537506401539,
2016-11-09 11:13:20,Xavier,Becerra,"Reminder: Medicare Info Session, Community Office Hours",0.00883388426154852,0.9330348968505859,0.031787190586328506,0.009246841073036194,,0.010241189040243626,
2016-11-09 19:33:20,Lloyd,Doggett,A Message from Congressman Doggett,0.00886236410588026,0.08158692717552185,,0.07477883994579315,,0.8184708952903748,0.0057626389898359776
2016-11-09 19:33:20,Michael,Capuano,E-Update Rep. Capuano,0.07155653089284897,0.8514790534973145,0.04167892783880234,0.024270059540867805,,0.005226205103099346,
2016-11-10 12:13:20,Joyce,Beatty,The Beatty Bulletin - Fall 2016,,0.8898183107376099,0.016176939010620117,0.03818428888916969,0.011625832878053188,0.02842457965016365,
2016-11-10 12:13:20,Seth,Moulton,Coming together.,0.22407527267932892,0.38293492794036865,0.06380695104598999,0.27788111567497253,,0.03915530443191528,
2016-11-10 12:13:20,Suzan,DelBene,A quick update,0.010725582018494606,0.46629798412323,0.007149654906243086,0.020106805488467216,,0.4848691523075104,
2016-11-10 15:00:00,Henry,Johnson,Congressman Hank Johnson's Veterans Day E-Newsletter,0.2750268280506134,0.6542802453041077,0.04592011496424675,0.012432531453669071,0.006812897976487875,,
2016-11-10 15:00:00,Charles,Rangel,We Salute ,0.08054803311824799,0.4138433337211609,0.030962340533733368,0.42789173126220703,,0.034346263855695724,
2016-11-10 17:46:40,Frank,Pallone,Veterans Day ,0.19249485433101654,0.7616590261459351,,0.008452658541500568,0.014193005859851837,,0.0085731390863657
2016-11-10 17:46:40,Alma,Adams,Honoring Our Veterans,0.1728658676147461,0.705568253993988,0.03210820257663727,0.07497737556695938,,,0.00570650864392519
2016-11-10 17:46:40,Eric,Swalwell,Help me honor our Veterans,0.02584146335721016,0.3782361149787903,0.009096348658204079,0.008947277441620827,,0.5693001747131348,
2016-11-10 17:46:40,Mike,Thompson,Looking Ahead,0.3019086718559265,0.4624604880809784,,0.03339690715074539,0.04282023385167122,0.14018407464027405,
2016-11-10 17:46:40,Tony,Cárdenas,This Veterans Day,0.45523637533187866,0.42978331446647644,0.07384271919727325,0.014841844327747822,0.015771161764860153,,
2016-11-10 17:46:40,David,Cicilline,2017,0.04113449156284332,0.03361116722226143,0.0071260337717831135,0.009419690817594528,,0.9051415324211121,
2016-11-10 17:46:40,John,Larson,Honoring Our Veterans,0.049057237803936005,0.9141717553138733,0.017247730866074562,0.009216039441525936,0.004601816181093454,,
2016-11-10 17:46:40,Steve,Cohen,Honoring Our Nation's Veterans,0.2093878984451294,0.73636794090271,0.03339461609721184,0.007461348548531532,0.007233393844217062,,
2016-11-10 17:46:40,Emanuel,Cleaver,EC from DC: Practicing the Act of Civility,,0.9248212575912476,,0.018733937293291092,0.010992425493896008,0.01912384293973446,0.013250504620373249
2016-11-10 17:46:40,Mike,Quigley,Honoring Our Nation's Veterans,0.12782014906406403,0.8177199363708496,0.028101840987801552,0.009095026180148125,0.008749467320740223,,
2016-11-10 17:46:40,Ami,Bera,quick note:,0.259469211101532,0.6429632902145386,0.020320339128375053,0.05500458553433418,,,0.011896242387592793
2016-11-10 20:33:20,Eric,Swalwell,Help me honor our Veterans,0.02584146335721016,0.3782361149787903,0.009096348658204079,0.008947277441620827,,0.5693001747131348,
2016-11-10 23:20:00,Gregorio,Sablan,"This Week in Congress - Thursday, November 10, 2016",0.6699274182319641,0.20682767033576965,0.0906054750084877,0.021076809614896774,0.007104133255779743,,
2016-11-10 23:20:00,Collin,Peterson,Rep. Peterson's Newsletter 11/10/2016,0.22677850723266602,0.6737288236618042,0.07114076614379883,0.0158124640583992,0.006757956929504871,,
2016-11-11 07:40:00,Grace,Meng,Recognizing Our Nation's Veterans,0.27275359630584717,0.6599843502044678,0.03416930511593819,0.021663518622517586,0.005923348944634199,,
2016-11-11 10:26:40,Joyce,Beatty,Honoring the Service and Sacrifice of Our Veterans,0.024285709485411644,0.12984289228916168,,0.010315609164536,0.005533856805413961,0.824791669845581,
2016-11-11 10:26:40,John,Delaney,Honoring our men and women in uniform,0.06505949050188065,0.8887055516242981,0.011866170912981033,0.00842161662876606,0.014324430376291275,,
2016-11-11 13:13:20,Adam,Smith,Congressman Adam Smith's Veterans Newsletter,0.05198182910680771,0.8755178451538086,0.008784463629126549,0.02091221697628498,,0.02789274789392948,
2016-11-11 13:13:20,Sam,Farr,On this Veterans Day,0.7417944669723511,0.19310979545116425,0.027842054143548012,0.026373201981186867,,,0.005611340515315533
2016-11-11 13:13:20,Rick,Larsen,Veterans Day - Top Four in the 114th Congress,0.77418452501297,0.1626657098531723,0.04273602366447449,0.007308796513825655,0.00896353181451559,,
2016-11-11 13:13:20,Beto,O’Rourke,Happy Veterans Day,0.49096861481666565,0.4537416398525238,0.02510497346520424,0.0050801606848835945,0.017027713358402252,,
2016-11-11 16:00:00,David,Cicilline,Honoring Our Veterans,0.15562893450260162,0.8030692338943481,0.0182300116866827,,0.008943832479417324,,0.007111508399248123
2016-11-11 16:00:00,Nancy,Pelosi,Our Sacred Commitment,0.051431622356176376,0.9188780784606934,0.009725331328809261,0.008237766101956367,0.0059211235493421555,,
2016-11-11 16:00:00,Raul,Ruiz,Honoring Our Nation's Veterans,0.4134431779384613,0.5374933481216431,0.0221600029617548,0.012839424423873425,,,0.006789652165025473
2016-11-11 16:00:00,Julia,Brownley,To Serve Those Who Have Served Us,0.11459143459796906,0.813064455986023,,0.026857905089855194,0.01620316691696644,,0.01400328241288662
2016-11-11 21:33:20,Marcia,Fudge,How Do You Honor Our Nation's Veterans?,0.08185520023107529,0.832638144493103,0.03800475224852562,0.02222728729248047,,0.013636146672070026,
2016-11-11 21:33:20,Denny,Heck,Happy Veterans Day,0.13771142065525055,0.7793864607810974,0.02713373675942421,0.0290679968893528,,0.015191112644970417,
2016-11-12 11:26:40,Henry,Cuellar,Congressman Henry Cuellar's Congressional Report for November 12,0.04124000668525696,0.645464301109314,,0.012272600084543228,0.03732338547706604,0.24560919404029846,
2016-11-13 09:40:00,Kyrsten,Sinema,In honor of Our Veterans,0.02166960947215557,0.9277238249778748,0.009951894171535969,0.024151278659701347,0.006988961715251207,,
2016-11-14 10:40:00,Xavier,Becerra,Sign up: Upcoming Telephone Town Hall ,0.013156261295080185,0.9036635756492615,0.03696255758404732,0.023834548890590668,,0.01282184012234211,
2016-11-14 13:26:40,Richard,Nolan,Common ground,0.03545884042978287,0.9243469834327698,,,0.008983148261904716,0.014916352927684784,0.00611678883433342
2016-11-14 19:00:00,Jackie,Speier,Bridging the Gap Between the Private Sector Technology and National Security,0.048935819417238235,0.9090505242347717,0.023587964475154877,,0.006430910900235176,0.005082749295979738,
2016-11-14 19:00:00,Derek,Kilmer,A New Day,0.13672879338264465,0.7732809782028198,0.016299720853567123,0.031150707975029945,0.022429123520851135,,
2016-11-14 19:00:00,Donald,Payne,Donald's Dispatch: Securing Justice,0.08060996234416962,0.3568814694881439,,0.06822346150875092,0.015405507758259773,0.46117615699768066,
2016-11-14 19:00:00,Michelle,Lujan Grisham,E-Newsletter: Honoring Caregivers on National Family Caregiving Month,0.03530263528227806,0.5838621258735657,0.01906857267022133,0.010430591180920601,,0.3416675925254822,
2016-11-15 11:40:00,Paul,Tonko,"Federal Grant Opportunities - November 15, 2016",0.0081741102039814,0.9423249959945679,0.025183243677020073,0.009197263978421688,,0.006809625308960676,
2016-11-15 11:40:00,Bill,Foster,You're invited: Small Business Resource Workshop,0.7929762005805969,0.14273814857006073,0.05093783512711525,0.004601195454597473,0.004314367659389973,,
2016-11-15 11:40:00,Jim,Cooper,"Top 10 at 10: Tuesday, November 15",,0.6172211766242981,,0.08766687661409378,0.10960618406534195,0.08880888670682907,0.06005328893661499
2016-11-15 14:26:40,Donald,Payne,Steve Bannon,,0.018211714923381805,,0.006003802176564932,0.01696348562836647,0.9520673155784607,0.0036780047230422497
2016-11-15 14:26:40,Mark,Pocan,Congressman Mark Pocan: Join me for a Facebook Live Q & A on Thursday Evening,0.08716833591461182,0.8479738235473633,0.03794599324464798,0.013237642124295235,,0.00604030629619956,
2016-11-15 20:00:00,Terri,Sewell,Guide to Grants Issue 289 - Nov 15 2016,0.2660422921180725,0.660176694393158,0.05599411949515343,0.005994555540382862,0.005984334275126457,,
2016-11-16 09:53:20,Bill,Foster,You're invited: Climate Change Discussion featuring Tom Skilling,0.6397100687026978,0.2503674030303955,0.08125678449869156,0.008060007356107235,,0.010920138098299503,
2016-11-16 09:53:20,Kyrsten,Sinema,November Monthly Newsletter,0.02376513183116913,0.9410637021064758,0.010798226110637188,0.013248279690742493,0.004613528028130531,,
2016-11-16 09:53:20,Jim,Cooper,"Top 10 at 10: Wednesday, November 16",,0.6839039921760559,0.049821216613054276,0.0174244437366724,0.1520816683769226,0.08479379117488861,
2016-11-16 15:26:40,Al,Green,Congressman Al Green's Statement on the Protest for Sandy Phan-Gillis,0.010238565504550934,0.08678856492042542,,0.8244732618331909,0.03518014773726463,0.02704719826579094,
2016-11-16 15:26:40,Marc,Veasey,Learn about the FREE Professional Development Workshops at the 33rd Congressional District Job Fair! ,0.022313563153147697,0.8978310823440552,0.028030376881361008,,0.0173014048486948,0.021020440384745598,
2016-11-16 15:26:40,Sander,Levin,"House Passes the Woman, Peace, and Security Act",0.04358939453959465,0.8805032968521118,0.036556389182806015,,0.013510665856301785,0.014039532281458378,
2016-11-17 10:53:20,Jim,Cooper,"Top 10 at 10: Thursday, November 17",0.009364181198179722,0.8631470203399658,0.025317054241895676,0.04984351992607117,,0.03722018003463745,
2016-11-17 10:53:20,Beto,O’Rourke,You're Invited,0.2838496267795563,0.5433250069618225,0.1388610601425171,,0.010872894898056984,0.011649325489997864,
2016-11-17 10:53:20,Joyce,Beatty,RSVP to the December 8th Statewide Tribute to Rosa Parks,0.03691064938902855,0.9058541655540466,0.033160459250211716,0.009917604736983776,,0.008213295601308346,
2016-11-17 16:26:40,Donald,Beyer,Just the Facts,,0.4222746193408966,,0.14413605630397797,0.018481148406863213,0.38203781843185425,0.021399274468421936
2016-11-17 16:26:40,Marc,Veasey,Don't Miss Out On TOMORROW's TX-33 Job Fair! ,0.03532834351062775,0.8006667494773865,0.09813804179430008,0.03349176421761513,,0.015897473320364952,
2016-11-17 19:13:20,Mark,Pocan,Congressman Mark Pocan: Join me for a Facebook Live Q & A Tonight,0.0463690422475338,0.8886439800262451,0.03964988887310028,0.014728285372257233,,0.005009278189390898,
2016-11-18 11:53:20,Jim,Cooper,"Top 10 at 10: Friday, November 18",,0.7991422414779663,0.09679350256919861,0.017198415473103523,0.03326068073511124,,0.03474541753530502
2016-11-18 11:53:20,Charles,Rangel,It's Time For a Change,0.2917172908782959,0.61221843957901,0.031285885721445084,,0.029033401980996132,,0.012591843493282795
2016-11-18 14:40:00,David,Cicilline,No Hate In White House,,0.02673920802772045,,0.011591246351599693,0.03579796478152275,0.8800534605979919,0.038307081907987595
2016-11-18 14:40:00,Emanuel,Cleaver,EC from DC: The Interest of All Americans,,0.03362761065363884,,0.008465789258480072,0.01570424810051918,0.9286761283874512,0.00688931392505765
2016-11-18 17:26:40,Nancy,Pelosi,Ban Bannon,,0.014615509659051895,0.004366427659988403,,0.018964845687150955,0.950984537601471,0.007293092552572489
2016-11-18 17:26:40,Steve,Cohen,Returning to Washington,0.3310069143772125,0.5542352199554443,0.03383103385567665,0.04930368438363075,0.016620978713035583,,
2016-11-18 17:26:40,Niki,Tsongas,Congress in your Inbox,0.4144812524318695,0.21264052391052246,0.07183054089546204,0.2835581600666046,0.008341478183865547,,
2016-11-18 17:26:40,Kyrsten,Sinema,We're here to help,0.04604550823569298,0.9210094809532166,0.017142390832304955,0.0042792921885848045,0.006065919529646635,,
2016-11-18 20:13:20,Collin,Peterson,Rep. Peterson's Newsletter 11/18/2016,0.3928602337837219,0.034940604120492935,0.06602463871240616,0.4998718798160553,,0.0022710529156029224,
2016-11-18 20:13:20,Michael,Capuano,E-Update Rep. Capuano,,0.017581546679139137,0.9564983248710632,0.003873746143653989,0.0054871393367648125,0.013358593918383121,
2016-11-18 20:13:20,Joe,Courtney,A salute to our veterans,0.2827741503715515,0.30339547991752625,,0.17599532008171082,0.04811763018369675,,0.1447061151266098
2016-11-18 23:00:00,Gregorio,Sablan,"This Week in Congress - Friday, November 18, 2016",0.5410683751106262,0.31483763456344604,0.084082692861557,0.02966484986245632,0.02465500682592392,,
2016-11-19 07:20:00,Elijah,Cummings,Fire Bannon,,0.2551937699317932,,0.05429904907941818,0.3745993673801422,0.2659931182861328,0.04055146127939224
2016-11-19 10:06:40,Henry,Cuellar,Congressman Henry Cuellar's Congressional Report for November 19,0.46273887157440186,0.3994007408618927,0.07325594127178192,0.04007196053862572,,0.011687205173075199,
2016-11-19 10:06:40,Filemon,Vela,A Special Update from Congressman Filemon Vela,0.3132680356502533,0.5493337512016296,0.09191663563251495,0.03115275874733925,0.006514422129839659,,
2016-11-19 12:53:20,Xavier,Becerra,Reminder: Nominate A Leader For Native American Heritage Month,0.0289843138307333,0.9208007454872131,0.03542255237698555,,0.005924623925238848,0.003408314660191536,
2016-11-19 18:26:40,Barbara,Lee,Roll up your sleeves,,0.013002603314816952,0.005200807936489582,,0.1474156379699707,0.787864089012146,0.042347464710474014
2016-11-20 11:06:40,Diana,DeGette,"Troubling Developments under President-Elect Trump, Progress on Environment and Diabetes",,0.006808677688241005,,0.0151786794885993,0.0026474345941096544,0.9706062078475952,0.0019694073125720024
2016-11-20 11:06:40,Ed,Perlmutter,Letter to the President-elect,,0.27742448449134827,,0.02787001058459282,0.4853891134262085,0.1560574322938919,0.03932273015379906
2016-11-20 13:53:20,Joaquin,Castro,Capitol Hill Update from Congressman Castro,0.9224908947944641,0.03287484496831894,0.03709975257515907,0.002686033956706524,0.0026353502180427313,,
2016-11-21 09:20:00,David,Loebsack,Fighting to End Diabetes,,0.4199765920639038,0.024476245045661926,0.22378236055374146,,0.2807837724685669,0.021128756925463676
2016-11-21 12:06:40,Jim,Cooper,"Top 10 at 10: Monday, November 21",,0.763936460018158,0.051905035972595215,0.05736030265688896,0.018973931670188904,0.0911572277545929,
2016-11-21 14:53:20,Betty,McCollum,McCollum News: Confronting President-elect Trump on Bannon and Sessions Appointments,,0.015358387492597103,0.005035772919654846,,0.13554134964942932,0.8078715801239014,0.030643466860055923
2016-11-21 14:53:20,Chris,Van Hollen,"Keeping the alt-right out of the White House, outlining Senate priorities and more",,0.5507351160049438,0.022951534017920494,0.040608618408441544,0.28844979405403137,0.0853823646903038,
2016-11-21 14:53:20,Richard,Nolan,TPP: Going. Going. GONE!,,0.24994094669818878,,0.4235377311706543,0.19527021050453186,0.04381750151515007,0.059299543499946594
2016-11-21 14:53:20,Eleanor,Norton,"e-Newsletter-Monday, November 21, 2016",,0.012784057296812534,,0.002614192897453904,0.8721135258674622,0.07374817132949829,0.03589324280619621
2016-11-21 17:40:00,Scott,Peters,2017 Presidential Inauguration,,0.9235735535621643,0.022905385121703148,0.032262302935123444,0.004863153211772442,0.008832180872559547,
2016-11-22 10:20:00,David,Cicilline,Thankful,0.6466505527496338,0.2849488854408264,0.045870326459407806,0.011211500503122807,0.006840106565505266,,
2016-11-22 13:06:40,Jim,Cooper,"Top 10 at 10: Tuesday, November 22",0.008327124640345573,0.02683139406144619,0.022065462544560432,0.935370147228241,,0.004309781827032566,
2016-11-22 15:53:20,Carolyn,Maloney,We've got our park!,0.4240761697292328,0.4845321476459503,0.03812092915177345,0.02301594242453575,0.02348976396024227,,
2016-11-22 15:53:20,Al,Green,Congressman Al Green's Statement on the Passing of World-Renowned Heart Surgeon Dr. Denton Cooley,0.07448764890432358,0.2920896112918854,0.1231122687458992,0.4946093261241913,,0.007919147610664368,
2016-11-22 15:53:20,Niki,Tsongas,Quarterly Veterans Newsletter,0.3338359594345093,0.49053266644477844,0.09818542003631592,0.0634697750210762,0.007381788454949856,,
2016-11-22 18:40:00,Alan,Lowenthal,"Rep. Lowenthal eNewsletter 'The 47th Flyer' - Nov. 22 - Trump Pick, Methane Wasting, Rolls Royce",,0.019522927701473236,,0.0029958870727568865,0.9592097997665405,0.009107369929552078,0.004999447148293257
2016-11-23 08:33:20,Beto,O’Rourke,What's next for our DREAMers? ,,0.64812833070755,,0.13545119762420654,0.06012028828263283,0.10174379497766495,0.03718763217329979
2016-11-23 11:20:00,André,Carson,Give Thanks,0.07892952859401703,0.8397270441055298,0.05279514938592911,0.020855426788330078,,0.003374301129952073,
2016-11-23 11:20:00,Steve,Cohen,Have a Safe and Happy Thanksgiving!,0.6130875945091248,0.19639497995376587,0.16128559410572052,0.017163056880235672,,0.005274259019643068,
2016-11-23 11:20:00,Linda,Sánchez,Latest from Linda,0.008323390036821365,0.02610461786389351,0.004138943739235401,0.006137417629361153,,0.9506304264068604,
2016-11-23 11:20:00,Joyce,Beatty,RSVP now for the December 8th Statewide Tribute to Rosa Parks,0.028334615752100945,0.9177197217941284,0.03212592005729675,0.009052854031324387,,0.006967312656342983,
2016-11-23 14:06:40,Henry,Johnson,Congressman Hank Johnson's 2016 Thanksgiving E-Newsletter,0.5226072669029236,0.4241752028465271,0.034275155514478683,0.011250215582549572,0.004268228076398373,,
2016-11-23 14:06:40,Joe,Courtney,"On Thanksgiving, we are grateful for the service of a local WWII vet",0.829376220703125,0.10167635232210159,0.05423600971698761,0.007890491746366024,0.0034767163451761007,,
2016-11-23 16:53:20,Nancy,Pelosi,A Purposeful Thanksgiving,0.03042922541499138,0.025373784825205803,0.017626721411943436,0.9130065441131592,,0.009604712948203087,
2016-11-23 16:53:20,Kyrsten,Sinema,Have a Happy Thanksgiving,0.5364553332328796,0.3905297517776489,0.05055823549628258,0.008964944630861282,0.009313572198152542,,
2016-11-23 19:40:00,Collin,Peterson,Rep. Peterson's Newsletter 11/23/2016,0.3790834844112396,0.5198081731796265,0.06295979768037796,0.027316918596625328,0.0051283808425068855,,
2016-11-23 19:40:00,Gregorio,Sablan,"This Week in Congress - Wednesday, November 23, 2016",0.8503324389457703,0.0554511733353138,0.07189716398715973,0.014475473202764988,0.0050951214507222176,,
2016-11-24 09:33:20,Ann,Kuster,Wishing you the best this Thanksgiving,0.16955840587615967,0.5244460701942444,0.016010643914341927,0.0370556078851223,,0.24592816829681396,
2016-11-24 09:33:20,Elijah,Cummings,Happy Thanksgiving,0.7207823395729065,0.22171282768249512,0.02841111272573471,0.01866261288523674,0.0047283172607421875,,
2016-11-24 09:33:20,Charles,Rangel,Happy Thanksgiving from Congressman Rangel,0.7349496483802795,0.18810398876667023,0.06113690882921219,0.00769034493714571,0.0054281242191791534,,
2016-11-24 12:20:00,Jackie,Speier,Happy Thanksgiving!,0.5160754919052124,0.3545052111148834,0.05152524635195732,0.02573971636593342,,0.043540168553590775,
2016-11-24 17:53:20,Julia,Brownley,"From my family to yours, Happy Thanksgiving!",0.84531569480896,0.12188088148832321,0.01897522062063217,0.0064320857636630535,0.003762426320463419,,
2016-11-25 16:06:40,Brendan,Boyle,Congressman Boyle will fight to protect Medicare,0.035212285816669464,0.495365172624588,,0.04067620635032654,0.20569880306720734,0.20155756175518036,
2016-11-26 11:33:20,Henry,Cuellar,Congressman Henry Cuellar's Congressional Report for November 26,0.13806000351905823,0.680396318435669,0.04667162522673607,0.0312989205121994,,0.089931920170784,
2016-11-28 10:46:40,Beto,O’Rourke,REMINDER: What's next for our DREAMers? ,,0.6792023181915283,,0.08971669524908066,0.06307344883680344,0.1103610247373581,0.04120074212551117
2016-11-28 13:33:20,Richard,Nolan,Our North Country Scenic Trails bill,0.19886423647403717,0.6271411776542664,0.1516796052455902,0.006719415541738272,0.00846706423908472,,
2016-11-28 16:20:00,Brad,Sherman,Deadline for Those Applying to Military Service Academies ,,0.8825327754020691,0.02444525621831417,0.04160722345113754,0.010877181775867939,0.03175053372979164,
2016-11-28 16:20:00,Michael,Capuano,E-Update Rep. Capuano,0.031170109286904335,0.9206901788711548,0.0276603102684021,0.010454543866217136,0.004547374323010445,,
2016-11-28 19:06:40,Derek,Kilmer,Giving Back and Giving Thanks,0.5548827648162842,0.34658247232437134,0.07607902586460114,0.010520288720726967,0.007314219605177641,,
2016-11-29 11:46:40,Paul,Tonko,"Federal Grant Opportunities - November 29, 2016",0.012806856073439121,0.9386672377586365,0.03044780157506466,0.006889086216688156,,0.005304410122334957,
2016-11-29 20:06:40,Al,Green,Congressman Al Green's Healthcare Coverage Newsletter,,0.7462535500526428,0.03060968779027462,0.17145857214927673,0.008044292218983173,0.03292088955640793,
2016-11-30 10:00:00,Jim,Cooper,"Top 10 at 10: Wednesday, November 30",,0.04060221463441849,0.03716348856687546,0.4899182617664337,0.011233971454203129,0.4044741988182068,
2016-11-30 12:46:40,Eric,Swalwell,Town Hall This Saturday,0.024884598329663277,0.22566869854927063,0.014434397220611572,0.02391003631055355,,0.7012068629264832,
2016-11-30 15:33:20,Alma,Adams,Congress in your Community,0.06313544511795044,0.8870586156845093,0.020344745367765427,0.010569391772150993,,0.011950806714594364,
2016-11-30 15:33:20,Nancy,Pelosi,Get Covered with Covered California,0.004664236679673195,0.9636406898498535,0.015849852934479713,0.007323612459003925,0.004354631993919611,,
2016-11-30 15:33:20,Sanford,Bishop,Thanksgiving 2016,0.010348270647227764,0.07871539890766144,0.00417686253786087,0.005605332553386688,,0.8960184454917908,
2016-11-30 15:33:20,Al,Green,"Congressman Al Green to Host Special Order Session Honoring His Late Dear Friend and Chief of Staff, Jacqueline Ellis",0.01631949469447136,0.9139429330825806,0.03501399978995323,0.019318772479891777,,0.008011861704289913,
2016-11-30 18:20:00,Gerald,Connolly,Reminder: Open Season Workshop for Federal Employees and Retirees This Saturday,0.011752603575587273,0.9057844877243042,0.02697177417576313,0.026172799989581108,,0.020355958491563797,
2016-11-30 18:20:00,John,Larson,Grants E-Newsletter - November 2016,0.023877691477537155,0.9323915839195251,0.025459786877036095,0.009041695855557919,0.0045394571498036385,,
2016-11-30 23:53:20,Tulsi,Gabbard,Passed three bills,0.16954278945922852,0.7446302175521851,0.0601995624601841,0.00699412589892745,0.011677789501845837,,
2016-12-01 11:00:00,Jim,Cooper,"Top 10 at 10: Thursday, December 1",,0.03862910717725754,0.006719614379107952,0.0032313645351678133,0.9342581033706665,0.012636248953640461,
2016-12-01 11:00:00,Joyce,Beatty,ONE WEEK AWAY: RSVP now for the December 8th Statewide Tribute to Rosa Parks,0.03363975137472153,0.9074105620384216,0.038372427225112915,0.008104508742690086,,0.006084999535232782,
2016-12-01 13:46:40,Ann,Kuster,Inauguration Ticket Information,0.007716107182204723,0.9511752128601074,0.02034159190952778,0.009005450643599033,0.005178575869649649,,
2016-12-01 13:46:40,Terri,Sewell,Guide to Grants Issue 290 - Dec 1 2016,0.15716952085494995,0.7505878806114197,0.034938596189022064,0.03734896704554558,0.00846034288406372,,
2016-12-01 13:46:40,Judy,Chu,Get the Information You Need To Enroll in Medicare,0.2521737515926361,0.6326199173927307,0.0759267508983612,0.019943712279200554,,0.008603177964687347,
2016-12-01 13:46:40,Donald,Beyer,Just the Facts,,0.05874374881386757,0.005063324701040983,0.010550616309046745,0.009276368655264378,0.908745288848877,
2016-12-01 13:46:40,Ami,Bera,quick update:,0.059199243783950806,0.8810356259346008,0.036378681659698486,0.013431049883365631,0.004313745070248842,,
2016-12-01 16:33:20,Eliot,Engel,Statement On World AIDS Day 2016,0.02909739501774311,0.8434804677963257,0.013809951022267342,0.09181471168994904,,0.009965662844479084,
2016-12-01 16:33:20,James,Himes,World AIDS Day: Remembrance and Hope,,0.09979421645402908,0.010798269882798195,0.1072123572230339,,0.2338191121816635,0.5328064560890198
2016-12-01 16:33:20,Alcee,Hastings,"The Hastings Monthly Report, December 2016",0.7020246982574463,0.2619704306125641,0.018878228962421417,0.008216019719839096,0.005099701229482889,,
2016-12-02 09:13:20,Alan,Lowenthal,"Rep. Lowenthal eNewsletter 'The 47th Flyer' - Dec. 2 - New LB VA Name, PORTS Caucus, Trump Picks",0.5436776280403137,0.3438945710659027,0.019083986058831215,0.022469675168395042,,0.055707938969135284,
2016-12-02 09:13:20,Marc,Veasey,Marc's Memo - November 2016 Updates,0.09609490633010864,0.8469555974006653,0.029757069423794746,0.015012451447546482,0.0052996366284787655,,
2016-12-02 12:00:00,Suzan,DelBene,A quick update,0.017651792615652084,0.8302311301231384,,0.03416188806295395,0.018686674535274506,0.08416659384965897,
2016-12-02 12:00:00,Suzanne,Bonamici,Bonamici Bulletin,,0.12818393111228943,0.046535611152648926,0.5703166127204895,0.12743298709392548,0.08241510391235352,
2016-12-02 12:00:00,Jim,Cooper,"Top 10 at 10: Friday, December 2",,0.4293379783630371,0.10661350190639496,0.30610498785972595,0.06492064893245697,0.07059340924024582,
2016-12-02 14:46:40,Kyrsten,Sinema,21st Century Cures Act ,0.021838607266545296,0.9494413733482361,0.012862354516983032,0.004770718049257994,0.005633521359413862,,
2016-12-02 14:46:40,James,Langevin,Let's Keep in Touch,0.047983553260564804,0.8930888175964355,0.019737176597118378,0.026194186881184578,,0.005764363799244165,
2016-12-02 14:46:40,Mike,Thompson,Looking Ahead,0.2013341784477234,0.7137351632118225,,0.019703401252627373,0.024022618308663368,0.024340594187378883,
2016-12-02 14:46:40,Betty,McCollum,McCollum News: Defending Medicare,,0.09381014108657837,,0.008591814897954464,0.34391844272613525,0.48904481530189514,0.05806136131286621
2016-12-02 17:33:20,Joe,Courtney,Breaking news for the fight against opioids and Lyme disease,0.7067443132400513,0.22496357560157776,0.032744985073804855,0.013775099068880081,,0.011854689568281174,
2016-12-02 17:33:20,Steve,Cohen,Building a Healthier America,0.040731195360422134,0.8138905763626099,0.03574071079492569,0.039723291993141174,0.044295210391283035,,
2016-12-02 17:33:20,John,Garamendi,Getting back to work,0.018043722957372665,0.9086135029792786,,0.031775422394275665,0.0211861040443182,0.009547753259539604,
2016-12-02 17:33:20,Emanuel,Cleaver,EC from DC: A Huge Impact,0.014517880976200104,0.626558244228363,0.04275335744023323,0.20755986869335175,,0.09131758660078049,
2016-12-02 17:33:20,Nancy,Pelosi,Witch Hunt,0.0022357318084686995,0.0027676511090248823,,0.004642745014280081,0.2882591485977173,0.6981430649757385,
2016-12-02 20:20:00,Michael,Capuano,E-Update Rep. Capuano,0.03830353543162346,0.9010385870933533,0.029777852818369865,0.014820237644016743,0.009203324094414711,,
2016-12-02 20:20:00,Ed,Perlmutter,November Jobs Report,0.03895873948931694,0.8493813276290894,0.09152273833751678,0.007256961893290281,0.007973983883857727,,
2016-12-02 20:20:00,Kurt,Schrader,A Congressional Update from Congressman Schrader,0.015932274982333183,0.5569957494735718,0.011270100250840187,0.012681564316153526,,0.39336636662483215,
2016-12-02 20:20:00,Collin,Peterson,Rep. Peterson's Newsletter 12/2/2016,0.7160075902938843,0.1981400102376938,0.06102471426129341,0.017014561221003532,0.0031399065628647804,,
2016-12-02 23:06:40,Gregorio,Sablan,"This Week in Congress - Friday, December 2, 2016",0.2783394455909729,0.4391513764858246,0.1470273733139038,0.04523592069745064,0.06328854709863663,,
2016-12-03 10:13:20,Henry,Cuellar,Congressman Henry Cuellar's Congressional Report for December 3,0.007176564075052738,0.0522315688431263,0.010561187751591206,0.8910832405090332,,0.03283518925309181,
2016-12-03 13:00:00,Jackie,Speier,"Jackie's Reading Picks for Dec. 3rd, 2016",0.7519158124923706,0.16474780440330505,0.058227553963661194,0.008181345649063587,,0.007964609190821648,
2016-12-04 11:13:20,Diana,DeGette,Cures Nearing the Finish Line - Help Us Make the Final Strides,0.1413515955209732,0.5216298699378967,,0.041572004556655884,0.04777586832642555,0.21145346760749817,
2016-12-04 11:13:20,Sean,Maloney,Last chance to comment,,0.38969263434410095,0.01539113000035286,0.11799174547195435,0.04229295626282692,0.4071688652038574,
2016-12-04 14:00:00,David,Cicilline,Defending Medicare,0.5655683279037476,0.1566397249698639,0.1120719164609909,0.1546054482460022,0.00541757233440876,,
2016-12-04 14:00:00,Joaquin,Castro,Capitol Hill Update from Congressman Castro,0.029459921643137932,0.39413413405418396,0.029078256338834763,0.43315890431404114,,0.09721876680850983,
2016-12-05 12:13:20,Jim,Cooper,"Top 10 at 10: Monday, December 5",0.006096758414059877,0.1367785781621933,0.039847422391176224,0.7894037365913391,,0.01874682866036892,
2016-12-05 15:00:00,Richard,Nolan,Local airports get a big boost,0.9139056205749512,0.053402408957481384,0.02437875233590603,0.00229622726328671,0.003867183579131961,,
2016-12-05 17:46:40,Alma,Adams,Lottery for Presidential Inauguration Tickets Closes Tonight,0.05390302836894989,0.843311607837677,0.0594816692173481,0.03113253228366375,,0.005752239841967821,
2016-12-05 17:46:40,Eleanor,Norton,"e-Newsletter-Monday, December 5, 2016",0.03888922184705734,0.8924493193626404,0.03142340108752251,0.015849372372031212,0.011931880377233028,,
2016-12-05 17:46:40,Cheri,Bustos,Responding to your message,0.01636994071304798,0.8903160691261292,0.06377968192100525,0.014943099580705166,0.007352988701313734,,
2016-12-05 20:33:20,Barbara,Lee,Update on Oakland Fire,,0.012258525006473064,0.00395346200093627,0.24173080921173096,,0.7321851849555969,0.003717621322721243
2016-12-06 10:26:40,David,Loebsack,A Victory for Rural Iowans,0.18297003209590912,0.7700930833816528,0.030135486274957657,0.005510034970939159,0.006295911036431789,,
2016-12-06 13:13:20,Chris,Van Hollen,An important message from Congressman Chris Van Hollen,,0.265296071767807,,0.020657777786254883,0.044778406620025635,0.576809823513031,0.07297451049089432
2016-12-06 16:00:00,Donald,Norcross,A Victory for South Jersey Workers,0.2126428633928299,0.7190450429916382,0.030704665929079056,0.0165711622685194,,0.012556810863316059,
2016-12-06 16:00:00,Brenda,Lawrence,November 2016 Newsletter-Congresswoman Brenda Lawrence,0.00496671861037612,0.9354715347290039,0.040452685207128525,0.008954605087637901,0.005100498907268047,,
2016-12-06 16:00:00,Michelle,Lujan Grisham,E-Newsletter: Chairwoman of Congressional Hispanic Caucus,0.023613272234797478,0.18592199683189392,0.007415919564664364,0.008262190967798233,,0.768100917339325,
2016-12-06 16:00:00,Carolyn,Maloney,New Yorkers Must Not Foot the Bill for Protecting the President Elect,0.018086561933159828,0.900424063205719,,0.02495368756353855,0.012552496045827866,0.030155306681990623,
2016-12-06 18:46:40,Ron,Kind,2017 Presidential Inauguration,,0.8615368008613586,0.027514081448316574,0.07115259766578674,0.0066797370091080666,0.023015417158603668,
2016-12-07 11:26:40,Debbie,Dingell,Protecting your pensions,,0.4102321267127991,0.02711726725101471,0.10106828063726425,0.20196399092674255,0.2425042986869812,
2016-12-07 11:26:40,Jim,Cooper,"Top 10 at 10: Wednesday, December 7",0.016338516026735306,0.85855633020401,0.08384257555007935,0.028516152873635292,,0.00761684775352478,
2016-12-07 14:13:20,Pete,Aguilar,Are you struggling with student loans because of a for-profit college? I can help.,0.010471848770976067,0.7058939933776855,0.06069913133978844,0.16705520451068878,,0.04166773334145546,
2016-12-07 17:00:00,Sander,Levin,Rep. Levin Cosponsors Resolution Recognizing Human Rights Day ,0.004802346229553223,0.054323237389326096,0.006743813399225473,0.00375282671302557,,0.9257806539535522,
2016-12-07 17:00:00,Ann,Kuster,An important step in the right direction,0.10830382257699966,0.825028121471405,0.031008612364530563,0.020143287256360054,,0.007792755961418152,
2016-12-07 17:00:00,Carolyn,Maloney,The Federal Government Must Reimburse NYC for Pres-Elect Trump's Security,,0.01983397640287876,0.02829408459365368,0.6262725591659546,0.019652914255857468,0.28628599643707275,
2016-12-07 17:00:00,Niki,Tsongas,Congress in your Inbox,0.046156082302331924,0.8528754115104675,0.032467637211084366,0.04359401389956474,,0.01829042285680771,
2016-12-08 09:40:00,Mike,Thompson,"Constituent Services Fair: Monday, December 12th ",0.02322717197239399,0.8732557892799377,0.02400572970509529,0.028252817690372467,,0.036650583148002625,
2016-12-08 12:26:40,Bill,Pascrell,"A Letter from Congressman Bill Pascrell, Jr.",0.4517524838447571,0.4859919548034668,0.033973079174757004,0.012619714252650738,0.0075736274011433125,,
2016-12-08 12:26:40,David,Cicilline,Leadership,0.01626656949520111,0.027889098972082138,0.004763841163367033,0.004627418238669634,,0.9427459239959717,
2016-12-08 15:13:20,Ted,Lieu,CONGRESSMAN TED LIEU ON NEW YORK TIMES LIST OF CALIFORNIA POLITICAL LEADERS,,0.8864957690238953,0.026507114991545677,0.012051811441779137,,0.022211916744709015,0.037067677825689316
2016-12-08 15:13:20,Donald,Beyer,Just the Facts,0.09956926107406616,0.678234875202179,0.022538738325238228,0.036747533828020096,,0.13692034780979156,
2016-12-08 18:00:00,Steve,Cohen,SURVEY: What are the Most Important Issues Congress Should be Working on?,0.030285129323601723,0.5228787660598755,0.011531203985214233,0.011181573383510113,,0.41043105721473694,
2016-12-09 10:40:00,Nita,Lowey,News from Nita: Denouncing Bigoted and Hateful Rhetoric,,0.009646211750805378,0.00796439591795206,0.007925314828753471,0.008524617180228233,0.9616107940673828,
2016-12-09 10:40:00,Suzan,DelBene,A quick update,0.058131664991378784,0.28207382559776306,0.02371760830283165,0.07267922163009644,,0.555095911026001,
2016-12-09 10:40:00,Jim,Cooper,"Top 10 at 10: Friday, December 9",,0.36357736587524414,0.04145820066332817,0.046700041741132736,0.42314353585243225,0.09802614897489548,
2016-12-09 13:26:40,Elizabeth,Esty,Supporting Manufacturing & Our Women Entrepreneurs,0.035854507237672806,0.3177643120288849,0.014134560711681843,0.007274790666997433,,0.6168776750564575,
2016-12-09 13:26:40,Donald,Payne,Donald's Dispatch: Protecting Our Communities and First Responders,0.028648383915424347,0.6992420554161072,,0.02485058456659317,0.025250699371099472,0.19813336431980133,
2016-12-09 16:13:20,Nancy,Pelosi,Hands off Our Medicare,,0.002543580485507846,0.00193617376498878,0.034096669405698776,0.025165125727653503,0.93381667137146,
2016-12-09 16:13:20,Betty,McCollum,McCollum News: Opposing Republican Power Grab on Continuing Resolution,,0.3825884461402893,,0.28333142399787903,0.07941379398107529,0.06198130548000336,0.14956170320510864
2016-12-09 16:13:20,Daniel,Lipinski,Congressman Lipinski's Legislative Update - December 2016 ,,0.24812379479408264,,0.09823786467313766,0.5198554992675781,0.07410291582345963,0.0337599441409111
2016-12-09 16:13:20,Emanuel,Cleaver,EC from DC: The Golden Rule,,0.5031578540802002,,0.009078044444322586,0.25553789734840393,0.035507772117853165,0.1901993453502655
2016-12-09 19:00:00,Joe,Courtney,Remembering Pearl Harbor,0.04251876100897789,0.17397484183311462,0.14757490158081055,0.3845846951007843,,0.2245243936777115,
2016-12-09 19:00:00,Michael,Capuano,E-Update Rep. Capuano,,0.8735924959182739,0.03772672638297081,0.030755899846553802,0.02594170905649662,0.011957709677517414,
2016-12-09 19:00:00,Janice,Schakowsky,Obamacare open enrollment and attacks on Medicare,0.19920451939105988,0.7252659201622009,0.02462358959019184,,0.024245891720056534,0.015251043252646923,
2016-12-09 19:00:00,Steve,Cohen,Ensuring the Safety of Our Children,0.13436801731586456,0.25316375494003296,0.043620601296424866,0.3295786678791046,,0.22574672102928162,
2016-12-09 21:46:40,Collin,Peterson,Rep. Peterson's Newsletter 12/9/2016,0.09318901598453522,0.7800912857055664,0.026612645015120506,0.05571353808045387,,0.034144893288612366,
2016-12-09 21:46:40,Gregorio,Sablan,"This Week in Congress - Friday, December 9, 2016",0.06742752343416214,0.6861075758934021,0.13034380972385406,0.07046860456466675,0.03539038822054863,,
2016-12-10 11:40:00,Henry,Cuellar,Congressman Henry Cuellar's Congressional Report for December 10,0.1876477599143982,0.7441499829292297,0.03506394848227501,,0.012734626419842243,0.007533067371696234,
2016-12-10 11:40:00,Jackie,Speier,"Jackie's Reading Picks for December 9th, 2016",0.19638514518737793,0.3122256100177765,0.0995081439614296,0.3708708882331848,,0.01066951546818018,
2016-12-10 11:40:00,Beto,O’Rourke,The latest in El Paso and Washington ,0.023034021258354187,0.8812822103500366,0.021289819851517677,,0.012746741995215416,0.050289470702409744,
2016-12-11 09:53:20,Joaquin,Castro,Capitol Hill Update from Congressman Castro,0.012881048955023289,0.12606847286224365,0.02339276671409607,0.7516499161720276,,0.07981372624635696,
2016-12-11 12:40:00,Diana,DeGette,"Bringing Cures to the Finish Line, Raising Questions About the EPA",0.5175123810768127,0.13057586550712585,0.026689060032367706,0.284462034702301,,0.029394397512078285,
2016-12-11 15:26:40,Pete,Aguilar,Join me tomorrow?,0.01327271107584238,0.6919074654579163,0.05654771998524666,0.19528770446777344,,0.031645599752664566,
2016-12-12 13:40:00,Jerrold,Nadler,Congressman Nadler Hosting Town Hall Meeting December 19th,0.01976039446890354,0.8956418037414551,0.045822277665138245,0.02715207077562809,,0.006337310653179884,
2016-12-12 16:26:40,Derek,Kilmer,Hustle to the Holidays,0.663276195526123,0.2885974645614624,0.02648591622710228,0.011147272773087025,0.004485824145376682,,
2016-12-12 16:26:40,Mark,Pocan,Pocan Post: Meeting the Challenges of a Trump Presidency,0.029313474893569946,0.5280687212944031,,0.32205384969711304,0.02699635736644268,0.07248707115650177,
2016-12-12 16:26:40,Richard,Nolan,Rebuilding our infrastructure with American steel,0.36863866448402405,0.533805787563324,0.03867468982934952,0.02190137654542923,,0.028755325824022293,
2016-12-12 19:13:20,Steve,Israel,It Has Been A Privilege to Serve You and Our Veterans,0.15773585438728333,0.5988931059837341,,0.16465961933135986,0.015987640246748924,,0.03995872288942337
2016-12-12 19:13:20,Betty,McCollum,Special Message: Defending Our Democracy From Russian Attacks,,0.006776582449674606,,0.0020875839982181787,0.9671546220779419,0.015185440890491009,0.00702853687107563
2016-12-13 11:53:20,Jim,Cooper,"Top 10 at 10: Tuesday, December 13",0.019517239183187485,0.9075449109077454,0.0470472127199173,0.017214903607964516,,0.0035569213796406984,
2016-12-13 11:53:20,Paul,Tonko,"Federal Grant Opportunities - December 13, 2016",,0.9107801914215088,0.03186113387346268,0.03528454899787903,0.00677080312743783,0.006459925789386034,
2016-12-13 14:40:00,Carolyn,Maloney,Updates for NY-12 as We Conclude the 114th Congress,0.1574726402759552,0.6982963681221008,0.044524844735860825,0.08050511032342911,,0.008317427709698677,
2016-12-13 17:26:40,Alan,Lowenthal,"Rep. Lowenthal eNewsletter 'The 47th Flyer' - Dec. 13 - EPA Pick, Water Bill, Bixby Knolls Post Office",0.06622614711523056,0.5836698412895203,,0.15710429847240448,0.12137389183044434,0.04261202737689018,
2016-12-14 10:06:40,Jim,Cooper,"Top 10 at 10: Wednesday, December 14",,0.4763714671134949,0.041967522352933884,0.20307807624340057,0.019856829196214676,0.2370445877313614,
2016-12-14 10:06:40,James,Himes,Honoring Sandy Hook with Action,,0.030408618971705437,0.004001290537416935,0.9518399238586426,,0.005711681675165892,0.003684441791847348
2016-12-14 12:53:20,Brian,Higgins,All Aboard!,,0.1766945719718933,0.23645059764385223,0.11959347873926163,,0.2783168852329254,0.0971142053604126
2016-12-14 15:40:00,John,Lewis,5th Congressional District Meet & Greet NEXT TUESDAY,0.727910041809082,0.22596991062164307,0.02786562219262123,0.00571497343480587,0.0057940250262618065,,
2016-12-14 18:26:40,Xavier,Becerra,Sign up: Upcoming Telephone Town Hall (12/15 @ 6:05pm),0.01585286855697632,0.8541075587272644,0.06012839451432228,0.049023840576410294,,0.011735235340893269,
2016-12-15 11:06:40,Kyrsten,Sinema,December Monthly Newsletter,0.02228163555264473,0.1950862556695938,0.03159100189805031,0.7364431023597717,,0.008893536403775215,
2016-12-15 11:06:40,Jim,Cooper,"Top 10 at 10: Thursday, December 15",0.01186441071331501,0.6789774298667908,0.022830476984381676,0.028408734127879143,,0.24255222082138062,
2016-12-15 13:53:20,Donald,Beyer,Just the Facts,,0.8326137065887451,,0.02319827862083912,0.07483990490436554,0.01928899809718132,0.035699568688869476
2016-12-15 16:40:00,Xavier,Becerra,REMINDER: Join Me For My Last Telephone Town Hall @ 6:05pm,0.01483909972012043,0.8219090700149536,0.060430459678173065,0.07888710498809814,,0.013743767514824867,
2016-12-15 16:40:00,David,Cicilline,Presidential Tax Disclosure,,0.2360931634902954,,0.010808057151734829,0.09175539761781693,0.011094566434621811,0.6456697583198547
2016-12-15 16:40:00,Kathy,Castor,2016 Report: Good News for Tampa Bay families and businesses,0.45461130142211914,0.4857911169528961,0.03206564113497734,0.013295249082148075,0.008525638841092587,,
2016-12-15 16:40:00,Brenda,Lawrence,You're invited! End of Year Open House & Congressional Update 12/19,0.00496671861037612,0.9354715347290039,0.040452685207128525,0.008954605087637901,0.005100498907268047,,
2016-12-16 09:20:00,Lois,Capps,A Great Privilege,0.548003613948822,0.2633035480976105,0.10481458902359009,0.06753277033567429,,0.010358811356127262,
2016-12-16 12:06:40,Jim,Cooper,"Top 10 at 10: Friday, December 16",0.009275436401367188,0.9068013429641724,0.05450177937746048,0.01136905886232853,,0.009910942986607552,
2016-12-16 14:53:20,Alma,Adams,Welcome Reception for the 115th Congress,0.8647681474685669,0.07803638279438019,0.043202709406614304,0.005917410831898451,,0.003519805846735835,
2016-12-16 14:53:20,Daniel,Lipinski,Rep. Lipinski E-Newsletter Update December 2016,,0.023076476529240608,0.017422256991267204,0.18148910999298096,,0.764552652835846,0.006603658199310303
2016-12-16 17:40:00,Henry,Johnson,"Congressman Hank Johnson's E-Newsletter for December 16, 2016",,0.17610926926136017,0.011761592701077461,0.03518783673644066,0.11810927093029022,0.646894097328186,
2016-12-16 17:40:00,Eleanor,Norton,Congresswoman Norton's 2016 End-of-the-Year Newsletter,0.11030049622058868,0.8381631374359131,0.03818760812282562,0.005760382395237684,0.004718598444014788,,
2016-12-16 17:40:00,Brad,Sherman,Sherman Bringing Justice to Wells Fargo Victims,,0.7722669839859009,,0.03728736937046051,0.06139463186264038,0.09569456428289413,0.01576845906674862
2016-12-16 17:40:00,Joe,Courtney,My week in eastern Connecticut,0.80415940284729,0.1119527593255043,0.05604305863380432,0.020897291600704193,0.0028395443223416805,,
2016-12-16 17:40:00,Seth,Moulton,My Faster Care for Vets Bill Was Signed into Law,0.0386531725525856,0.8374001383781433,0.04280969128012657,0.06553545594215393,0.008730311878025532,,
2016-12-16 17:40:00,Ann,Kuster,Giving back this holiday season,0.6266745328903198,0.33287733793258667,0.022917577996850014,0.005923343822360039,0.005568949971348047,,
2016-12-16 17:40:00,Nancy,Pelosi,Assault on Democracy,0.0014387578703463078,,0.0010904973605647683,0.0014527497114613652,0.0045826854184269905,0.990222692489624,
2016-12-16 20:26:40,Steve,Cohen,Supporting Memphis Women and Minority-Owned Businesses,0.3947681784629822,0.5000427961349487,0.06800343841314316,0.021317847073078156,0.006360865663737059,,
2016-12-16 20:26:40,Collin,Peterson,Rep. Peterson's Newsletter 12/16/2016,0.16900627315044403,0.29161927103996277,0.5210312008857727,0.00437422189861536,,0.00697416951879859,
2016-12-16 23:13:20,Gregorio,Sablan,"This Week in Congress - Friday, December 16, 2016",0.2882291376590729,0.27704304456710815,0.12507525086402893,0.2544249892234802,0.03976193070411682,,
2016-12-17 10:20:00,Henry,Cuellar,Congressman Henry Cuellar's Congressional Report for December 17,0.10437361896038055,0.7787529826164246,0.039891332387924194,0.010524068959057331,,0.05447208881378174,
2016-12-18 14:06:40,Joaquin,Castro,Capitol Hill Update from Congressman Castro,,0.3288322687149048,0.024017654359340668,0.10207236558198929,,0.15338121354579926,0.3693348169326782
2016-12-19 09:33:20,Joyce,Beatty,RSVP to my December 30th Ceremonial Swearing-in,0.015940900892019272,0.9028319716453552,0.05357665568590164,0.014546290040016174,,0.006254899315536022,
2016-12-19 12:20:00,Jim,Cooper,"Top 10 at 10: Monday, December 19",,0.49999284744262695,0.056883227080106735,0.39136117696762085,,0.031321123242378235,0.0072329374961555
2016-12-19 12:20:00,Jackie,Speier,"Jackie's Reading Picks for December 19th, 2016",0.0174219012260437,0.06209190562367439,0.02113504335284233,0.007343575358390808,,0.8835853338241577,
2016-12-19 15:06:40,Linda,Sánchez,Latest from Linda,0.017289068549871445,0.05544182285666466,0.00792942475527525,0.005658288020640612,,0.9088786244392395,
2016-12-19 15:06:40,Eric,Swalwell,As 2016 draws to a close...,0.022446364164352417,0.5200501084327698,,0.014364550821483135,0.016200046986341476,0.41281136870384216,
2016-12-19 15:06:40,Richard,Nolan,Range gets punch in the gut from DC bureaucrats,,0.05801946669816971,0.6971262693405151,0.08131744712591171,0.09557431191205978,,0.03580056130886078
2016-12-19 15:06:40,Ami,Bera,Want to hear from you:,0.144326314330101,0.7302623391151428,0.02928384579718113,0.07787446677684784,,0.007571092341095209,
2016-12-19 15:06:40,Eric,Swalwell,As 2016 draws to a close...,0.022446364164352417,0.5200501084327698,,0.014364550821483135,0.016200046986341476,0.41281136870384216,
2016-12-19 17:53:20,Juan,Vargas,Responding to your message,0.7117084264755249,0.16885150969028473,,0.04203302413225174,0.022345462813973427,0.035862863063812256,
2016-12-19 20:40:00,Adam,Smith,January and February Mobile Office Hours,0.0055623441003263,0.21594321727752686,0.011372992768883705,0.009615122340619564,,0.7503781318664551,
2016-12-19 20:40:00,Eleanor,Norton,"e-Newsletter-Monday, December 19, 2016",0.15182620286941528,0.4209286868572235,,0.14219427108764648,0.03266642615199089,0.2168482393026352,
2016-12-20 07:46:40,Donald,Payne,"Happy Holidays, from Congressman Payne, Jr.",0.8550506830215454,0.0909143015742302,0.04015842080116272,0.00878173764795065,0.002725483849644661,,
2016-12-20 07:46:40,Tammy,Duckworth,Thank You,0.9362678527832031,0.03460143506526947,0.0191186610609293,0.006095264572650194,0.0018713492900133133,,
2016-12-20 07:46:40,Timothy,Walz,Rep. Tim Walz's 2016 Year-End E-Newsletter,0.1369646042585373,0.6464065909385681,0.04331250488758087,0.06430108100175858,,0.09031935781240463,
2016-12-20 10:33:20,Patrick,Murphy,Honored to Serve,0.09995749592781067,0.8474382162094116,0.01629168912768364,0.018529178574681282,,0.006920828018337488,
2016-12-20 13:20:00,Ed,Perlmutter,"Excited, anxious or concerned?",0.003358134999871254,0.007270553149282932,0.007074793800711632,,0.004883951973170042,0.974122941493988,
2016-12-20 13:20:00,Donald,Norcross,News From New Jersey's First Congressional District 7118469,0.15467000007629395,0.7381763458251953,0.07313406467437744,0.023205844685435295,0.005499727092683315,,
2016-12-20 18:53:20,Elizabeth,Esty,Highlights from 2016,0.008452593348920345,0.08275675773620605,0.005426161922514439,0.00426076166331768,,0.8944856524467468,
2016-12-21 08:46:40,Nita,Lowey,News from Nita: Keeping our Roads and Bridges Safe,0.031185032799839973,0.07627980411052704,,0.0203898623585701,0.217493936419487,0.626554548740387,
2016-12-21 08:46:40,Niki,Tsongas,Happy Holidays!,0.6963552236557007,0.22810138761997223,0.026389049366116524,0.0409109890460968,0.0040713404305279255,,
2016-12-21 11:33:20,Jared,Huffman,As the year wraps up...,0.2678510546684265,0.44119173288345337,0.025162210687994957,,0.24228496849536896,,0.010706735774874687
2016-12-21 11:33:20,Peter,Welch,Highlights from the House,0.34069162607192993,0.33798766136169434,0.05832841992378235,0.22629249095916748,,0.027060188353061676,
2016-12-21 14:20:00,Adam,Smith,Congressman Adam Smith's December Newsletter,0.5518558025360107,0.3615313470363617,0.023441243916749954,0.042968183755874634,0.010251323692500591,,
2016-12-21 14:20:00,Joyce,Beatty,RSVP to the 2017 Inauguration Ticket Drawing,0.009601693600416183,0.9390808343887329,0.03194526955485344,0.008747182786464691,0.004816974047571421,,
2016-12-21 14:20:00,Steve,Cohen,Have a Safe and Happy Holiday Season!,0.23089542984962463,0.685214102268219,0.023752639070153236,0.027639217674732208,0.02160303108394146,,
2016-12-21 14:20:00,Cheri,Bustos,2016 Year in Review,0.10397966206073761,0.8106915354728699,,0.02727237157523632,0.029561078175902367,0.013823791407048702,
2016-12-21 19:53:20,Collin,Peterson,Happy Holidays from Rep. Peterson,0.6689366698265076,0.2222636342048645,0.08489120751619339,0.01571924053132534,0.004950087051838636,,
2016-12-21 22:40:00,Katherine,Clark,A Look Back at 2016,0.02939813956618309,0.9159072637557983,0.018107770010828972,0.020739512518048286,,0.009709673933684826,
2016-12-22 09:46:40,Alma,Adams,2016 End of the Year Newsletter ,0.6855100989341736,0.26778900623321533,0.024898329749703407,0.01283329725265503,0.0034535841550678015,,
2016-12-22 12:33:20,Tony,Cárdenas,Having Each Other's Backs,0.7515791058540344,0.19605860114097595,0.035763707011938095,0.008433504030108452,0.003600785741582513,,
2016-12-22 12:33:20,Doris,Matsui,Hearing DREAMers' Stories ,0.710910439491272,0.24008558690547943,0.024881277233362198,0.006705255713313818,,0.009051982313394547,
2016-12-22 12:33:20,Brad,Sherman,Sherman Announces Natural Gas Storage Regulations,,0.6668499112129211,,0.04554160311818123,0.08335667848587036,0.16115933656692505,0.025115666911005974
2016-12-22 12:33:20,Michael,Doyle,Important Information from Congressman Doyle,0.3765804171562195,0.4091895818710327,0.03565317764878273,0.11883174628019333,0.03038967214524746,,
2016-12-22 15:20:00,Sean,Maloney,Report,0.005516095086932182,0.057741813361644745,0.0028327538166195154,0.006018570624291897,,0.9242351651191711,
2016-12-22 15:20:00,Emanuel,Cleaver,EC from DC: An Eventful Year,0.24543172121047974,0.38371163606643677,0.19690342247486115,0.11084642261266708,,0.04944852739572525,
2016-12-22 18:06:40,Gwen,Moore,Happy Holidays!,0.8807475566864014,0.07775353640317917,0.022485855966806412,0.012480366975069046,0.0036647904198616743,,
2016-12-22 18:06:40,Joe,Courtney,An end of the year boost to Connecticut's economy,0.5887085199356079,0.29481494426727295,0.07038591057062149,0.009836757555603981,,0.02598934806883335,
2016-12-22 20:53:20,Denny,Heck,Checking in,0.26680704951286316,0.6705206036567688,0.031110800802707672,0.018626393750309944,0.005727163050323725,,
2016-12-22 23:40:00,Collin,Peterson,Rep. Peterson's Newsletter 12/22/2016,0.5244202017784119,0.2911156415939331,0.09956859797239304,0.07689623534679413,0.003946036100387573,,
2016-12-23 08:00:00,Ann,Kuster,The spirit of the holiday season,0.654352068901062,0.2531432509422302,0.031025981530547142,0.05276786908507347,0.004093504510819912,,
2016-12-23 08:00:00,David,Loebsack,Always Working For Iowans,0.04528927057981491,0.5893933773040771,0.02725888602435589,0.2718404233455658,,0.052558135241270065,
2016-12-23 10:46:40,Joyce,Beatty,The Beatty Bulletin - Winter 2016,0.09144579619169235,0.8478787541389465,0.02033821865916252,0.01589648425579071,,0.009694716893136501,
2016-12-23 13:33:20,Jim,Costa,Two-Year Report: Serving the People of the San Joaquin Valley,0.040217723697423935,0.6266728639602661,0.16204923391342163,0.1539250761270523,0.006595826707780361,,
2016-12-23 13:33:20,Mike,Quigley,Wishing the Fifth District a Happy Holiday Season ,0.9248760342597961,0.032631631940603256,0.02670818567276001,0.012942416593432426,0.0015064198523759842,,
2016-12-23 13:33:20,Frank,Pallone,21st Century Cures ,0.13471829891204834,0.7563585042953491,0.014662052504718304,0.06490293145179749,,,0.012040008790791035
2016-12-23 13:33:20,David,Cicilline,Happy Holidays,0.8167595863342285,0.13711242377758026,0.03358732908964157,0.005249687470495701,0.004316693637520075,,
2016-12-23 16:20:00,Marcia,Fudge,Wishing You a Wonderful Holiday Season...,0.6251686811447144,0.33573541045188904,0.015774991363286972,0.006926905829459429,0.009180134162306786,,
2016-12-23 16:20:00,Nancy,Pelosi,Peaceful Holidays,0.1224781945347786,0.0817425549030304,,0.7662948369979858,,0.019876686856150627,0.0038130022585392
2016-12-23 16:20:00,Derek,Kilmer,Happy Holidays!,0.8994120955467224,0.042970966547727585,0.026892395690083504,0.026840949431061745,0.001634080777876079,,
2016-12-23 19:06:40,Gregorio,Sablan,"This Week in Congress - Friday, December 23, 2016",0.3271230459213257,0.46420013904571533,0.07205788046121597,0.042661670595407486,0.06647446006536484,,
2016-12-23 21:53:20,Suzan,DelBene,A quick update,,0.08220500499010086,0.0055088624358177185,0.08410302549600601,0.004545658826828003,0.8156010508537292,
2016-12-24 09:00:00,Filemon,Vela,A Special Update from Congressman Filemon Vela ,0.05171603336930275,0.8613325953483582,0.021733000874519348,0.024512842297554016,,0.028253821656107903,
2016-12-24 09:00:00,Alma,Adams,Happy Holidays!,0.8426106572151184,0.078912153840065,0.06123298779129982,0.0131980050355196,0.0024520442821085453,,
2016-12-24 11:46:40,Henry,Cuellar,Congressman Henry Cuellar's Congressional Report for December 24,0.9007638096809387,0.07266638427972794,0.014635249972343445,0.005976690910756588,0.0027546733617782593,,
2016-12-24 11:46:40,Jackie,Speier,"Jackie's Reading Picks for December 24th, 2016",0.933746874332428,0.04435547813773155,0.012015449814498425,0.0030496420804411173,0.003502086503431201,,
2016-12-26 11:00:00,Richard,Nolan,At your service,0.21132883429527283,0.3677143454551697,0.029554622247815132,0.37777867913246155,,,0.006143167614936829
2016-12-26 13:46:40,André,Carson,Thanks for a great 2016!,0.21824736893177032,0.7134010195732117,0.04496556892991066,0.00911689642816782,0.007007209584116936,,
2016-12-27 17:33:20,Eleanor,Norton,"e-Newsletter-Tuesday, December 27, 2016",0.06353940814733505,0.4030511975288391,,0.16125711798667908,0.14192511141300201,0.18873102962970734,
2016-12-28 10:13:20,Daniel,Lipinski,Congressman Lipinski Legislative Update II- December 2016,0.05393389239907265,0.8949195742607117,0.02060908079147339,0.01460982020944357,0.006523518823087215,,
2016-12-28 13:00:00,Joyce,Beatty,TWO DAYS AWAY: RSVP now for the December 30th Ceremonial Swearing-in,0.04297482967376709,0.8260526657104492,0.10553441941738129,0.014711164869368076,0.00637879129499197,,
2016-12-28 13:00:00,Julia,Brownley,Our Accomplishments in the 114th Congress and the Work Ahead,0.32974427938461304,0.6032962203025818,0.03846108168363571,0.016342943534255028,0.00501639349386096,,
2016-12-29 11:13:20,Joyce,Beatty,Join Congresswoman Beatty for a 115th Congress Swearing-in Open House on January 3rd,0.019479213282465935,0.8892026543617249,0.06715485453605652,0.012729705311357975,,0.005633211694657803,
2016-12-29 11:13:20,Elijah,Cummings,Year in review,0.1117759495973587,0.834848940372467,0.022632017731666565,0.010818119160830975,,0.008642969653010368,
2016-12-29 11:13:20,Marc,Veasey,Marc's Memo - December 2016 Updates,0.03131507337093353,0.6381926536560059,0.049383558332920074,0.26678282022476196,0.006240257062017918,,
2016-12-30 06:40:00,Grace,Meng,Looking Forward to the New Year,0.5171404480934143,0.43899884819984436,0.026186497882008553,0.006782597862184048,0.00603156303986907,,
2016-12-30 09:26:40,Marc,Veasey,Veasey's 114th Congressional Efforts in Review,0.009256194345653057,0.9394322633743286,0.01867011934518814,0.019301049411296844,0.005973672494292259,,
2016-12-30 15:00:00,Frank,Pallone,Happy New Year ,0.699654757976532,0.16736695170402527,0.016605325043201447,0.07276418805122375,,0.035939306020736694,
2016-12-30 15:00:00,Brendan,Boyle,I am proud to serve you,0.35683658719062805,0.30203941464424133,0.017056571319699287,0.28800541162490845,0.015078442171216011,,
2016-12-30 17:46:40,Nancy,Pelosi,Goodbye 2016,0.19370760023593903,0.5724926590919495,,0.05273474380373955,0.08524877578020096,0.058618322014808655,
2016-12-30 23:20:00,Gregorio,Sablan,"This Week in Congress - Friday, December 30, 2016",0.5305940508842468,0.28501269221305847,0.13917870819568634,0.028289861977100372,0.013465751893818378,,
