,Subject,Body,Unix Timestamp,BioGuide ID,Congress,First Name,Last Name,Date of Birth,Gender,State,District,Party,Chamber,Nickname,ID,datetime,election integrity_score,voter fraud_score,voter id_score,election reform_score,voter verification_score,ballot security_score,election security_score,mail-in voting concerns_score,voter suppression_score,election audits_score,American elections_score,proof of citizenship_score,election interference_score,foreign interference_score,paper ballots_score,voting machines_score,cybersecurity_score
0,Taking Border Security Seriously," Ensuring American Voters in American Elections Last month, a new report from the Texas Secretary of State showed 95,000 non-citizens were registered, with 58,000 having casts ballots since 1996. While last year, the California DMV acknowledged 1,500 people were ""registered to vote in error."" In Ohio alone, a 2017 report details 821 non-citizens having registered, with 126 casting ballots. In 2018, the Franklin County Prosecutor indicted seven for illegal voting. That's why I introduced legislation to prevent foreign nationals from illegally registering to vote. The Ensuring American Voters Act will require proof of citizenship at the beginning of the voter registration process. Voting is a fundamental responsibility for American citizens, who are the only people that should determine our nation's elections. Our election systems require security from start to finish, from voter registration to results tabulation. Unfortunately, there are gaps, resulting in thousands of non-citizens registering and illegally voting in American elections. We can help close one of these gaps by requiring proof of citizenship at the time someone registers to vote. That is what the Ensuring American Voters Act does. In Ohio alone, nearly 200 recent races were tied or decided by just one vote. Whether it is one vote or thousands, illegal voting dilutes the power of American citizens and can affect the outcome of elections. Taking Border Security Seriously Last week Congress passed a funding bill that provides the resources necessary to jumpstart the process of making our southern border secure. With funding for new barriers, enhanced detection technologies, and more immigration court judges, we are taking the next steps to get the illegal immigration crisis under control. Sadly, it is still not enough. It is clear Congressional Democrats will do everything in their power to obstruct the President's efforts to stop illegal immigration and the humanitarian catastrophes it invites. An unsecured border is a national emergency and should be treated as such. I will continue working with President Trump to strengthen American border security. Recognizing Tuscarawas County Sheriff's Achievements Tuscarawas County Sheriff Orvis Campbell was recognized by the Ohio Prosecuting Attorneys Association as the 2018 Outstanding Peace Officer. Sheriff Campbell's efforts in a 2016 abduction and attempted murder case inspired County Prosecutor Ryan Styer to nominate him. I am proud to honor his achievement and his commitment to keeping the people of Tuscarawas County safe! Washington, DC 2446 Rayburn HOB Washington, DC 20515 Phone: (202) 225-6265 Ashland District Office 110 Cottage Street Ashland, OH 44805 Phone: (419) 207-0650 Canton District Office 110 Central Plaza South Canton, OH 44702 Phone: (330) 737-1631   | Privacy Policy News from Representative Bob Gibbs Click here to open this e-mail in its own browser window Click here to open a plain text version of this email Click here to forward this email ",1550420000000.0,G000563,116,Bob,Gibbs,6/14/54,M,OH,7.0,Republican,House,,159017,2019-02-17 16:13:20,,,,,0.56886196,,,,,,,,,,,,
1,"Congressman Hank Johnson's E-Newsletter for March 8, 2019"," This week, I supported H.R. 1, The For the People Act, a historic reform package that restores the promise of our nation's democracy, ends the culture of corruption in Washington, and reduces the role of money in politics to return the power back to the American people. This groundbreaking bill was introduced at the start of the Democratic-controlled 116th Congress by Rep. John Sarbanes (D-MD) and has 236 Democratic cosponsors, including me. For years, Americans' access to the ballot box has been under attack. Since 2010, 25 states - including Georgia - have enacted significant restrictions on voting, including 14 with restrictive voter ID laws, 12 with new restrictions on registration and seven shortening or eliminating early voting. Millions of voters have been removed from voter rolls across the country - at higher rates in the states that were formerly subject to the Voting Rights Act's preclearance provisions - and polling stations have been closed at an accelerated rate. For more, click HERE . FY2020 APPROPRIATIONS : For all county and city governments, non-profits, schools and universities and other organizations who wish to make an appropriation request for fiscal year 2020, I now have a streamlined process to apply online. For more information, contact my Legislative Director Jacqui Kappler at @ or to fill out our online request form, click HERE . RESTORING ACCOUNTABILITY : On Feb. 28, I was joined by U.S. Sen. Richard Blumenthal (D-CT) to introduce the FAIR Act: The Forced Arbitration Injustice Repeal Act, which would increase Americans' rights to seek justice and accountability through the court system. The bill would eliminate forced arbitration clauses in employment, consumer, and civil rights cases, and would allow consumers and workers to agree to arbitration after a dispute occurs. Americans are unknowingly ceding their rights when they enter contracts to buy a home or a cell phone, place a loved one in a nursing home, or start a new job. We must fight to defend our rights and re-empower consumers. For more, click HERE . APP CHALLENGE : On March 1, I celebrated the winners of my fourth-annual Congressional App Challenge at Rockdale Magnet School of Science and Technology (RMSST) in Conyers. Every student put their all into it but this year RMSST serves as the number one school with the top app developers in the Fourth Congressional District. Technology, innovation and data are the foundation of the economic future of this country. For more, click HERE . KIDS & DENTAL HEALTH : I was honored to serve as keynote speaker for the 14th Annual Dental Quiz Bowl Competition, where I joined health officials, teachers and parents from across DeKalb County to recognize talented elementary school students. Hosted at the DeKalb County Board of Health's Winn Way office, the competition was a day full of celebrating the importance of oral health. For more, click HERE . IMMIGRANTS & REFUGEES : Immigrants, refugees, Dreamers and TPS (Temporary Protected Status) holders are our friends, neighbors, colleagues and family. Nearly one in 10 Georgians was born in a country other than the U.S., and immigrants make our state stronger. We know that immigrants are already powering major sectors of our state's economy, driving innovation, creating American jobs, and boosting economic growth. That's why I was proud to host Dreamers and TPS recipients to my D.C. office this week and hold groups like the Center for Immigration Studies accountable for its ties to white supremacy. For more, click HERE . TELEPHONE TOWN HALL : I will be holding a telephone town hall on Wednesday, March 20 from 6:30-7:30 PM. The event will be live via your phone or you can stream in online at . We will have more information and links to sign up soon. I look forward to hearing from you. U.S. CENSUS: BE COUNTED : The 2020 Census is fast approaching. Correspondence from the United States Census will be in your mailbox beginning next week. It is important that we all participate. Our founders thought it was so important they mandated it as part of the U.S. Constitution. The Census is about representation. For more, click HERE . AARP TAX HELP : As you know, it is tax season. The AARP Georgia wants to remind you about the AARP Foundation's Tax-Aide, a volunteer-led program that assists taxpayers with tax preparation and e-filing. AARP Foundation's Tax-Aide programs are available free to taxpayers with low- and moderate-income with special attention to those 50 and older. For more, click HERE . FOR YOUR/MORE INFORMATION: Housing Help | Jobs Center | Healthcare | Small Businesses | Seniors | Students | Veterans | Help with a Federal Agency | Opioid Resource Guide As always, I appreciate your time and feedback. Please remember you can reach me on Facebook, Twitter and Instagram as well as e-mails, phone calls and letters. Thank you for allowing me the opportunity to represent you in Congress. Washington, DC Office Decatur Office 2240 Rayburn HOB Washington, DC 20515 Phone: (202) 225-1605 | Fax: (202) 226-0691 5240 Snapfinger Park Drive Suite 140 Decatur, GA 30035 Phone: (770) 987-2291 | Fax: (770) 987-8721 Subscribe |   | Privacy Policy | Contact Us | ",1552060000000.0,J000288,116,Henry,Johnson,10/2/54,M,GA,4.0,Democrat,House,Hank,158505,2019-03-08 15:46:40,,,,,,,,,0.5676992,,,,,,,,
2,Federalizing Elections," Federalizing Elections News from Representative Crawford Federalizing Elections One of the most sacred rituals of being an American is the freedom we enjoy in the voting booth. Our voice and our vote are inherently protected through the design of the Founding Fathers' electoral system, and we are secured through the authority of states and counties in federal elections. Yet, many of my colleagues are voting to take this authority into their own hands through the sweeping regulations in H.R. 1. While there are certainly aspects of our voting system that could be improved, the answer is not to take the control away from the people. Instead we should be empowering the people to make improvements for themselves. The state of Arkansas provides ample opportunity for voters to get to the polls for local, state, and federal elections through practices like early voting and absentee voting. We want to ensure that all registered voters have a chance to cast their ballot. By creating unnecessary mandates about who can vote, where they can vote, and when they can vote, the federal government is taking away a founding pillar of our democracy. While the authors of H.R. 1 would like to paint the bill as one that protects the people, it only creates a significantly more vulnerable electoral process by taking it out of the hands of the people. It reshapes the identity of Election Day into a one size fits all mold. It claims to create greater barriers against election fraud but does not name or prosecute this fraud in any way. The federal government plays a vital but limited role in ensuring a secure and free election system in America. It is our job as lawmakers to work with local governments and private citizens to that end, instead of perpetrating a massive takeover of democracy. FAQ (What folks have been calling/texting my office about this week) Q: Why did you vote against the House resolution condemning hate? A: If Democrat Leaders wanted to specifically address anti-Semitism and a member of their conference who has repeatedly made anti-Semitic comments, this resolution failed in nearly every way hurried bill, that went through multiple iterations, simply did more to diminish that member's hateful, ongoing rhetoric and further insult those who her comments have targeted. You can text me legislative concerns or questions at 870-292-6747 The Daily Caller 'A SPINELESS, WATERED DOWN SHAME': REPUBLICANS BLAST 'SHAM' ANTI-HATE RESOLUTION A resolution condemning hatred in all forms passed the House Thursday, but 23 Republicans voted against it, calling it ""watered down"" and ""a sham."" H.R. 183 was originally intended as a reprimand for a series of anti-Semitic comments from freshman Democratic Minnesota Rep. Ilhan Omar, but it never named her specifically and was broadened before the final vote to include hatred against a number of other groups. Northwest Arkansas Democrat-Gazette House vote condemns anti-Semitism Republicans generally joined in the favorable vote, though nearly two-dozen opposed the measure. Rep. Rick Crawford was the only House member from Arkansas to vote against the resolution. He believed the resolution should have named Omar and condemned her remarks, said his spokesman, Sara Robertson. A resolution condemning white supremacy, which Crawford supported earlier this year, had singled out Rep. Steve King, R-Iowa, after King made an inflammatory statement, she noted. KAIT 8 - Brookland Elementary School student's wish came true TB&P - Downtown Jonesboro Association accepting grant requests THV11 - Stuttgart duck call shop reopens after fire 3 years ago KAIT 8 - Students step into the field of robotics H.R. 1381 - Burn Pit Registry Enhancement Act - Yea OFFICE LOCATIONS WASHINGTON, DC 2422 Rayburn HOB Washington, DC 20515 Phone: (202) 225-4076 CABOT, AR 112 S. 1st Cabot, AR 72023 Phone: (501) 843-3043 Fax: (501) 843-4955 DUMAS, AR 101 E. Waterman St. Dumas, AR 71639 Phone: (501) 843-3043 JONESBORO, AR 2400 Highland Dr Suite 300 Jonesboro, AR 72401 Phone: (870) 203-0540 Fax: (870) 203-0542 MOUNTAIN HOME, AR 1001 Highway 62 E Suite 9 Mountain Home, AR 72653 Phone: (870) 424-2075 Fax: (870) 424-3149 In order to improve constituent services provided through all my district offices, it is recommended you first call the appropriate district office to make an appointment.   | Privacy Policy Burn Pit Registry Enhancement Act Burn Pit Registry Enhancement Act Click Here to view this email in your browser Click Here to be removed from this list ",1552120000000.0,C001087,116,Eric,Crawford,1/22/66,M,AR,1.0,Republican,House,Rick,158412,2019-03-09 08:26:40,,,,,,0.57054186,,,,,,,,,,,
3,An Explanation of H.R. 1,"Congresswoman Kay Granger, Representing the 12th District of Texas Dear Friends-- Last week, House Democrats passed H.R. 1, legislation masked as voter and election reform. Unfortunately, what you won't hear in the news is that included in this bill are some of the most dangerous and unconstitutional changes to our election system that we have ever seen. Although this bill is deceptively named ""For the People Act"", nothing could be further from truth. Our elections are sacred and we must do everything in our power to protect them and keep them safe from foreign governments, criminal individuals and hackers. This legislation does nothing to keep our elections more safe or fair. It is a partisan attempt to change the process to benefit one political party over the other. I'd like to explain a little more about some of these changes and what they could mean to you. Here are just a few of the many provisions within H.R. 1: - Creates a ""one size fits all"" federally mandated approach to our election laws- forcing states to surrender their autonomy - Allows for voter registration with no identification and for online registration; this would open the door to the potential for massive voter fraud schemes at the fingertips of criminals. - The bill would restore voting rights to individuals convicted of a felony, no matter how heinous the crime- potentially allowing those who are convicted of voter fraud and voter intimidation to vote in our elections. - Prevents election officials from verifying voter eligibility - Permits underage voters to register and officials will be unable to determine if they are eligible to vote or not. - Publicly finances elections by creating a 6 to 1 government match. This means that the government is giving your tax money to politicians so they can run more advertisements. - Allows candidates to use campaign contributions on themselves. - Infringes on the free speech rights of Americans and organizations by putting compliance and administrative restrictions on certain groups, citizens and non-profits. This is just a sampling of the things the Democrats have put into this legislation. To learn more about some of the other changes please click here. [link 1] Democrats rushed to get a vote on this reckless piece of legislation and even some of my colleagues across the aisle have expressed concerns with what was included. Serious reforms to our election process deserve a deliberate and thoughtful process, and this bill is the opposite. H.R. 1 is so damaging, that the far left-leaning ACLU opposes it because of concerns it infringes on our basic right of freedom of speech. I do not believe the federal government should tell Texas how our elections should be run. I also do not believe that we should infringe upon our Constitutional rights and give politicians your hard-earned tax dollars to subsidize their lives. This is nothing but an attempt by Democrats to use underhanded tactics to win more elections. * *You sent me to Washington to bring positive change to our community, our state and our nation-- You also sent me to make sure that we work to stop thoughtless and poorly written pieces of legislation like H.R. 1. As always, please feel free to contact our Washington, DC and Fort Worth office with any questions you may have. Sincerely, Kay Granger [image = Member of Congress ---------------------- footnotes ---------------------- [link 1] Website: / Fort Worth Office 1701 River Run Road Suite 407 Fort Worth, TX 76107 Phone: (817) 338-0909 Fax: (817) 335-5852 Hours: M-F 8:30AM - 5:00PM Washington, DC Office 1026 Longworth HOB Washington, DC 20515 Phone: (202) 225-5071 Fax: (202) 225-5683 Hours: M-F 9:00AM - 6:00PM Privacy:  : ",1552390000000.0,G000377,116,Kay,Granger,1/18/43,F,TX,12.0,Republican,House,,158316,2019-03-12 11:26:40,,,,0.57159793,,,,,,,,,,,,,
4,Butterfield Joins Voting Rights Field Hearings," News from Representative Butterfield Click here to open this e-mail in its own browser window Click here to open a plain text version of this email HOME ABOUT MEMBER ABOUT DISTRICT NEWS CONTACT Voting Rights Field Hearings During this past district work period, I joined my colleagues from the House Administration Committee and other House Members in conducting field hearings on voting rights and elections administration around the country. We heard from voters and issue area experts regarding voting rights, elections administration and barriers to exercising the right to vote in North Dakota, North Carolina, and Ohio. We heard deeply disturbing accounts of systematic voter suppression efforts including voter ID laws, closing or moving of voting sites in minority precincts, termination of early voting opportunities, voter roll purges, and other policy changes that disproportionately affect people of color. Section 5 of the Voting Rights Act was suspended by the United States Supreme Court in 2013. As indicated in these field hearings, there is a desperate need to update our voting rights protections so that all Americans have the ability for their voices to be heard through their votes. The information we gained from these hearings will help inform the House Administration Committee and Members of Congress about the current barriers to voting Americans are facing and what Congress should do to ensure every American has equal access to the ballot box. I am outraged by the ongoing voter suppression efforts occurring across the country. We all should be outraged, on both sides of the political aisle, by the efforts to dilute participation in our democracy and to suppress American voices at the ballot box. I look forward to our upcoming voting rights field hearings in Alabama and Florida and continuing the fight in Congress to protect our sacred and solemn right to vote. SHARE WITH A FRIEND | SHARE ON TWITTER | SHARE ON FACEBOOK   | Privacy Policy ",1556720000000.0,B001251,116,George,Butterfield,4/27/47,M,NC,1.0,Democrat,House,G.K.,156683,2019-05-01 14:13:20,,,,,,,,,0.612088,,,,,,,,
5,It's time to secure our elections," Ron Wyden - U.S. Senator for Oregon Dear Prof.  , In 2016, Russia ran a campaign of election tampering and voter suppression against the United States, undermining the democratic will of the American people. Top intelligence leaders and experts are warning us that it's going to happen again, unless we act. Now. Free and fair elections are the bedrock of our democracy, but it's up to the federal government to protect them. Since the attacks on our election in 2016, I have been calling on lawmakers at the local, state and federal levels to end our dependence on faulty technology and voting machines that leave our elections vulnerable. That's why I'm introducing my Protecting American Votes and Elections (PAVE) Act . My bill will require the use of hand-marked paper ballots for all elections, implement risk-limiting audits, and for the first time, mandate strong cyber-security standards for federal elections. These are concrete steps that election security experts agree will help safeguard our elections against hackers and foreign interference. Momentum and support is growing for hand-marked paper ballots and upgrading our election security. No American should have to fear the votes they cast will be tampered with or lost. Protecting our democracy depends on lawmakers across the country taking bold action. I am committed to defending our elections, and I won't stop fighting until Congress passes my bill making paper ballots the law of the land. Sincerely, Ron Wyden Please do not reply to this e-mail. If you would like to send a message to Senator Wyden, click here . If you would like to   from Senator Wyden's newsletter please click here and fill out the   form. ",1557920000000.0,W000779,116,Ron,Wyden,5/3/49,M,OR,,Democrat,Senate,,156191,2019-05-15 11:33:20,0.58344775,,,,,0.6620507,0.6486875,,,,,,,,,,
6,Baldwin Takes Action to Protect American Elections from Foreign Interference," Dear  , To help protect our democracy from foreign interference, Senator Baldwin has joined Senator Ron Wyden (D-OR) in introducing the Protecting American Votes and Elections (PAVE) Act of 2019 - legislation that strengthens election security by mandating hand-marked paper ballots and setting new cybersecurity standards for all federal elections. The bill provides the strongest protection for American elections of any proposal currently before Congress. ""American intelligence officials have made it clear that we face an ongoing threat to our elections from foreign adversaries and hackers. We must take action to protect the integrity of the vote,"" said Senator Baldwin. ""This legislation to require paper ballots and secure our federal elections is a commonsense solution that will strengthen election security and help protect our democracy from foreign interference."" The PAVE Act requires paper ballots and statistically rigorous ""risk-limiting"" audits for all federal elections - two measures recommended by experts in a National Academies of Sciences, Engineering, and Medicine 2018​ report on election security. Specifically, the bill: Bans internet, WiFi and cellular connections for voting machines, and gives the Department of Homeland Security the authority to set, for the first time, minimum cybersecurity standards for voting machines, voter registration databases, electronic poll books used to 'check in' voters at polling places and election night reporting websites; Provides state and local governments with $500 million to buy new, secure ballot scanning machines, and $250 million to buy new ballot marking devices to be used by voters with disabilities; and Permits the federal government to reimburse states the cost of conducting post-elections audits, as well as the cost of designing and printing ballots. These measures, collectively, are necessary to fix the vulnerabilities in our election infrastructure highlighted by Russia in 2016, to secure our elections from foreign hackers and give voters confidence in election results. The League of Women Voters, Common Cause, Electronic Frontier Foundation, Public Knowledge, Brennan Center for Justice, Protect Democracy, National Election Defense Coalition, Fair Fight Action and American Statistical Association - as well as leading cybersecurity experts, voting rights groups and fair elections advocates - have all endorsed the PAVE Act and agree: ""American elections should be free from foreign influence and political manipulation. It is clear after the 2018 elections that there needs to be mandatory cybersecurity standards that protect our election infrastructure from hacking. This legislation will build on the work of the Election Assistance Commission and give the resources that elections officials need to protect our election infrastructure,"" said Virginia Kase, Chief Executive Officer of the League of Women Voters of the United States. ""With state election systems facing constant cyber threats, this legislation would institute the most critical safeguards needed to defend against sophisticated cyberattacks. In addition to requiring the critical failsafes for voting systems, this legislation also importantly requires minimum cybersecurity standards for voter registration databases and electronic poll books. These additional measures are crucial. In the last election cycle, we saw too many voters denied the right to vote because their names were suddenly not on the voter rolls or their data was compromised in other ways,"" said Susannah Goodman, Director of the Election Security program at Common Cause. ""The PAVE Act is a much needed step forward in election security. For years now, security researchers have been raising concerns with outdated voting equipment used across the country. But paper records that can be verified by voters and hand-audited increase the integrity of our elections and ward off potential interference. Now is the time for Congress to act and secure the integrity of the ballot box before we head into the next national election,"" said Jacob Hoffman-Andrews, Senior Staff Technologist at the Electronic Frontier Foundation. ""Our democracy works best when our elections are free and fair, and when every eligible voice is heard. The PAVE Act would mandate paper backups for every vote, and require that those backups be reviewed through rigorous, risk-limiting audits. It would also create minimum cybersecurity standards for the use of voting machines and other critical election infrastructure. Together these steps would greatly increase the integrity and security of American elections,"" said Lawrence Norden, Deputy Director of the Democracy Program at the Brennan Center for Justice at NYU School of Law. ""The PAVE Act takes on one of the most pressing challenges facing our democracy: ensuring that the country's voting equipment counts every vote accurately, free from interference by cyberattackers. It sets baseline standards for responding to a national security risk that strikes at the core of our democracy,"" said Larry Schwartztol, Counsel, Protect Democracy. Read more about the PAVE Act and Senator Baldwin's efforts to help protect our democracy from foreign interference here. Click to   ",1558610000000.0,B001230,116,Tammy,Baldwin,2/11/62,F,WI,,Democrat,Senate,,155901,2019-05-23 11:13:20,,,,,,0.6545518,0.6281159,,,,,,,,,,
7,Congresswoman Beatty Seeks to End Aggressive Voter Purges," Congresswoman Beatty Seeks to End Aggressive Voter Purges Congresswoman Beatty Seeks to End Aggressive Voter Purges Yesterday, coinciding with the one-year anniversary of the Supreme Court's 5-4 decision in Husted v. A. Philip Randolph Institute allowing the State of Ohio to remove voters from the voting rolls because of inactivity, U.S. Congresswoman Joyce Beatty (OH-03) introduced new legislation that would prohibit this harmful practice. Specifically, Beatty's bill, the Save Voters Act , H.R. 3201, would bar states from purging potential voters based on their failure to vote or respond to a written notice, unless the notice is returned as undeliverable. Moreover, a state must inform a voter when they are removed from the rolls and include the reason for removal and information on how to contest removal or be reinstated. Further, states must also disseminate a public notice within 48 hours of conducting any general program to remove names from the official list of eligible voters, informing the public that list maintenance is taking place and that registrants should check their voter status. ""The right to vote is not a 'use-it or lose-it' proposition. Rather, voting is a permanent guarantee that is essential to our democracy and fundamental to all the other rights we share as Americans,"" Beatty said. ""The Supreme Court's decision allowing the State of Ohio to continue its aggressive voter purge makes it much harder for Ohioans to vote-especially communities of color, veterans and vulnerable populations-and lays the groundwork for other states to prevent many more Americans from freely exercising their constitutional right to vote."" Beatty continued, ""That is why I am introducing the Save Voters Act to ensure that a person who is registered to vote and has not done anything to affirmatively disqualify themselves has their vote counted."" Congresswoman Beatty joins advocates on the steps of the Supreme Court to defend Central Ohioans' right to vote. (January 10, 2018) At the heart of the case is an Ohio state law that authorizes the Secretary of State to implement a ""supplementary process"" to remove voters, in addition to identifying and purging voters who died, moved to other states, or otherwise lost voting eligibility. That ""supplementary process"" involves the Secretary of State producing a list of voters who go two years without voting activities (e.g. voting and/or updating their personal contact information) and sending those voters a notice. If that notice is not returned or the voter does not vote in the subsequent four years, then that voter is automatically struck from the rolls. The Save Voters Act is backed by Common Cause Ohio. Speaking in support of Beatty's bill, Common Cause Ohio Executive Director Catherine Turcer said, ""Despite that many Americans died fighting for the right to vote, we're now seeing an increasing number of states and localities trying to suppress the votes of certain eligible American voters. We must continue fighting to protect our voices at the ballot box, and we appreciate Congresswoman Beatty's efforts to protect our sacred right to vote."" Washington, DC Office 2303 Rayburn House Office Building Washington, DC 20515 Phone: (202) 225-4324 Fax: (202) 225-1984 Hours: Mon-Fri 9AM - 5PM Columbus Office 471 East Broad Street, Suite 1100 Columbus, OH 43215 Phone: (614) 220-0003 Fax: (614) 220-5640 Hours: Mon-Fri 9AM - 5PM Click Here to view this email in your browser Click Here to be removed from this list Click Here to view this email in your browser Click Here to be removed from this list ",1560350000000.0,B001281,116,Joyce,Beatty,3/12/50,F,OH,3.0,Democrat,House,,155187,2019-06-12 14:33:20,,,,,,,,,0.5588733,,,,,,,,
8,Protecting Our Democracy," Subscribe Contact Hello Friend, I wanted to update you on recent progress we've made in Congress to protect our democracy. I'm excited to tell you that the House passed H.R. 2722, the Securing America's Federal Elections (SAFE) Act, on June 27, 2019. This bill requires voting systems to use backup paper ballots in federal elections, mandates technical improvements in election infrastructure, and provides states resources to bolster their electoral security measures. I proudly voted for this legislation. National intelligence agencies, independent experts, and Special Counsel Robert Mueller have all stated that there were systematic efforts to interfere in the 2016 presidential election. It's clear that we must do more to protect our right to vote from hostile international actors that seek to divide us and sow doubt in our electoral processes. Although Republican lawmakers have acknowledged the need to secure our election systems, all but one of them voted against the SAFE Act in the House, and Senate Majority Leader McConnell has refused to allow votes on any election security proposals in the Senate. We simply cannot wait to secure the integrity of our elections. That is why I voted for H.R. 2722, the SAFE Act. This legislation takes concrete steps to fight back against foreign interference by incorporating experts' recommendations and making direct investments to secure our elections. Specifically, the bill would authorize $600 million for states to meet more stringent security requirements and appropriates $175 million for election infrastructure. Additionally, it would implement cybersecurity recommendations for hardware and software and require electronic voting machines to be made in the United States. National security experts have said that the same elements that interfered in 2016 will definitely be back in 2020, and we have to be ready by doing all we can to protect our democracy. Sincerely, Katherine Clark Member of Congress (MA-05) Washington, DC Office 2448 Rayburn HOB Washington, DC 20515 Phone: (202) 225-2836 Hours: M-F 9-5:30pm District Office 157 Pleasant Street, Suite 4 Malden, MA 02148 Phone: (617) 354-0292 Hours: M-F 9-5:30pm MetroWest Regional Office 116 Concord Street, Suite 1 Framingham, MA 01702 Phone: (508) 319-9757   ",1562080000000.0,C001101,116,Katherine,Clark,7/17/63,F,MA,5.0,Democrat,House,,154447,2019-07-02 15:06:40,0.56956977,,,,,,0.59631765,,,,,,,,,,
9,Engel: We Must Have Ballot Security in 2020," Engel: We Must Have Ballot Security in 2020 If you are having trouble viewing this message or would like to share it on a social network, you can view the message online . WEBSITE | BIOGRAPHY | CONTACT ME | SERVICES | DISTRICT | NEWSROOM Dear Friend, Earlier this year, I worked to have the House pass the Securing America's Federal Election Act. This legislation, which I voted for, requires voting systems to have backup paper ballots to ensure election security. Without backup paper ballots, the results of our elections could be called into question should our electoral system be hacked. It also provides $600 million in Federal funds for states and localities to improve election security, and would give states $175 million biannually to sustain and improve election infrastructure. Robert Mueller clearly stated in his report that Russia interfered in our 2016 election. During his testimony a few weeks ago, Mueller said ""They are doing it as we sit here. And they expect to do it in the next campaign."" A recent US Senate Report stated that all 50 states were targeted in 2016 and found election interference going back to 2014. This should alarm every American. We know of at least two instances where election systems in Florida counties were hacked by Russia, and we know they were in a position to alter voter rolls. We also know that Russia had accessed 200,000 Illinois registration records in 2016. Simply put: our electoral system is not ready for 2020 and Russia may not be the only bad actor trying to interfere next time . This is why I am working to make sure we have election security in place for the 2020 election. We cannot put our heads in the sand, pretend there is no danger, and not improve election security. We need to act fast. Sincerely, Eliot L. Engel MEMBER OF CONGRESS Share on Facebook Share on Twitter E-mail Updates Yes, please periodically send me e-mail updates.* Click Here *By subscribing to my e-mail updates, you are authorizing me to send regular e-mail updates from my office to your e-mail account. OFFICE LOCATIONS: Washington DC Office 2426 Rayburn HOB Washington, DC 20515 Phone: (202) 225-2464 Fax: (202) 225-5513 Monday-Friday 9 am - 5 pm Bronx Office 3655 Johnson Avenue Bronx, NY 10463 Phone: (718) 796-9700 Fax: (718) 796-5134 Monday-Friday 9 am - 5 pm Westchester Office 6 Gramatan Avenue; Suite 205 Mt. Vernon, NY 10550 Phone: (914) 699-4100 Fax: (914) 699-3646 Monday-Friday 9 am - 5 pm Co-op City Office 177 Dreiser Loop, Rm 3 Phone: (718) 320-2314 Fax: (718) 320-2047 Monday-Friday 9 am - 5 pm Stay Connected: Update My Profile -   - Privacy Policy - - - - - - - - - - - - - - - - - - - - - - - - - - - - - - - - - ",1.56698E+12,E000179,116,Eliot,Engel,2/18/47,M,NY,16,Democrat,House,,152609,2019-08-28 08:13:20,,,,,,0.6026229,0.640836,,,,,,,,,,
10,Help Secure Illinois Elections," News from Representative Lauren Underwood October 11, 2019 Hi Neighbors, In 2016, Illinois voter data was the target of a cyber-attack by a foreign adversary. Since then, local, state, and federal officials have been working to safeguard our elections from future attempts to interfere, but more must be done to protect the integrity of our elections. On Tuesday, October 15, the House Homeland Security Committee is coming to Gurnee, IL, for a hearing on preparing for the 2020 election. During this hearing, I'll be there with members of the Homeland Security Committee to examine the steps Illinois and the federal government are taking to protect our election infrastructure like voting machines. The hearing will also explain how Illinoisans can identify and report election-related misinformation and disinformation. . Ahead of this hearing, I want to first hear from you. Click here to share your thoughts, questions, and concerns on steps we need to take to secure our elections. [Click here to share your concerns and questions on election security] Listening to you is one of the most important parts of my job. I appreciate your taking a few minutes to share your thoughts on election security with me. I look forward to hearing from you. Sincerely, Washington, DC Office 1118 Longworth HOB Washington, DC 20515 Phone: (202) 225-2976 Woodstock Office 666 Russel Ct., Suite 309 Woodstock, IL 60098 Phone: (630) 549-2190 West Chicago Office 490 East Roosevelt Rd., Suite 202 West Chicago, IL 60185 Phone: (630) 549-2190   | Privacy Open in browser window Open plain text version ",1570790000000.0,U000040,116,Lauren,Underwood,10/4/86,F,IL,14.0,Democrat,House,,151081,2019-10-11 10:33:20,,,,,,0.5662112,0.6347902,,,,,,,,,,
11,Important election security news," Important election security news Dear Neighbors, This week, the House passed an important piece of legislation that will protect our elections from foreign attacks. The Stopping Harmful Interference in Elections for a Lasting Democracy (SHIELD) Act enacts strong, commonsense and bipartisan solutions to fight foreign interference in our elections. The SHIELD Act takes critical steps to protect our democracy by: Creating a duty to report illicit offers of campaign assistance from foreign governments and their agents. Helping prevent foreign interference in future elections by improving transparency of online political advertisements. Closing loopholes that allow foreign nationals and foreign governments to spend in U.S. elections. Restricting the exchange of campaign information between candidates and foreign governments and their agents. Prohibiting deceptive practices about voting procedures. Congress has a duty to protect the integrity of our elections and that's why I supported this legislation. Our democracy is founded on the principle that the American people elect their leaders with a vote at the ballot box - not through the help of foreign governments that seek to undermine progress at home and abroad. We must ensure that our democracy remains safe from foreign adversaries. As always, I want to hear from you. Be sure to like my page on Facebook and follow me on Twitter for all the latest updates. Sincerely, Congressman Pallone WEBSITE |   | CONTACT Click Here to view this email in your browser Click Here to be removed from this list ",1572000000000.0,P000034,116,Frank,Pallone,10/30/51,M,NJ,6.0,Democrat,House,,150592,2019-10-25 10:40:00,0.58451366,,,,,,0.62855935,,,,,,,,,,
12,"Election ""Security"""," Election ""Security"" News from Representative Crawford Election ""Security"" This week, Congress passed the Stopping Harmful Interference in Elections for a Lasting Democracy, or SHIELD Act. With a name like that, one might think the intentions of the bill are admirable. Unfortunately, it is yet another dog whistle from House leadership desperately attempting to resurrect the discredited myth of Russian collusion in the 2016 election. I firmly believe in protecting our elections from foreign interference. The SHIELD Act, however, would actually detract from election security. The bill has unrealistically strict requirements; under the mandates of the bill, if a campaign volunteer making GOTV calls talked to a non-U.S. citizen on a cold call, that call would have to be reported to the FEC and the FBI. If it wasn't reported, then the volunteer and candidate could potentially be charged with a felony. Both the FEC and FBI have critical work to do during election season, and this ridiculous requirement would merely distract them from preventing actual crimes. Sadly, my Democratic colleagues seem intent on preventing Federal law enforcement and the intelligence community from achieving their missions, and continue to politicize the most basic functions of government. FOX News WATCH: Rep. Crawford weighs in on House democrats' impeachment inquiry Arkansas Republican Rep. Rick Crawford says the president is charged with the responsibility of finding where election interference came from. Courthouse News House Approves Realignment of Judicial Districts in Arkansas The U.S. House of Representatives voted Tuesday to reduce the number of operating divisions in the Eastern District of Arkansas from five to three in a rare realignment of judicial lines, which was spurred by the 2017 closure of the only two federal courthouses in the two axed divisions. Sponsored by Arkansas Republican Congressman Rick Crawford, the bill consolidates the operating divisions into the Central Division, Delta Division and Northern Division, with the federal courthouses for each located in Little Rock, Helena and Jonesboro, respectively. Northwest Arkansas Democrat-Gazette WASHINGTON NEWS IN BRIEF: Crawford on inquiry; Arkansas teen honored in D.C. for advocacy; state's Snyder, Hill honor Cummings Portraying the impeachment inquiry as partisan skulduggery, U.S. Rep. Rick Crawford, R-Ark., said the investigation shouldn't distract lawmakers from their primary responsibilities. The lawmaker from Jonesboro, who serves on the House Intelligence Committee, said Wednesday he's tracking the testimony that his committee is collecting, but he's not watching most of it live and in person. ""We have so many other things going on in the world that I need to be apprised of and to be working on. I don't have time to fool around with this sham impeachment nonsense, so I'm going about my business. … Not to be trite here, but we've got bigger fish to fry,"" Crawford said. KAIT8 - Risever facility to bring 120 jobs to Jonesboro ASU News - Homecoming Week 2019 Theme is 'Strength of the Pack' H.R. 4406 - Small Business Development Centers Improvement Act of 2019 - Yea H.R. 4407 - SCORE for Small Business Act of 2019 - Yea H.R. 2513 - Corporate Transparency Act of 2019 - No H.R. 2426 - Copyright Alternative in Small-Claims Enforcement Act of 2019 - Yea H.R. 4617 - SHIELD Act - No H.R. 777 - Debbie Smith Reauthorization Act of 2019 - Yea OFFICE LOCATIONS WASHINGTON, DC 2422 Rayburn HOB Washington, DC 20515 Phone: (202) 225-4076 CABOT, AR 112 S. 1st Cabot, AR 72023 Phone: (501) 843-3043 Fax: (501) 843-4955 DUMAS, AR 101 E. Waterman St. Dumas, AR 71639 Phone: (870) 377-5571 JONESBORO, AR 2400 Highland Dr Suite 300 Jonesboro, AR 72401 Phone: (870) 203-0540 Fax: (870) 203-0542 MOUNTAIN HOME, AR 1001 Highway 62 E Suite 9 Mountain Home, AR 72653 Phone: (870) 424-2075 Fax: (870) 424-3149 In order to improve constituent services provided through all my district offices, it is recommended you first call the appropriate district office to make an appointment.   | Privacy Policy Click Here to view this email in your browser Click Here to be removed from this list ",1572080000000.0,C001087,116,Eric,Crawford,1/22/66,M,AR,1.0,Republican,House,Rick,150511,2019-10-26 08:53:20,,,,,,,0.6147111,,,,,,,,,,
13,Baldwin Helps Introduce Legislation to Stop Foreign Interference in our Elections," Dear  , Senator Baldwin is taking action to protect our democracy by helping introduce the Stopping Harmful Interference in Elections for a Lasting Democracy (SHIELD) Act of 2019 , new legislation to stop foreign interference in our elections. The House of Representatives passed this election security legislation last week and it now awaits action in the Senate. ""This legislation to secure our elections is a commonsense solution that will strengthen election security and help protect our democracy from foreign interference. Mitch McConnell needs to bring this reform up for a vote now so we can protect the integrity of the vote,"" said Senator Baldwin. The SHIELD Act would require political campaigns, parties and political committees to report attempts by foreign governments, political parties and their agents to influence elections to authorities at the Federal Election Commission (FEC) and Federal Bureau of Investigation (FBI). The bill would also help prevent foreign interference in future elections by ensuring that political ads sold online are covered by the same rules as ads sold on TV, radio and satellite. The legislation would close loopholes that allow foreign nationals and foreign governments to spend in U.S. elections by prohibiting them from participating in decision-making about campaign contributions or expenditures. The SHIELD Act bans the offering of non-public campaign material to foreign governments and those linked with foreign governments and their agents as an illegal solicitation of support. Finally, the bill prohibits anyone from providing false information about voting rules and qualifications for voting, provides mechanisms for disseminating correct information, and establishes strong penalties for voter intimidation. Read more about the SHIELD Act and Senator Baldwin's leadership to end harmful interference in American elections here. Click to   ",1572360000000.0,B001230,116,Tammy,Baldwin,2/11/62,F,WI,,Democrat,Senate,,150397,2019-10-29 14:40:00,,,,,,,0.588405,,,,,,,,,,
14,Poll: REAL ID," Poll: REAL ID U.S. Representative Trey Hollingsworth | Press Release Hoosiers, Don't forget: the deadline for a REAL ID is around the corner. Beginning on October 1, 2020, a REAL ID driver's license, permit, or identification card will be required to board a plane or enter a federal building. The REAL ID Act, passed by Congress in 2005, established minimum identification standards for federal facilities and aircrafts based on the 9/11 Commission's recommendation. Question of the Week: Would you like to receive more information on what a REAL ID is, how to know if you already have one, and what the process is for obtaining one? [ _ ] Yes. [ _ ] No. [ _ ] I don't know. [ _ ] Other (share your thoughts). Take the poll here. Share This Release on Facebook | Share This Release on Twitter UPDATE SUBSCRIPTION OPTIONS | PRIVACY POLICY | CONTACT US Click Here to view this email in your browser Click Here to be removed from this list ",1574250000000.0,H001074,116,Trey,Hollingsworth,9/12/83,M,IN,9.0,Republican,House,,149476,2019-11-20 11:40:00,,,0.55150914,,,,,,,,,,,,,,
15,Do you think protecting election security should be a priority?," Do you think protecting election security should be a priority? Enews Sign Up | Visit My Website ABOUT | CONTACT | ISSUES | MEDIA | SERVICES Dear , Do you think protecting election security should be a priority? Yes No Elections are the cornerstone of our democracy. We cannot and will not stand by as foreign adversaries try to undermine our election security and democratic process. That's why the first major legislation that Congress passed this year was H.R. 1, the For the People Act of 2019. This landmark legislation combats voter suppression, fights corporate money in politics and strengthens ethics rules for public servants. More recently, the House passed H.R. 4617, the SHIELD Act, which aims to increase transparency, close loopholes and safeguard elections. There is no place for corruption and foreign interference in our democracy, and we are making strides to ensure elections are fair, secure and driven by the people. Best, Congressman Salud Carbajal OFFICE LOCATIONS WASHINGTON, DC OFFICE 1431 Longworth House Office Building Washington, DC 20515 Phone: (202) 225-3601 SANTA BARBARA OFFICE 360 S. Hope Ave. Suite C-301 Santa Barbara, CA 93105 Phone: (805) 730-1710 SAN LUIS OBISPO OFFICE 1411 Marsh St Suite 205 San Luis Obispo, CA 93401 Phone: (805) 546-8348 SANTA MARIA OFFICE 1619 S. Thornburg St. Santa Maria, CA 93458 Phone: (805) 730-1710 CONNECT WITH ME: WEBSITE |   | CONTACT Click Here to view this email in your browser Click Here to be removed from this list ",1574420000000.0,C001112,116,Salud,Carbajal,11/18/64,M,CA,24.0,Democrat,House,,149409,2019-11-22 10:53:20,,,,,,,0.61426556,,,,,,,,,,
16,500+ Possible Non-Citizens Mistakenly Registered to Vote in IL," Weekly Update | January 26, 2020 500+ Possible Non-Citizens Mistakenly Registered to Vote in Illinois On December 18th, the Illinois Secretary of State's office notified the Illinois State Board of Elections that a ""programming error"" led to well over 500 possible non-citizens mistakenly registered to vote through the Automatic Voter Registration process. Not only are these non-citizens registered to vote in Illinois, but several non-citizens may have voted in the 2018 election and previous elections. I joined State Representatives to call for answers. I am disappointed to see a program with such good intentions be so poorly administered. As the Republican leader on the House Administration Committee, which has oversight of federal elections, I'm planning to convene a listening session where I hope to hear from the Illinois Secretary of State about how he intends to solve this error and reassure Illinois voters that non-citizens are not being registered to vote. Automatic Voter Registration has the potential to encourage more voter participation, but as we've seen, if it's not carefully administered, it can have major consequences on the integrity of our elections. This egregious error further highlights the need for states to regularly clean their registration rolls and how H.R. 1 , Democrats top priority, which would federally mandate processes like Automatic Voter Registration for every state, can have serious issues for states with even less infrastructure than Illinois. Like My Facebook Page Around the 13th District Last Week New Buses for Decatur Excited to be at the dedication ceremony for Decatur Illinois - City Government 's new buses purchased using U.S. Department of Transportation Federal Transit Administration (FTA) grant funds. Look forward to seeing the new buses around town soon. Building on Successful Meals on Wheels to Help Kids in Need I always enjoy delivering Meals on Wheels to seniors and this morning I loaded up and delivered some in the Decatur area. The program is hosted at Decatur Memorial Hospital and ran by Catholic Charities of the Diocese of Springfield, Illinois . Meals on Wheels is a successful public-private partnership that helps ensure over 112,000 seniors in Illinois do not go hungry each year. I am working on a bill that seeks to build on this success by delivering healthy meals to children in rural areas who often rely on nutritious school-provided meals during the school year, but given their geographic location, are unable to get to summer meal sites while they're not in school. Godspeed Soldiers! Earlier this week, there was the deployment ceremony for the 2nd Battalion, 130th Infantry Regiment of the Illinois National Guard. One of the unit's companies hails from Litchfield in my district. They are deploying for 10 months to Afghanistan for Operation Freedom Sentinel. I commend them for their bravery and pray for a safe and successful mission. Please keep them and their families in your thoughts and prayers. Godspeed soldiers! Congrats THS's Ben Thompson Taylorville High School Principal Matt Hutchison and I presented Ben Thompson with a certificate for placing 2nd in the 2019 Congressional App Challenge. His app was titled Quantam Number Configurer. Great job Ben! Details: Morrisonville Jr./Sr. High School Great to speak to civics classes at Morrisonville Jr/Sr. High School this week. Good discussion on the issues of the day. Thanks for inviting me! Mr. Berkley's Freshman Social Studies Class Spoke with Mr. Berkley's Freshman social studies class at North Mac High School in Virden. Lots of great questions. After making 3 school visits in one day last week I can attest that our future is bright. Meeting with the Consul General of India This week I met with Shri Sudhakar Dalela, Consul General of India out of Chicago. The region he serves on behalf of India covers 9 states including Illinois. We discussed economic partnerships, immigration, and agriculture among other things. I appreciate the outreach and ongoing cooperation between our two countries. Harvest Market in Champaign In Champaign this week I got a front to back look at Harvest Market - Champaign 's operations and learned more about issues facing grocers. Appreciated the tour. Cutting-Edge Tech in Champaign Really enjoyed visiting a great group of folks at ISS Inc in Champaign this week. They are a cutting edge scientific and biomedical instrumentation developer and manufacturer. Learned a lot about the impact their devices have - especially in healthcare. They want to make sure they have the ability to continue to be competitive in the global marketplace. I look forward to taking their story back to D.C. and being an advocate for small businesses like them in Congress. Thank A CRNA Last week was #CRNAWeek and I was glad to have met with Janet and Mindy from my district who are both Certified Registered Nurse Anesthetists (CRNAs) and are active with AANA / American Association of Nurse Anesthetists . They shared some concerns related to the nursing shortage, especially in rural communities. Meeting with constituents at Doc's Soda Fountain in Girard Had lunch this week with community leaders and business owners at historic Doc's Soda Fountain on Route 66 in Girard. We discussed local priorities, agriculture, trade deals, and first responder grant programs. Go Tornados! Earlier this week I had the chance to speak to students at Taylorville High School about current issues. Always enjoy speaking to my hometown kids. Congrats Monticello Fire & Rescue Congratulations to John Rupkey on being appointed this week to lead the Monticello Fire & Rescue Department. A few months ago John came by my Monticello Open Office Hours and gave me the department's patch to display in my D.C. office. We proudly display dozens of first responder and military patches and tokens to honor their service. Best of luck to him in his new role as Fire Chief! Enough Project , FAA proposed regs, urban vertical farming, & more Met with a lot of folks in Champaign this week to discuss a wide range of issues. Topics included the Enough Project , FAA proposed regulations impacting hobby drones, and urban vertical farming. Many of these issues come before the Transportation and Infrastructure Committee Republicans and the House Ag GOP on which I serve. Glad these folks made their voices heard and I'll be working on these issues in D.C. Constituent Service Spotlight Helping Constituents Cut Through Red Tape in Fidelity, IL ""Meg kept me informed on a regular update and even returned my calls the same and she took an extra effort to call me after the situation was resolved to see if there was any additional assistance needed. Wonderful, caring, thoughtful person, may God bless her."" - Janelle in Fidelity, IL Congressman Rodney Davis | 1740 Longworth HOB , Washington, DC 20515   @ Update Profile | About Constant Contact Sent by noreply@ ",1.58004E+12,D000619,116,Rodney,Davis,1/5/70,M,IL,13,Republican,House,,175128,2020-01-26 12:00:00,,,,,0.551371,,,,,,,,,,,,
17,Reminder: 500+ Possible Non-Citizens Mistakenly Registered to Vote in IL," Weekly Update | January 26, 2020 500+ Possible Non-Citizens Mistakenly Registered to Vote in Illinois On December 18th, the Illinois Secretary of State's office notified the Illinois State Board of Elections that a ""programming error"" led to well over 500 possible non-citizens mistakenly registered to vote through the Automatic Voter Registration process. Not only are these non-citizens registered to vote in Illinois, but several non-citizens may have voted in the 2018 election and previous elections. I joined State Representatives to call for answers. I am disappointed to see a program with such good intentions be so poorly administered. As the Republican leader on the House Administration Committee, which has oversight of federal elections, I'm planning to convene a listening session where I hope to hear from the Illinois Secretary of State about how he intends to solve this error and reassure Illinois voters that non-citizens are not being registered to vote. Automatic Voter Registration has the potential to encourage more voter participation, but as we've seen, if it's not carefully administered, it can have major consequences on the integrity of our elections. This egregious error further highlights the need for states to regularly clean their registration rolls and how H.R. 1 , Democrats top priority, which would federally mandate processes like Automatic Voter Registration for every state, can have serious issues for states with even less infrastructure than Illinois. Like My Facebook Page Around the 13th District Last Week New Buses for Decatur Excited to be at the dedication ceremony for Decatur Illinois - City Government 's new buses purchased using U.S. Department of Transportation Federal Transit Administration (FTA) grant funds. Look forward to seeing the new buses around town soon. Building on Successful Meals on Wheels to Help Kids in Need I always enjoy delivering Meals on Wheels to seniors and this morning I loaded up and delivered some in the Decatur area. The program is hosted at Decatur Memorial Hospital and ran by Catholic Charities of the Diocese of Springfield, Illinois . Meals on Wheels is a successful public-private partnership that helps ensure over 112,000 seniors in Illinois do not go hungry each year. I am working on a bill that seeks to build on this success by delivering healthy meals to children in rural areas who often rely on nutritious school-provided meals during the school year, but given their geographic location, are unable to get to summer meal sites while they're not in school. Godspeed Soldiers! Earlier this week, there was the deployment ceremony for the 2nd Battalion, 130th Infantry Regiment of the Illinois National Guard. One of the unit's companies hails from Litchfield in my district. They are deploying for 10 months to Afghanistan for Operation Freedom Sentinel. I commend them for their bravery and pray for a safe and successful mission. Please keep them and their families in your thoughts and prayers. Godspeed soldiers! Congrats THS's Ben Thompson Taylorville High School Principal Matt Hutchison and I presented Ben Thompson with a certificate for placing 2nd in the 2019 Congressional App Challenge. His app was titled Quantam Number Configurer. Great job Ben! Details: Morrisonville Jr./Sr. High School Great to speak to civics classes at Morrisonville Jr/Sr. High School this week. Good discussion on the issues of the day. Thanks for inviting me! Mr. Berkley's Freshman Social Studies Class Spoke with Mr. Berkley's Freshman social studies class at North Mac High School in Virden. Lots of great questions. After making 3 school visits in one day last week I can attest that our future is bright. Meeting with the Consul General of India This week I met with Shri Sudhakar Dalela, Consul General of India out of Chicago. The region he serves on behalf of India covers 9 states including Illinois. We discussed economic partnerships, immigration, and agriculture among other things. I appreciate the outreach and ongoing cooperation between our two countries. Harvest Market in Champaign In Champaign this week I got a front to back look at Harvest Market - Champaign 's operations and learned more about issues facing grocers. Appreciated the tour. Cutting-Edge Tech in Champaign Really enjoyed visiting a great group of folks at ISS Inc in Champaign this week. They are a cutting edge scientific and biomedical instrumentation developer and manufacturer. Learned a lot about the impact their devices have - especially in healthcare. They want to make sure they have the ability to continue to be competitive in the global marketplace. I look forward to taking their story back to D.C. and being an advocate for small businesses like them in Congress. Thank A CRNA Last week was #CRNAWeek and I was glad to have met with Janet and Mindy from my district who are both Certified Registered Nurse Anesthetists (CRNAs) and are active with AANA / American Association of Nurse Anesthetists . They shared some concerns related to the nursing shortage, especially in rural communities. Meeting with constituents at Doc's Soda Fountain in Girard Had lunch this week with community leaders and business owners at historic Doc's Soda Fountain on Route 66 in Girard. We discussed local priorities, agriculture, trade deals, and first responder grant programs. Go Tornados! Earlier this week I had the chance to speak to students at Taylorville High School about current issues. Always enjoy speaking to my hometown kids. Congrats Monticello Fire & Rescue Congratulations to John Rupkey on being appointed this week to lead the Monticello Fire & Rescue Department. A few months ago John came by my Monticello Open Office Hours and gave me the department's patch to display in my D.C. office. We proudly display dozens of first responder and military patches and tokens to honor their service. Best of luck to him in his new role as Fire Chief! Enough Project , FAA proposed regs, urban vertical farming, & more Met with a lot of folks in Champaign this week to discuss a wide range of issues. Topics included the Enough Project , FAA proposed regulations impacting hobby drones, and urban vertical farming. Many of these issues come before the Transportation and Infrastructure Committee Republicans and the House Ag GOP on which I serve. Glad these folks made their voices heard and I'll be working on these issues in D.C. Constituent Service Spotlight Helping Constituents Cut Through Red Tape in Fidelity, IL ""Meg kept me informed on a regular update and even returned my calls the same and she took an extra effort to call me after the situation was resolved to see if there was any additional assistance needed. Wonderful, caring, thoughtful person, may God bless her."" - Janelle in Fidelity, IL Congressman Rodney Davis | 1740 Longworth HOB , Washington, DC 20515   @ Update Profile | About Constant Contact Sent by noreply@ ",1.5803E+12,D000619,116,Rodney,Davis,1/5/70,M,IL,13,Republican,House,,175012,2020-01-29 12:13:20,,,,,0.551371,,,,,,,,,,,,
18,Weekly Update: Upholding Election Integrity in Illinois," Weekly Update | March 1, 2020 Upholding Election Integrity in Illinois On Monday, I gathered officials from the Illinois Secretary of State's office and the Illinois State Board of Elections (ISBE) to discuss some of the errors with Illinois' Automatic Voter Registration (AVR) program, which was implemented in 2018. Recently it was revealed that 574 individuals who checked ""non-citizen"" were registered to vote, 4,700 sixteen year-olds were mistakingly forwarded by the Secretary of State to the ISBE for registration, and 774 people were incorrectly labeled as incarcerated and could be subject to voter registration cancellations. I appreciated State Reps. Avery Bourne, Tim Butler, and Mike Murphy for joining me and also County Clerks from McLean, Sangamon, and Christian counties for attending as well. As the lead Republican on the Committee on House Administration, which has oversight of federal elections, this listening session revealed that more communication is needed with local officials and increased oversight of the election registration process is needed. Three main issues that I believe need to be addressed: Illinois Secretary of State did not seek any independent testing before implementing the Automatic Voter Registration program in the 2018 midterm election. The Secretary of State's Office has no verification for citizenship status during the voter registration process. My bill, Protect American Voters Act (PAVA) needs to be passed to secure non-voting election systems, like online voter registration databases or e-poll books used in Illinois. Illinois State Board of Elections Executive Director Steve Sandvoss expressed that there are remaining security concerns for their non-voting systems following the alleged foreign interference from the 2016 presidential election. Read more about the listening session here The State Journal-Register's coverage can be found here The Center Square's article is here Davis convenes a Listening Session on Illinois' Automatic Voter Registration issues in Springfield, IL on February 24, 2020. He is joined by IL State Rep. Avery Bourne, IL State Rep. Tim Butler, and IL State Rep. Mike Murphy. Steve Sandvoss (IL State Board of Elections), Nathan Maddox (IL Secretary of State), and Don Gray (Sangamon County Clerk) answer questions from Davis and state legislators at the listening session. Like My Facebook Page More 13th District Updates Honoring Teresa Haley of Springfield Congratulations Teresa! Teresa Haley, who serves as the president of the Springfield NAACP, won the Activist of the Year Award at the NAACP Image Awards last week. I've had the pleasure of working with Teresa to bring national recognition to the 1908 Race Riot Site. A great way to celebrate Black History Month. We're so proud! Watch my remarks here Supporting Public Broadcasting ‪ It was great meeting with Moss Bresnahan from Champaign-Urbana's WILL. I'm proud to have consistently supported funding for public broadcasting in Congress. We need more coverage of local issues and public media plays an important role.‬ Read a Related Story in the SJ-R Standing up for Social Security Fairness The Social Security Fairness Act will prevent an unfair reduction in Social Security for teachers, police officers, and other public servants across the country. I was proud to meet with some of these public servants today and receive the Champion for Social Security Justice Award .‬ We only need 49 more cosponsors on HR 141 to guarantee a vote on the House floor. Taxpayer Dollars Coming Back to Illinois Davis Announces Senior Corps Grants for Dove, Inc. Davis, LaHood Announce Senior Corps Grant for McLean County YWCA Davis Announces USDA Gr ant to Purchase Snow Plow Truck for Schram City Davis Announces USDA Grant to Purchase Gas Delivery Truck for Roodhouse Constituent Service Spotlight Helping Constituents Cut Through Red Tape ""In May 2019, I came to your office seeking help about a bureaucratic issue. You interceded and the issue was cleared up. We then were turned away from an interview and I was happy to see that you had great follow up skills and had asked how it went. Further, you got some questions answered and spent time reviewing some USCIS letter with me. I want to thank you, Ms. Yoakum, profusely."" ﻿- Eric Congressman Rodney Davis | 1740 Longworth HOB , Washington, DC 20515   @ Update Profile | About Constant Contact Sent by noreply@ ",1583060000000.0,D000619,116,Rodney,Davis,1/5/70,M,IL,13.0,Republican,House,,173708,2020-03-01 10:53:20,,,,,0.55486196,,,,,,,,,,,,
19,Reminder: Weekly Update: Upholding Election Integrity in Illinois," Weekly Update | March 1, 2020 Upholding Election Integrity in Illinois On Monday, I gathered officials from the Illinois Secretary of State's office and the Illinois State Board of Elections (ISBE) to discuss some of the errors with Illinois' Automatic Voter Registration (AVR) program, which was implemented in 2018. Recently it was revealed that 574 individuals who checked ""non-citizen"" were registered to vote, 4,700 sixteen year-olds were mistakingly forwarded by the Secretary of State to the ISBE for registration, and 774 people were incorrectly labeled as incarcerated and could be subject to voter registration cancellations. I appreciated State Reps. Avery Bourne, Tim Butler, and Mike Murphy for joining me and also County Clerks from McLean, Sangamon, and Christian counties for attending as well. As the lead Republican on the Committee on House Administration, which has oversight of federal elections, this listening session revealed that more communication is needed with local officials and increased oversight of the election registration process is needed. Three main issues that I believe need to be addressed: Illinois Secretary of State did not seek any independent testing before implementing the Automatic Voter Registration program in the 2018 midterm election. The Secretary of State's Office has no verification for citizenship status during the voter registration process. My bill, Protect American Voters Act (PAVA) needs to be passed to secure non-voting election systems, like online voter registration databases or e-poll books used in Illinois. Illinois State Board of Elections Executive Director Steve Sandvoss expressed that there are remaining security concerns for their non-voting systems following the alleged foreign interference from the 2016 presidential election. Read more about the listening session here The State Journal-Register's coverage can be found here The Center Square's article is here Davis convenes a Listening Session on Illinois' Automatic Voter Registration issues in Springfield, IL on February 24, 2020. He is joined by IL State Rep. Avery Bourne, IL State Rep. Tim Butler, and IL State Rep. Mike Murphy. Steve Sandvoss (IL State Board of Elections), Nathan Maddox (IL Secretary of State), and Don Gray (Sangamon County Clerk) answer questions from Davis and state legislators at the listening session. Like My Facebook Page More 13th District Updates Honoring Teresa Haley of Springfield Congratulations Teresa! Teresa Haley, who serves as the president of the Springfield NAACP, won the Activist of the Year Award at the NAACP Image Awards last week. I've had the pleasure of working with Teresa to bring national recognition to the 1908 Race Riot Site. A great way to celebrate Black History Month. We're so proud! Watch my remarks here Supporting Public Broadcasting ‪ It was great meeting with Moss Bresnahan from Champaign-Urbana's WILL. I'm proud to have consistently supported funding for public broadcasting in Congress. We need more coverage of local issues and public media plays an important role.‬ Read a Related Story in the SJ-R Standing up for Social Security Fairness The Social Security Fairness Act will prevent an unfair reduction in Social Security for teachers, police officers, and other public servants across the country. I was proud to meet with some of these public servants today and receive the Champion for Social Security Justice Award .‬ We only need 49 more cosponsors on HR 141 to guarantee a vote on the House floor. Taxpayer Dollars Coming Back to Illinois Davis Announces Senior Corps Grants for Dove, Inc. Davis, LaHood Announce Senior Corps Grant for McLean County YWCA Davis Announces USDA Gr ant to Purchase Snow Plow Truck for Schram City Davis Announces USDA Grant to Purchase Gas Delivery Truck for Roodhouse Constituent Service Spotlight Helping Constituents Cut Through Red Tape ""In May 2019, I came to your office seeking help about a bureaucratic issue. You interceded and the issue was cleared up. We then were turned away from an interview and I was happy to see that you had great follow up skills and had asked how it went. Further, you got some questions answered and spent time reviewing some USCIS letter with me. I want to thank you, Ms. Yoakum, profusely."" ﻿- Eric Congressman Rodney Davis | 1740 Longworth HOB , Washington, DC 20515   @ Update Profile | About Constant Contact Sent by noreply@ ",1583320000000.0,D000619,116,Rodney,Davis,1/5/70,M,IL,13.0,Republican,House,,173536,2020-03-04 11:06:40,,,,,0.55486196,,,,,,,,,,,,
20,Americans shouldn't have to choose between the right to vote and protecting their health,"Ron Wyden - U.S. Senator for Oregon Dear |*First Name*|, No voter should have to choose between exercising their right to vote and protecting their health and that of their loved ones against a global pandemic.? Right now, the best option to safeguard American voters - and our elections - against coronavirus (COVID-19) is to mandate emergency vote-by-mail in every state through November. This week, Senator Amy Klobuchar and Iintroduced a bill to do just that .? In-person elections are only going to become more and more difficult to run during this public health crisis while self-isolation and quarantines are in place. The vote-by-mail system pioneered by Oregon is the best path forward to keep our democracy running and the public healthy. States like Louisiana, Georgia and Ohio have already announced they will postpone upcoming primary elections. While primary dates can shift, the general election this November is fixed, and it?s imperative we take action NOW to keep Americans healthy and preserve our democracy.? In fact, Donald Trump himself is taking advantage of vote-by-mail . If vote-by-mail is good enough for Donald Trump, it should be good enough for Mitch McConnell. I hope he and Senate Republicans will commit to passing and signing our bill into law quickly in order to address the very real threat looming over this election.? My top priority is keeping Oregonians and their loved ones safe. The best way you can help is by staying informed with the most up-to-date, fact-based information. Pleaserefer to the Centers for Disease Control and Prevention (CDC) website for the updates on COVID-19.? In the meantime, I?ll be doing everything I can to protect your health and constitutional right to vote. Sincerely, Please do not reply to this e-mail. If you would like to send a message to Senator Wyden,click here . If you would like to   from Senator Wyden's newsletter please click here and fill out the   form. ",1.58454E+12,W000779,116,Ron,Wyden,5/3/49,M,OR,,Democrat,Senate,,172678,2020-03-18 14:00:00,,,,,,,,0.5836902,,,,,,,,,
21,"Nationwide vote-by-mail is not just a good idea, it's necessary"," Nationwide vote-by-mail is not just a good idea, it's necessary Congressman Earl Blumenauer Update | Wednesday, April 8, 2020 Click here if you have trouble viewing this email While the nation navigates a public health and economic crisis, many aspects of our daily lives have been put on hold. As we confront the challenges of stay-at-home guidelines and are forced to postpone family gatherings, birthdays, and sporting events, there are other parts of society that must continue. Chief among these is our democracy, which the United States cannot afford to put on hold. We need vote-by-mail nationwide. It's no longer just a good idea, it's a necessity. I've been fighting for years in Congress to bring the Oregon model of vote-by-mail nationwide. Oregon has seen vote-by-mail improve voter turnout and election security-it's a no brainer. Now, more than ever, the rest of America needs to follow suit. 58% of poll workers during the 2018 election cycle were over the age of 60, the primary at risk community for COVID-19. With a crucial election season approaching, we should not be putting individuals that are highly susceptible to contracting COVID-19 in danger by forcing them to vote in person. I introduced legislation in the House weeks ago to require states to implement plans to safely conduct their elections amidst this pandemic, and to federally fund nationwide vote-by-mail. This language must be included in the next relief package. I'm fighting to ensure our elections are not only safe, but safe to participate in. Over the past few weeks, several states have delayed presidential primary election voting, and as recently as yesterday, the Supreme Court shamefully shot down Wisconsin's attempt to allow for expanded absentee voting. In clear defiance of public health guidance, Wisconsin is now forced to vote in the middle of a pandemic, putting citizens and the election at risk. Trump has publicly criticized our efforts to expand voter access during this crisis. Any opposition to prioritizing public health while expanding voter access is shameful . We need to act responsibly and allow for absentee voting to keep our communities safe. Nothing should be overlooked during national emergencies, including the integrity of our democracy. I will continue to fight for the Oregon way nationwide, especially in these troubling times. Our democracy depends on it. Courage, Earl Blumenauer Member of Congress If you are interested in contacting me about this issue, please click here . Also, you can sign up for my email updates here . Office Locations Washington, DC Office 1111 Longworth House Office Building Washington, DC 20515 Phone: (202) 225-4811 Fax: (202) 225-8941 Portland Office 911 N.E. 11th Ave Suite 200 Portland, OR 97232 Phone: (503) 231-2300 Fax: (503) 230-5413 UPDATE SUBSCRIPTION OPTIONS | PRIVACY POLICY | CONTACT US Click Here to view this email in your browser Click Here to be removed from this list ",1.58635E+12,B000574,116,Earl,Blumenauer,8/16/48,M,OR,3,Democrat,House,,170860,2020-04-08 12:46:40,,,,,,,,0.6700259,,,,,,,,,
22,Should we have an option to vote by mail?," News from Representative Allred May 22, 2020 Dear Friend, As a voting rights attorney, I have fought to expand access to the ballot box, safeguard our elections and protect our democracy for generations to come. The coronavirus pandemic has presented significant logistical barriers and health risks related to casting a ballot in person. As your Representative, listening to you helps me reflect North Texas values in Washington. Please take a moment to let me know how you feel about voting access. Should every eligible Texas voter have an option to vote by mail? *By participating in the survey you will join Rep. Allred's email list As we continue to fight COVID-19 and approach election season, it's critical we make sure that citizens can vote safely. I recently voted to pass the Heroes Act which includes federal funds for election assistance. No one should fear contracting COVID-19 at a polling place. During a global pandemic, it is critical that every Texan can safely exercise their constitutional right to vote. I urge state officials to ensure a safe and accessible election by extending a vote by mail option. I will continue to advocate for the rights of all North Texans. I appreciate your input; please share your thoughts with me through the survey. Sincerely, Colin Allred Member of Congress Washington, DC Office 328 Cannon HOB Washington, DC 20515 (202) 225-2231 Richardson Office 100 N. Central Suite 602 Richardson, TX 75080 (972) 972-7949   | Privacy Open in browser window Open plain text version ",1.59015E+12,A000376,116,Colin,Allred,4/15/83,M,TX,32,Democrat,House,,167780,2020-05-22 12:20:00,,,,,,,,0.59975016,,,,,,,,,
23,Weekly COVID-19 Response Update from Congresswoman Chellie Pingree," Message from Congresswoman Chellie Pingree Home About Services Media 1st District Legislation Contact Dear Friend, This week, I watched in horror as photos and videos depicted lengthy lines at polling stations in Georgia. There is no way around it: this is rampant voter suppression. Voter suppression is an injustice most often inflicted on Black and brown communities and has been long employed to silence their voices. There is a history to this. In 2020, we celebrate a century since the 19th Amendment's ratification, but Black women were not fully enfranchised in every state until 1965, and Native American women in 1962. The Supreme Court gutted the Voting Rights Act in 2013. States have passed strict identification rules, purged voters from their rolls, and gerrymandered districts that determine the weight of your vote. Right now, our nation is reckoning with the systemic racism that has perpetuated inequalities and violence against people of color in this country. Voter suppression is another inequity that most often harms people of color. Congress must fight for everyone who has difficulty accessing the ballot box. And we must use the privilege we have to recognize disparities and uplift the voices of communities of color across the country. I've supported several initiatives that would help protect the integrity of our elections, especially during the coronavirus pandemic: H.R. 4 , which would restore the landmark Voting Rights Act of 1965, and The Heroes Act to provide $29 million in election aid for every Maine voter to vote-by-mail. In fact, you can request your absentee ballot for the July 14 primary through the Maine Secretary of State's office now. If any of your family or friends are interested in hearing from my office, please have them sign up for my newsletter here . My website is updated with resources and congressional actions on COVID-19, located at . You can also check out my Facebook , Instagram , and Twitter for updates. Best, Chellie Update from Maine Congratulations to the Class of 2020! I'm so proud of the Mainers who are graduating from high school, college, graduate school, or an adult education program this year. As with any milestone event or celebration during this time of uncertainty, there's a tinge of sadness to this day. My heart goes out to everyone who was looking forward to celebrating with friends and receiving your diploma surrounded by those you love. Know I applaud all of your hard work , and make sure to take time to celebrate your all your successes. Click to watch my message to the graduating Class of 2020. Governor Mills has updated the quarantine rules for visitors coming to Maine. Beginning July 1, out-of-state visitors will not have to complete a 14 day quarantine if they have tested negative for COVID-19 within 72 hours of their arrival. Visitors from Vermont and New Hampshire are also exempt from quarantine beginning today. I was proud to announce that two students in my district will be attending the United States Air Force Academy. Sara Scrapchansky of Brunswick and Kelly Yoon of Falmouth have accepted offers to attend the Academy in Colorado. Acceptance to a U.S. service academy is extremely competitive and reflects highly on a student's scholarship, community service, and character. Read more about these outstanding students here . Congressional Update In Congress, we are working to promote racial justice and dismantle the systemic racism that has dictated inequities for far too long. This means that we're considering legislation to address police brutality as well as reforming our criminal justice system, expanding access to adequate housing, promoting good jobs, removing symbolic glorification of the Confederacy , and overhauling environmental issues that disproportionately harm communities of color. I'm pleased to report that Maine has been approved for an Area Eligibility waiver extension to serve offsite school meals through the summer. School nutrition programs across the country are working tirelessly to meet the tremendous challenge of feeding kids in the midst of this pandemic. Without a waiver, around 60 percent of the Maine students who currently receive school meals would lose access to a critical source of nutrition. This move by USDA will help kids and their families have continued access to meals through the summer. Frequently Asked Questions I own a business. Where should I go to find the latest guidance for re-opening? The Maine Department of Economic and Community Development's Restarting Maine's Economy guide has the most recently updated guidance and checklists for businesses that are reopening. In addition, The National Governors Association has created a public health and business re-opening tracker, which may help inform your decisions about re-opening. My family needs to access school meals this summer. How can I find the most up-to-date information about school meal sites? The Maine Department of Education has developed an interactive map outlining all available school meal sites daily, available here . My family member is in a nursing home, and their stimulus check was seized by the nursing home. Is this allowable? The Centers for Medicare and Medicaid Services (CMS) has said that nursing homes and assisted-living facilities are not allowed to confiscate their residents' Economic Stimulus Payments (aka stimulus checks). The practice is prohibited and considered misappropriation of resident property. The offending facilities could be subject to federal enforcement actions, including possible removal from participating in Medicaid and Medicare programs. If this has happened to you or someone you know, file a complaint with your state survey agency and contact your state attorney general. State specific complaint contact information is available here . Resources and Community Updates Instead of the summer's usual First Friday art walks, CreativePortland is hosting virtual arts events . Check out their calendar of events here . Don't forget to fill out your census! You can even do it online at . Request your absentee ballot for the July 14 primary through the Maine Secretary of State's office . Voting by mail keeps us safe from exposure to the coronavirus and allows us to make our voices heard. The Finance Authority of Maine's COVID-19 Consumer Loan guarantee program offers consumers low or no interest loans of up to $5,000. To apply, reach out to your local financial institution. More information is available here . If you or someone you know needs health care, food assistance, or financial support during this time, the Maine Department of Health and Human Services has complied information how to access programs such as MaineCare, TANF, Food Supplement, and Child Care Subsidy . More information is available here . Pride allows our vibrant LGBTQ community to celebrate themselves freely-no matter who they love, how they identify, or where they live. Though we can't commemorate Pride 2020 in person, Pride Across Maine is hosting a Virtual Pride on June 28 . More here . Stay Connected Portland Office Portland Fish Pier, Suite 304 Portland, ME 04101 Phone: (207) 774-5019 Toll Free: 1-888-862-6500 Fax: (207) 871-0720 Waterville Office 1 Silver Street Waterville, ME 04901 Phone: (207) 873-5713 Toll Free: 1-888-862-6500 Fax: (207) 873-5717 Washington, DC Office 2162 Rayburn House Office Building Washington, D.C. 20515 Phone: (202) 225-6116 Fax: (202) 225-5590   | Privacy Policy ",1.59198E+12,P000597,116,Chellie,Pingree,4/2/55,F,ME,1,Democrat,House,,166580,2020-06-12 16:40:00,,,,,,,,,0.6222029,,,,,,,,
24,Voting by Mail Survey," News from Representative Eshoo Dear friend, Listening to my constituents is a very important part of my job representing you. I hope you'll take a minute to share your thoughts with me through a quick survey. As the COVID-19 pandemic continues across the U.S., many states like California have implemented universal vote-by-mail systems for the upcoming federal elections in November to protect the health and safety of residents. Since April, Congress has appropriated $400 million to help states take action to protect voters during the COVID-19 pandemic, including instituting vote-by-mail systems. The House also approved an additional $3.6 billion in assistance for states to make voting safe during this public health crisis and requires states to allow all voters to vote-by-mail under the HEROES Act. Please click to take my survey to share your views and join my email list. Should Congress ensure that Americans in every state can vote by mail in November? Yes No Click to open in a separate window Sincerely, Anna G. Eshoo Member of Congress   | Privacy Click here to open this e-mail in its own browser window Click here to open a plain text version of this email ",1.59467E+12,E000215,116.0,Anna,Eshoo,12/13/42,F,CA,18.0,Democrat,House,,164981,2020-07-13 19:53:20,,,,,,,,0.59794563,,,,,,,,,
25,How to Vote During the Coronavirus Pandemic," Hi  , The right to vote is fundamental, and no American should be forced to choose between their health and their right to vote. As COVID-19 cases continue to rise, I want to ensure you know how to safely vote on August 11th and November 3rd. In our nation's history, we have never failed to hold regularly scheduled elections - even in times of war, natural disaster, and economic crisis. This year will be no different. Minnesota is doing everything possible to ensure our elections are safe, secure, accessible, and fair. This includes offering multiple accommodations to ensure that every Minnesotan can participate in our democracy : Vote By Mail allows you to safely and securely vote early from the comfort of your own home. To vote by mail, click here to apply to have an absentee ballot mailed to you. You can return your ballot by mail, or in person, no later than 3 p.m. on Election Day. While your envelope might have a box for a witness to sign, there is no witness requirement for registered voters for the August 11th primary election due to the coronavirus pandemic. Agent Delivery permits voters in special situations - like voters residing in nursing homes or assisted living facilities - to ask an agent to pick up and return a ballot for them. Voters can use agent delivery during the seven days before election day. Click here for more information about agent delivery. Voting Early In Person provides voters the ability to avoid the lines and crowds of Election Day by registering and voting early in person. All voters have at least one location where they can vote early in person. Click here to find out where you can vote early in person. Curbside Voting is an option for anyone who cannot enter the polling place for any reason, including health concerns. Curbside voting allows you to register and vote without leaving your vehicle. Two election judges will bring a ballot to you and, when you are finished voting, they will bring your ballot inside for you and put it in the ballot box. If you have questions about voting in the primary election on August 11th or the general election on November 3rd, contact the Office of the Secretary of State of Minnesota online at , by phone at 651-215-1440 or 1-877-600-VOTE (8683), or by email at @ . Our democracy depends on your participation, and in 2020 it's important to make a plan to vote safely. Let's continue building on Minnesota's success - our success - of consistently leading the nation in voter turnout at the ballot box (and the mailbox). Keep the faith and keep in touch, Dean Phillips Member of Congress Click here to tell me what issues are most important to YOU. Click here to sign-up for my newsletter updates. Washington, DC Office 1305 Longworth HOB Washington, DC 20515 Phone: (202) 225-2871 Minnetonka Office 13911 Ridgedale Drive, Suite 200 Minnetonka, MN 55305 Phone: (952) 656-5176   ",1.59499E+12,P000616,116.0,Dean,Phillips,1/20/69,M,MN,3.0,Democrat,House,,164848,2020-07-17 12:46:40,,,,,,0.5582559,,,,,,,,,,,
26,From the Office of Congressman Bobby L. Rush," Open this e-mail in its own browser window Open a plain text version of this email Dear Mrs.    : In the past several weeks, I have seen alarming reports regarding mailing issues across the 1st Congressional District, with many of my constituents complaining that they have not received any mail for weeks. I have also heard that many people in our district, and across the city of Chicago for that matter, have had various customer service issues with the Post Office as well. This is completely unacceptable, especially when so many rely on the Postal Service to receive lifesaving prescriptions by mail and countless families need the post office to pay their bills on time. I am also concerned what implications this service, or lack thereof, might have when it comes to our residents that vote by mail. That is why tomorrow afternoon I will be hosting a Community Listening Session to hear from my constituents about this issue and to better understand the breadth and depth of this problem. I will be joined by Mack Julion, the current President of the Chicago chapter of the National Association of Letter Carriers. To join us, please call 833-380-0416 at 5:00 pm CT. More information is available below. Sincerely, Bobby L. Rush Member of Congress Washington, D. C. Office 2188 Rayburn HOB Washington, D.C. 20515 Tel: (202) 225-4372 Fax: (202) 226-0333 Chicago Office 11750 S. Western Ave. Chicago, IL 60643-4732 Phone: (773) 779-2400 Fax: (773) 779-2401   | Privacy Policy ",1.59526E+12,R000515,116.0,Bobby,Rush,11/23/46,M,IL,1.0,Democrat,House,,164656,2020-07-20 15:46:40,,,,,,,,0.63306755,,,,,,,,,
27,Share your thoughts on mail-in voting with Congressman Devin Nunes," Click here to open this e-mail in its own browser window Click here to open a plain text version of this email Biography District Info Services Legislation News Center Contact My office is conducting a series of polls to collect information related to constituents of California's 22nd Congressional District. If you'd like to share your thoughts, please take this brief survey. If the survey is not displaying correctly, click on the link at the bottom of the survey to open it in a separate window. Do you believe the entire nation should move to a mail-in voting system for the 2020 presidential election, where each registered and active voter receives a mail-in ballot? Yes No Do you think mail-in voting is vulnerable to significant levels of fraud or do you think adequate protections exist to prevent significant levels of fraud? Vulnerable to significant levels of fraud. Adequate protections exist to prevent significant levels of fraud. Click to open in a separate window Please note that by participating in this survey, you will be registered to receive my e-newsletter that shares what I'm working on in Congress and at home in California. If you do not wish to receive future surveys, please click here. I hope you will reach out with any questions or concerns about current events and issues. Please feel free to email me at any time by clicking here . WASHINGTON, DC Longworth House Office Building Suite 1013 Washington, DC 20515 Main: (202) 225-2523 Fax: (202) 225-3404 VISALIA 113 North Church Street Suite 208 Visalia, CA 93291 Main: (559) 733-3861 Fax: (559) 733-3865 CLOVIS 264 Clovis Avenue Suite 206 Clovis, CA 93612 Main: (559) 323-5235 Fax: (559) 323-5528 ",1.59529E+12,N000181,116,Devin,Nunes,10/1/73,M,CA,22,Republican,House,,164636,2020-07-21 00:06:40,,,,,,,,0.7142421,,,,,,,,,
28,What you need to know about Vote-By-Mail," July 24, 2020 Constituent Services Contact: 561-998-9045 Dear Neighbor, This weekend, our nation lost an American hero and a tireless advocate for the right to vote, Congressman John Lewis. He dedicated his life to fighting for justice and equality, and his legacy reminds us of the power of going to the polls. As in past years, Floridians will have a choice of voting by mail, early in-person voting, or going to the polls on Election Day. VOTE-BY-MAIL IN FLORIDA You can register for a vote-by-mail ballot here . Any registered voter may request a vote-by-mail ballot before August 8th at 5pm for the primary election on August 18. Opting to vote by mail for the primary will also sign you up for a vote-by-mail ballot for the general election on November 3rd as well. You postage will be pre-paid in Palm Beach County. IS VOTING BY MAIL SAFE? Yes. Many states, including Florida, already allow vote-by-mail, and those that have all vote-by-mail elections have some of the highest turnout rates in the country without experiencing fraud. No one should have to choose between their right to vote and their health. CAN I STILL VOTE IN PERSON? Yes. If you choose to vote in person on election day, please double check to see if you have a new polling location , since some old ones will be closed due to COVID-19. Be sure to wear a mask and follow social distancing guidelines to keep yourself and others safe while you are at your polling place. Early voting will go from August 3rd through August 16th ( you can find early voting polling sites here ), and the polls will be open on election day, August 18th, from 7am-7pm. A SHARED RESPONSIBILITY As always, I encourage everyone to follow the CDC's best practices and rely on the CDC , Palm Beach County Health Department , and Florida Health Department for the most accurate and up-to-date information on confirmed cases. It's also not too late to participate in the 2020 Census! Your participation can help make sure our community gets the funding it needs to thrive. Click here to fill out a safe, secure census form. If you have questions, please feel free to reach out to my office in Boca Raton or D.C. by calling the numbers listed below. For regular updates, follow me on social media @RepLoisFrankel or sign up for my newsletter here . Sincerely, Congresswoman Lois Frankel Washington, DC Office 2305 Rayburn HOB Washington, DC 20515 Phone: 202-225-9890 Boca Raton District Office 2500 N. Military Trail, Suite 490 Boca Raton, FL 33431 Phone: 561-998-9045 Follow me on Twitter , Facebook , and Instagram @RepLoisFrankel for updates! Click here to  . ",1.5956E+12,F000462,116,Lois,Frankel,5/16/48,F,FL,21,Democrat,House,,164471,2020-07-24 14:13:20,,,,,,,,0.6038058,,,,,,,,,
29,Exercise Your Right: Vote by Mail is an Option," Exercise Your Right: Vote by Mail is an Option Congressman David Price Enews Sign Up | Visit My Website About David | Serving You | Issues | Newsroom | Contact GET CONNECTED: Dear    , Voting by mail is a safe and simple way to cast your ballot this fall. In North Carolina, any registered voter can apply to vote by mail. With the uncertainties surrounding the COVID-19 pandemic, voting by mail can help ensure that all our citizens have the opportunity to safely and securely exercise their right to vote. Below is information from the North Carolina State Board of Elections that includes instructions and important dates for those who prefer to vote by mail in the upcoming general election: How-to Vote by Mail: Send in a complete absentee ballot request form by email, fax, or hand-delivery to your County Board of Elections by 5:00 PM on October 27, 2020. Once you receive your ballot and fill it out: seal the ballot in the provided return envelope; and complete the Absentee Application and Certificate on the return envelope. Don't forget -- a witness must sign the return envelope for your ballot to be counted. Return your ballot by mail with the provided return envelope or deliver it in-person to the County Board of Elections by 5:00 PM November 3, 2020. Important Dates to Remember: October 27: The deadline to request your vote by mail ballot. November 3: Last day to return your completed ballot. Voting made simple: Check your registration status, absentee ballot request information & more with the NC Voter Search tool . DMV customers may now also register to vote online . Don't wait! Request your absentee ballot between now and October 27 th to ensure your vote gets counted in the upcoming general election. Sincerely, David Price Member of Congress WEBSITE |   | CONTACT Washington D.C. U.S. House of Representatives 2108 Rayburn Building Washington, DC 20515 Phone: 202.225.1784 Fax: 202.225.2014 Raleigh 436 N. Harrington St Suite 100 Raleigh, NC 27603 Phone: 919.859.5999 Fax: 919.859.5998 Chapel Hill 1777 Fordham Blvd, Suite 204 Chapel Hill, NC 27514 Phone: 919.967.7924 Fax: 919.967.8324 Click Here to view this email in your browser Click Here to be removed from this list ",1.59603E+12,P000523,116,David,Price,8/17/40,M,NC,4,Democrat,House,,164164,2020-07-29 13:40:00,,,,,,,,0.5760584,,,,,,,,,
30,What do you think? ," What do you think? If you are having trouble viewing this message or would like to share it on a social network, you can view the message online . Since the COVID-19 pandemic began, many states have implemented or discussed utilizing universal vote-by-mail, meaning every voter receives a ballot in advance of an election. In some instances, this system has resulted in lost ballots, ballots being sent to the wrong address or ballots sent to deceased individuals. Ensuring we have safe and secure elections is pivotal for the future of our democracy. While Congress has taken action to safeguard the election process, I'd like to hear from you. Please take a few moments to share your thoughts with me using the survey below. Do you support a universal mail-in ballot system in Texas? Yes No Unsure Currently, states are responsible for running their election systems, which body do you think is best equipped to handle elections? States should continue controlling elections The Federal government should take over elections Unsure *By answering this survey, you are subscribing to my newsletter. If you are having trouble, click here. Sign up for our newsletter! SUBSCRIBE RR Round Rock 1717 North IH 35 Suite 303 Round Rock, TX 78664 (512) 246-1600 BC Bell County 6544B S. General Bruce Drive Temple, TX 76502 Located next to the DPS office (254) 933-1392 DC Washington DC 2110 Rayburn H.O.B. Washington, D.C. 20515 (202) 225-3864 Update My Profile -   - Privacy Policy ",1.59648E+12,C001051,116,John,Carter,11/6/41,M,TX,31,Republican,House,,163820,2020-08-03 18:40:00,,,,,,,,0.61351264,,,,,,,,,
31,Congressman Jeff Van Drew Statement on Governor Murphy Imposition of All Mail-In Voting," News from Representative Van Drew For Immediate Release Contact: Scott Weldon (202)225-6572 Congressman Jeff Van Drew Statement on Governor Murphy Imposition of All Mail-In Voting MAYS LANDING - Today, Congressman Jeff Van Drew blasted the decision of Governor Murphy to require all voting this November General Election be done by mail. Any ballots cast in-person will be provisional, and not immediately counted. ""Governor Murphy is unilaterally threatening the integrity of this election. He continues to decide which science he agrees with and ignores what he does not; just yesterday, Dr. Anthony Fauci stated that in-person voting can be done safely,"" said Congressman Van Drew. ""Mail-in voting should be a part of a strategy to ensure safety, but allowing for a singular process that is time-consuming, unreliable and creates the potential for fraud is completely unacceptable."" ### Washington, DC Office 331 Cannon HOB Washington, DC 20515 Phone: (202) 225-6572 Mays Landing Office 5914 Main Street Suite 103 Mays Landing, NJ 08330 Phone: (609) 625-5008   | Privacy Open in browser window Open plain text version ",1.59742E+12,V000133,116,Jefferson,Van Drew,2/23/53,M,NJ,2,Republican,House,,163298,2020-08-14 15:46:40,,,,,,,,0.5559987,,,,,,,,,
32,Protecting the Postal Service," News from Representative Carson WEBSITE | CONTACT ME Forward to a Friend Upcoming Events: 'Office Hours in Your Neighborhood' has been temporarily suspended until further notice. August 14, 2020 Dear Friend, Every Hoosier and every American ought to be extremely concerned by this administration's attacks on the U.S. Postal Service (USPS). It seems clear they are deliberately trying to undermine the agency and slow service times in an attempt to sabotage vote-by-mail in the upcoming elections. In the middle of a pandemic, Americans who want to make their voices heard should not have to make the choice between risking their health by going to the polls, or risk their mail-in-ballot not being counted. This reckless assault on America's Postal Service isn't only a threat to our Democracy. It's also a threat to our livelihoods. Countless Americans depend on reliable U.S. Mail to do business, receive life-saving medications, keep in touch with loved ones, and much more. With the stakes so high, we must prevent this invaluable service from being crippled by partisan games. I have been proud to support efforts in Congress to modernize the Postal Service, but these recent attacks aren't about modernization or efficiencies. They are a deliberate strike against a service most working Hoosiers rely on every day. Congress has a constitutional duty to protect and support the Postal Service, and we're doing just that. This week, more than 170 of my congressional colleagues and I sent a letter to the Postmaster General demanding a reversal of the dangerous operational changes at the USPS. I also am continuing to urge the Senate and President Trump to support the Heroes Act -- the House's COVID-19 relief package that provides an additional $25 billion in funding for the U.S. Postal Service. If you are experiencing delays in service from the USPS, feel free to contact my office. Together, we can stop this attack on our Democracy and our well-being. Your Friend, André Washington, DC Office 2135 Rayburn House Office Building Washington, DC 20515 phone: 202-225-4011 fax: 202-225-5633 Indianapolis Office 300 E Fall Creek Pkwy. N. Dr. Suite 300 Indianapolis, IN 46205 phone: 317-283-6516   | Privacy Policy ",1.59743E+12,C001072,116,André,Carson,10/16/74,M,IN,7,Democrat,House,,163278,2020-08-14 18:33:20,,,,,,,,0.5651823,,,,,,,,,
33,Update on the U.S. Postal Service," Dear Friend, The U.S. Postal Service is essential to our democracy and securing vote-by-mail during this pandemic. But it's more than that. It's also about protecting jobs and ensuring that people in the East Bay are able to stay connected with loved ones and receive necessary medications, paychecks and tax returns. Protecting USPS is also personal for me - my grandfather was a letter carrier and the Postal Service has played a critical role for my family. Unfortunately, the Trump administration is waging a campaign to sabotage the Postal Service to disenfranchise voters in this election. Across the nation, Postmaster General Louis DeJoy continues to push forward sweeping new operational changes that degrade postal service, delay the mail and threaten to deny the ability of eligible Americans to cast their votes through the mail in the upcoming elections in a timely fashion. As I return to Congress this week with my colleagues in the House, I will do all I can to save USPS and hold accountable anyone who has deliberately undermined the Postal Service in the months before a national election. Additionally, I am calling on Postmaster General DeJoy to be removed from office for his deliberate interference in our election and for putting millions who rely on the mail for essential services at risk. I hope you will join me tomorrow at 2:30 p.m. PT for an Emergency Town Hall to discuss the sabotage of the Postal Service and voting in Alameda County in this election. Please join us here . I also want to hear from you in the East Bay. What does USPS mean to you? What issues are you experiencing? What do you rely on the U.S. Postal Service for the most? Medications Paychecks Vote-by-mail Staying connected with family Have you experienced problems with receiving mail recently? Yes, my mail has been delayed No Submit Click to open this survey in a separate window As always, my office is here for you. If you need help with a federal issue, please call my Oakland office at (510) 763-0370. You can also connect with me via email, Facebook, Twitter, and Instagram. Stay healthy and remember to wear a mask. Best, Barbara Lee   Click here to open this e-mail in its own browser window Click here to open a plain text version of this email [$$$Survey.2100160$$$] ",1.5977E+12,L000551,116,Barbara,Lee,7/16/46,F,CA,13,Democrat,House,,163146,2020-08-17 21:33:20,,,,,,,,0.5812908,,,,,,,,,
34,​NANCY PELOSI'S NOVEMBER POWER PLAY," ​NANCY PELOSI'S NOVEMBER POWER PLAY NANCY PELOSI'S NOVEMBER POWER PLAY Dear Friends, Elections require faith and confidence in the system - the belief that those counting ballots and doing the math behind the scenes are all above board and honest. As Americans, we know that every vote matters, and exercising our freedom to cast a ballot is an integral part of our civic duty. Unfortunately, in the 76 days till the November 3 rd election, Democrats are pushing to implement a nationwide scheme to force states to adopt something called ""universal mail-in voting."" Unlike traditional absentee voting, universal mail-in voting is where the state mails out ballots or applications for ballots to every person listed on the voter rolls. Several states have rushed to implement this ill-conceived system, and little has been done in these states to prevent voter fraud. In Georgia, voters simply have to request an absentee ballot and then apply. It's a fast and easy process, but the identity verification dramatically reduces the risks of voter fraud. Universal mail-in voting schemes don't require identity verification. Ballots are simply sent to any person on the list, and my fellow colleagues and I are concerned that this will lead to fraud-ridden ballot harvesting, ballots being issued to deceased voters or folks who have moved out-of-state, ballots being lost, and so on. As I described here last week, Democrats are pressing to enact changes in Washington that would force states into adopting universal mail-in systems and banning photo ID requirements. Speaker Pelosi believes these changes will help Democrats in November, and she was even willing to derail negotiations on another coronavirus stimulus package to push her outrageous partisan demands. Democrats are making a lot of headlines with wild accusations - with zero evidence, as usual - that President Trump is somehow trying to rig the election. As is often the case, Democrats are quick to accuse others of what they are guilty of doing. I believe that each state knows its own citizens best. Georgia knows Georgians. Election laws should be left up to the states - not Nancy Pelosi. HERE TO HELP We're halfway through the August District Work Period, and while Congress is in recess, my team and I are still hard at work for you. We are proud to help veterans receive their well-deserved benefits, seniors collect their social security checks, last-minute travelers obtain passports, and nonprofits and educational institutions gain grant awards. In fact this year, we've already help return more than $6.2 million to 10th District residents through grants, casework, and U.S. Service Academy scholarships. Here is what some them have to say: ""I know that most politicians promise a lot and rarely deliver but you, sir, are the exception. It seems you are truly there for us. I still don't know why the V.A. didn't handle the issue without you having to get involved but they didn't. Bottom line, she is getting the help she needs. It's happening because you helped make it happen."" - Veteran's grandfather in Winder ""I am typing this with tears flowing. I cried out to God in utter frustration very long and hard this morning as I prepared for work about what I have endured. It has been an extremely difficult and trying two years. I am humbled and grateful for your efforts and of this good news. I pray you find pure delight and joy in your life's work. Thank you.""- Newly naturalized citizen in McDonough ""You are my hero! I can't thank you enough for what you did for me. I'm glad God gave you the knowledge to work out whatever cases come your way. On June 19 th was my deadline, and you met it in time."" - Social Security recipient in Winder ""I am so happy to tell you I HAVE SET FOOT ON AMERICAN SOIL!!! Woohoo! I am currently in Dulles, Washington and will be flying out to Georgia at 7:15 in the morning. Thank you so much for absolutely everything."" - Traveler returning from South Africa ""Thank you so much for responding and so quickly. I am in tears and know that dad will be so elated that we have someone that is actually taking the time to help. This has started to bring back my faith in being able to depend on our members and employees in Congress."" - Daughter of a Vietnam veteran in Grayson ""I have received a favorable decision from the V.A. and was awarded 100% compensation for my service connected disabilities. Thank you very much for your help."" - Veteran in Wrightsville From the bottom of my heart, it is my honor to serve you. If you're having problems with a federal agency or need questions answered about any of the constituent services my office provides, I invite you to contact my Monroe office at (770) 207-1776 or my Milledgeville office at (478) 457-0007. A WORLD-CLASS OPPORTUNITY One major event that I host each August is Service Academy Day. This year, it will take place at 10:00 am at Georgia Military College on Saturday, August 29 th , and there's still time for you to sign up! Come learn how you may receive a world-class education at the U.S. Military Academy in West Point, NY; the U.S. Naval Academy in Annapolis, MD; the U.S. Air Force Academy in Colorado Springs, CO; the U.S. Merchant Marine Academy in Kings Point, NY; and the U.S. Coast Guard Academy (USCGA) in New London, CT. Admission to these prestigious institutions is highly coveted and comes with tuition paid in full, health benefits, a stipend, and the commitment to serve in the military for a minimum of five years upon graduation. Students, parents, and guidance counselors are all invited to learn about the admissions process and meet with officials from the academies and representatives from my congressional office. And don't worry. The event will include extra health and safety measures, including temperature checks at the door, the provision of hand sanitizer and masks, and designated seats to ensure the required social distancing. To register for Service Academy Day, please send an email to GA10Noms@ by Tuesday, August 25th. And visit my website for more information about the academy nomination process. POT IT LIKE IT'S HOT I guess you could say that this month's Hice Headliner was just mint to be. What a re- leaf it is to honor someone who is doing good in the community instead of focusing on all the chaos that is making the news headlines. That's why I was pleased to recognize Washington resident, Ruth Rogers - she's kind of a big dill ! This spring, Mrs. Rogers led an extraordinary volunteer effort to beautify downtown Washington. She, along with her sister Mary Burt and friend Hilda Wright, put in countless hours designing, planting, and tending flowerbeds, planter pots, and planter boxes throughout the downtown area. Mrs. Rogers is truly one unbeleafable lady. She's a retired schoolteacher who utilized an outdoor classroom to instruct her students in engaging, planting projects. An avid and knowledgeable gardener, she previously ran a part-time greenhouse endeavor in the community, and she has dedicated her time to church, school, and retirement groups to share her skills and encourage others. It is heartening to know that there are people like, Mrs. Rogers, who take pride in their community. Lettuce be thankful for Mrs. Rogers and to everyone who has enriched the City of Washington with this beautification project. It's definitely the encourage- mint we need. Is there someone you're rooting for? To nominate an outstanding individual who is making a positive impact in your community, please send an email to @ . Speak now or forever hold your peas . STAY IN TOUCH As always, please do not hesitate to reach out to my office with any questions or concerns. For continued updates on my work for you follow me on Facebook , Twitter , and Instagram . Sincerely, FOLLOW US In This Edition - NANCY PELOSI'S NOVEMBER POWER PLAY - HERE TO HELP - A WORLD-CLASS OPPORTUNITY - POT IT LIKE IT'S HOT - STAY IN TOUCH Top News OAN: One America News Investigates NexStar: KFDX 3 News at 5am Covington News: Hice Service Academy Day to include extra safety measures National Taxpayers Union: Paul-Biggs Legislation Would Expand HSA Options for Millions   | PRIVACY POLICY | CONTACT US Click Here to view this email in your browser Click Here to be removed from this list ",1.59777E+12,H001071,116,Jody,Hice,4/22/60,M,GA,10,Republican,House,,163117,2020-08-18 17:00:00,,,,,0.56426454,,,0.66163915,,,,,,,0.5696753,,
35,Urgent: Save the USPS," Urgent: Save the USPS Hello   -- The United States Postal Service, one of the most important American institutions, is in crisis. And while the Postmaster General announced that he'd delay changes until after the election, we must reverse the damage he's already done and fund the USPS. Seniors depend on the US Postal Service to deliver their lifesaving medications, small businesses look to them to reliably ship their products across the country, and veterans know that the US Postal Service is one of their largest employers in the nation. If all of that weren't enough, voters now more than ever are depending on the USPS to ensure the safety of their ballots and the integrity of our vote-by-mail system as we battle a global pandemic. Especially here in Colorado, where every registered voter receives a ballot by mail. We shouldn't have to choose between our right to vote and our health. Over three months ago, I voted for the HEROES Act in part to ensure that every state has the infrastructure it needs for November, including no-excuse vote-by-mail. Since then, Trump has admitted that he opposes emergency funding for the US Postal Service because it will increase voter turnout. Since Postmaster General Louis DeJoy assumed office in June, mail sorting equipment and blue mailboxes have vanished in many places across the country, creating backlogs and delays. In July, the Postal Service notified 46 states--including Colorado--and the District of Columbia that they might not be able to deliver some ballots cast by mail for the November election in time to be counted. Meanwhile, DeJoy still has a multimillion-dollar stake in his own company, which is a USPS contractor - yet another example of why we need campaign finance reform. The US Postal System is enshrined in our Constitution and has connected all corners of our nation for centuries. In addition to supporting the Heroes Act, which includes $25 billion for the Postal Service, I'm voting YES when the House returns to session later this week on the Delivering for America Act -- preventing the Postal Service from implementing any changes to operations or level of service it had in place on January 1, 2020. It will also include $25 billion for the Postal Service and will require all election materials to be treated as First-Class mail. Are you a Coloradan who depends on the U.S. Postal Service? Have you experienced delays in your mail delivery? If so, we want to hear from you. Follow this link to fill out a quick survey about your experience. Thanks for your help, Jason Crow Colorado's 6th Congressional District Sent by the Office of Congressman Jason Crow. Need help? Contact your Congressman . Click Here to view this email in your browser Click Here to be removed from this list ",1.59783E+12,C001121,116,Jason,Crow,3/15/79,M,CO,6,Democrat,House,,163103,2020-08-19 09:40:00,,,,,,,,0.5628309,,,,,,,,,
36,Don't mess with USPS," Friends, No matter where you stand politically, I will always protect your right to vote. And in the midst of the worst pandemic in 100 years-one that has already claimed the lives of nearly 16,000 New Jerseyans- voting by mail is the best way to protect our public health and safety this November. That's why, this week, I joined postal workers in Union City to speak out against President Trump's assault on the U.S. Postal Service ahead of the 2020 presidential election. Already, the operational changes implemented by Postmaster General Louis DeJoy have threatened timely delivery of people's paychecks, prescriptions, and other important business. I have heard from many of you who have pleaded for an end to these harmful policies that pushed the Postal Service to the brink of collapse. Earlier this week, Postmaster General DeJoy announced plans to reverse course on his recent actions. But after what we've seen, I can't simply take him at his word-the proof will ultimately be in the USPS' actions. New Jerseyans will know if their essential mail arrives on time. Like many federal agencies and businesses, the COVID-19 pandemic has presented big financial challenges to the Postal Service-and I've been fighting to include emergency aid for USPS in the federal coronavirus relief packages. Yet the President continues to stand in the way . Just last week, he admitted on live television that he will not fund the Postal Service because he believes it's in his personal, political interest to disrupt and discredit the election process and disenfranchise millions of voters. And now, he's suing the State of New Jersey for expanding your ability to vote safely by mail this November. In the midst of a once-in-a-century pandemic, you shouldn't have to jeopardize your personal health just to make your voice heard. For more information about when to expect your ballot and how to vote by mail in the state of New Jersey, visit . Sincerely, Bob Menendez Newark One Gateway Center, Suite 1100 Newark, New Jersey 07102 973.645.3030 (office) | 973.645.0502 (fax) Barrington 208 White Horse Pike, Suite 18 Barrington, New Jersey 08007 856.757.5353 (office) | 856.546.1526 (fax) Washington 528 Hart Senate Office Building Washington, D.C. 20510 202.224.4744 (office) | 202.228.2197 (fax) We'll be sending you regular updates from the office, on what's happening in New Jersey and on Capitol Hill. To   from any future updates, click here. ",1.59794E+12,M000639,116,Robert,Menendez,1/1/54,M,NJ,,Democrat,Senate,Bob,163044,2020-08-20 16:13:20,,,,,,,,0.6256412,,,,,,,,,
37,Congress is Headed Back to Washington to Protect USPS," Dear Friend, Thank you for speaking up and sharing what the U.S. Postal Service means to you here in the East Bay. This week, I heard from over 2,250 constituents about recent mail delays and problems with the Postal Service, which impact how we receive medications, run small businesses, stay connected with loved ones, and importantly, how we will vote in the upcoming election. We see across the country that the Postal Service has been removing or locking mailboxes, removing high-speed mail sorting machines, and changing operating procedures to slow service. Trump has admitted that he wants to prevent the Postal Service from being able to handle mail-in ballots in this election. These actions amount to sabotage of the Postal Service in the months leading up to an election when more Americans than ever will be relying on mail-in ballots. Let's be clear: this is about disenfranchisement of voters. Voter suppression is at the heart of Trump's reelection campaign, from the rollback of the Voting Rights Act to all the other ways they are trying to limit voting. This issue is also personal for me. After the first World War, one of the few government jobs for Black men was with USPS and it has served as a pathway to the middle class for many. My grandfather retired as a letter carrier after 35 years of service. Today, the Postal Service employs almost 700,000 people, including almost 5,000 mail carriers here in the Bay Area. 27% of the USPS workforce is Black, and 40% of the workforce represents communities of color. The attack on the Postal Service is not only an attack on our democracy, but will undercut the Black middle class across America and in our own community. The Postal Service is a vital employer that provides secure health benefits that are more crucial than ever - especially for people of color who are being disproportionately impacted by this pandemic and economic crisis. USPS was a lifeline for my family and continues to be a lifeline for many families today. I'll do everything I can to protect it. As I return to Congress this weekend with my colleagues in the House, I will do all I can to save USPS and hold accountable anyone who has deliberately undermined the Postal Service in the months before a national election. On Saturday, we will vote on the Delivering America Act that would prohibit : Changes that would affect service on a nationwide basis. Any changes to existing service standards. Closing, consolidating, or reducing the hours of any post office or postal facility. Changes that would have the effect of delaying mail or increasing the volume of undelivered mail. Removal, decommissioning, or other stoppage of mail sorting machines, other than for routine maintenance. The removal of mailboxes. The bill would also: Provide $25 billion in emergency coronavirus funding to support the Postal Service. Require the Postal Service to treat all official election mail as First-Class mail. Reverse any changes already implemented to the operations or policies of the Postal Service that delay mail delivery. Additionally, I joined 90 of my colleagues in a letter calling for Postmaster General DeJoy to be removed from office for his deliberate interference in our election and for putting millions who rely on the mail for essential services at risk. This fight is far from over, but rest assured, I will do all I can to protect the Postal Service and end the mail delays that threaten our democracy, jobs, and the safety of our community. As always, my office is here for you. If you need help with a federal issue, please call my Oakland office at (510) 763-0370. You can also connect with me via email, Facebook, Twitter, and Instagram. Stay healthy and remember to wear a mask. Best regards, Barbara Lee   Click here to open this e-mail in its own browser window Click here to open a plain text version of this email [$$$Survey.2100160$$$] ",1.59801E+12,L000551,116,Barbara,Lee,7/16/46,F,CA,13,Democrat,House,,163023,2020-08-21 11:40:00,,,,,,,,0.5851965,,,,,,,,,
38,Protecting the Postal Service," Protecting the Postal Service Dear friend, I am deeply concerned by the Trump Administration's attempts to harm the Postal Service and our communities as part of its attempts to undermine the integrity of our upcoming elections. The President has been quite clear that the two are connected. And I have heard from many of you that you share the same concerns. With this pandemic upon us, I strongly support efforts to move to vote by mail to help ensure that voters do not have to choose between this cherished right and their health. States have traditionally allowed voters to request absentee ballot applications and absentee ballots. Wisconsin is one of the majority of states that does not require any reason to vote absentee and I continue to urge my constituents to take advantage of that alternative. However, the integrity of the upcoming general election and our very democracy are under attack by the Trump Administration. The President has engaged in a relentless and unfounded stream of attacks on absentee voting, even while he votes by mail himself. Now, he has turned his attention to destroying the Postal Service where a Trump appointee has made clear his intent to sabotage the smooth delivery of mail, including medicines and ballots. I support the U.S. Postal Service which provides a valuable service to all Americans delivering to tens of millions of delivery points all over the country each day. It's a unique universal service obligation and its near-ubiquitous presence throughout our country has helped turn the Postal Service into one of the most highly respected federal government institutions. The Postal Service employs some 600,000 employees and provides critical services such as the delivery of prescription drugs, the 2020 Census, and mail-in ballots in addition to its regular delivery of bills and other mail that Americans need. By the large volume of mail I have gotten in the last two weeks, I know that my constituents agree about the need to protect both our Postal Service and the integrity of our elections. I have been hard at work on both fronts. In May, I supported passage of the HEROES Act (H.R. 6800), among other provisions, including $25 billion for the Postal Service to help respond to declining mail volumes and additional expenses related to the COVID-19 pandemic. Then last month, I joined colleagues in writing to urge House and Senate leaders to ensure the inclusion of at least $25 billion for the Postal Service in any final relief package. Besides funding challenges, the Postal Service is also facing the challenge of a President who is intent on undermining it to support his partisan political ambitions, especially as I and others have urged the use of vote by mail as a safe alternative amid this pandemic. As you know, reported recent changes at the Postal Service include eliminating overtime, turning off sorting equipment, requiring undelivered mail to pile up in Post Offices, turning off or removal of high sorting mailing equipment, and in some areas, the removal of blue boxes in the community. And again, it's not some coincidence as the President has made clear what the aim of these changes are. We must fight efforts to delay the mail and to protect the integrity of our elections. Upon hearing about these changes, including from constituents who are postal workers concerned about this strategy to delay the mail, I joined my colleagues in writing to share our opposition to such changes and to press the Postmaster General for answers. The Postmaster General released a statement earlier this week, in which he stated a suspension of these draconian policy changes. However, the damage has already been done, with no efforts to restore the operating levels that the USPS operated prior to the first round changes in June 2020. And, should these policy changes go into effect after the election, it would still affect the thousands of Americans who rely on the dependable and consistent service of USPS to deliver life-saving medications and paychecks. I am pleased that both the House Oversight and Reform Committee and the Postal Service's Inspector General have launched investigations into these changes. We need answers which the Postal Service has failed to provide adequately. This is why I recently joined colleagues in writing to urge the Postal Service's Board of Governors to remove the Postmaster General. Destroying this valuable public service is not leadership. I am also glad that Speaker Pelosi has called Congress back into session shortly to address this critical issue again and that a hearing will be held on August 24th so Members and the public can hear from the Postmaster General and the Chair of the Postal Service's Board of Governors During our upcoming session, the House will consider the ""Delivering for America Act"" (H.R. 8015), which would prevent the Postal Service from implementing any operational changes or reduction to the level of service it had in place on January 1, 2020, until the COVID-19 pandemic has ended. The legislation would also provide $25 billion in emergency funding for the Postal Service. I am a co-sponsor of this legislation and will vote for it when it comes before the House. Additionally, I hope that the Senate Majority Leader McConnell will take up this legislation quickly after its expected passage in the House. We must preserve the integrity of this critical institution. As many of you have pointed out, an unreliable Postal Service will severely impact our way of life, including putting the health and safety of older Americans who depend on the mail to get their medicines at risk and disenfranchising millions of voters who are unable to vote in person. It is always essential to the long term viability of the Postal Service that its customers can depend on the timely delivery of the mail otherwise they won't use it. The Postal Service is a public good, written into our constitution- not a business. I will continue fighting for this essential service that so many in our community and folks around the country depend on. Your friend, Gwen CONNECT WITH US: Click Here to view this email in your browser Click Here to be removed from this list ",1.59802E+12,M001160,116,Gwen,Moore,4/18/51,F,WI,4,Democrat,House,,163006,2020-08-21 14:26:40,,,,,,,,0.58636355,,,,,,,,,
39,What's Really Going On...," An important update from Congressman Gus Bilirakis August 23, 2020 Dear Friend, We will always have a United States Postal Service (USPS). Despite recent overly politicized rhetoric, there is no impending crisis. There is no threat to the ability of constituents to vote by mail through absentee ballot, just as they have in many previous elections. USPS currently has a deficit of $8.8 billion and $14 billion in cash on CARES Act, which was signed into law in March, gave them an additional $10 billion of borrowing authority. Importantly, medications sent through the mail will continue to be received in a secure and timely manner. However, the USPS needs to make some practical, pro-consumer changes in order to serve as good stewards of our tax dollars. While I don't agree with every sentiment in this column , the facts presented are crucial to remember, and are primary reasons I voted against the highly partisan measure the Speaker placed on the House Floor yesterday. This is a manufactured ""crisis"" designed for political purposes, and this position has been validated by former USPS leaders from both parties. The American people expect us to work together to get things accomplished and we have many pressing issues that need our immediate attention, including: ensuring small businesses and individuals hurt most by the pandemic receive the relief they need, and ensuring our health care providers and school systems have the resources they need to keep patients, employees and children safe. Additionally, my colleagues and I implored the Speaker to take up and pass the Commander John Scott Hannon Veterans Mental Health Care Improvement Act yesterday, which has already passed the Senate. It contains the IMPROVE Act, a vital Veteran suicide prevention bill that has widespread bipartisan support in the House. We need to get something done on this important issue. I urge my colleagues to stop with the political games and join me in finding common ground on these important matters. A special thank you to everyone who participated in my virtual townhall last week about the current federal response to COVID-19 in Florida and negotiations for another stimulus package. I appreciated all of the suggestions constituents gave regarding what they would like to see in the package. Your input and feedback helps to make me a better member of Congress! Continue reading for a brief overview of my work on your behalf last week! Assisting those Who are still Waiting for Help Many constituents have asked for my office's help tracking down their IRS Stimulus Payment. In response, my team has initiated a Congressional inquiry for them. When the IRS needs additional information from the constituent, it will call the constituent directly for follow-up. Calls will begin with the IRS employee providing their name and a ten-digit employee number. The IRS employee will then advise the constituent that the call is regarding an ""EIP inquiry"" I submitted. The IRS employee will then ask some questions to confirm the constituent's identity, such as SSN, name, DOB and address. Other probing questions may be asked if needed in order to determine what is causing the delayed stimulus payment. These questions are necessary to solve the problem. Please note that a real IRS employee will NEVER ask any constituent to make payment to the IRS over the phone. Additionally, the IRS has reopened the payment process for eligible families that did not file a tax return in 2018 or 2019 and did not previously receive $500 per dependent. These families can now claim those dependents by September 30 and receive a supplemental payment. Click here to learn more. Advocating for our Nation's Heroes I'm encouraged to read in this article that Veteran-owned businesses have had success with the Paycheck Protection Program (PPP) loans and look forward to encouraging further entrepreneurship in the Veteran community, particularly in STEM areas. __________________________________________________ During a recent Facebook Live Virtual Townhall, I received a few questions from concerned Veterans wanting to ensure they will continue to receive their medications through the mail in a timely manner. Yesterday, the VA informed me that VA prescriptions delivered via USPS orders are averaging less than three days delivery time, and more than 95 percent of VA prescriptions delivered via UPS next day service have been on time. However, as it has done since the inception of the pharmacy by mail program, the VA still continues to advise all Veterans to place requests to refill prescriptions ten days prior to the date the medication is needed. _______________________________________________________________________ As noted in this local story , Hillsborough County recently unveiled new body cameras. Providing this type of resource is exactly the type of support we must continue to give law enforcement. Better tools, improved training and greater transparency are important for protecting law enforcement and the public. _______________________________________________________________________ Additionally, i t was an honor to present a coin and flag to my constituent, Cecil ""Wig"" Wigmore, who turned 100 years old this week (pictured above). This spry resident of Elfers survived the Pearl Harbor attack and proudly served in the U.S. Army. Thank you for your service and Happy Birthday! Protecting Children, Supporting Patients and Promoting Public Health This article outlines bipartisan legislation I've authored to help protect abused children. A special thanks to Judge Lynn Tepper, for sharing her suggestions for how we can help meet the needs of children who have been abused, which culminated in the development of this bipartisan legislation. Now that we better understand the scientific data regarding the tragic long-term consequences which can result if appropriate intervention is not provided, we have an obligation to create a system of support that will enable these children to access trauma-informed care. I encourage more of my colleagues to join us in this important fight. _______________________________________________________________________ Last week, I had the privilege to meet with representatives of LifeLink (pictured above), the entity responsible for overseeing organ and tissue donation in Florida. We discussed the challenges they've experienced in the COVID-19 climate and necessary steps to ensure the sustainability of life-saving organ and tissue transplants. _______________________________________________________________________ I also enjoyed a briefing on the truly groundbreaking COVID-19 research being done at our own University of South Florida. These scientists are hard at work looking for better ways to detect, prevent and treat this virus. Celebrating Progress Last Tuesday marked the 100th anniversary of the day the 19th amendment to U.S. Constitution was ratified. The 19th Amendment granted all U.S. women the right to vote, and it was achieved through tireless advocacy by many suffrage supporters. Today, and every day, we remember their difficult journey and celebrate their success! In 2018, women represented 53% of all registered American voters, and they voted at higher rates than men. It is undeniable that women play a crucial role in determining the outcome of elections and have assumed a higher profile at all levels of national, state and local governments. On a personal note, I am honored to have several outstanding women in the highest leadership roles on my team. These smart, hardworking women serve as an asset to our community. Constituent Corner Last week, I received the following email from a constituent in Pinellas County. I'd like to thank you and your staff for the assistance given to me in obtaining my new credentials from DHS/ICE. They arrived today and I can now proceed. Your staff was very helpful and timely in their response. You have no idea how much it means to me and my family. This is just one example of the work we do each and every day. Constituent services are a critical element of our congressional office. The federal government is a massive operation, and my office is available if you ever need assistance in navigating the bureaucracy or cutting through red tape. We are here to serve you! Sincerely, Gus Bilirakis Member of Congress Rep. Gus Bilirakis | 2227 Rayburn HOB , Washington, DC 20901   @ Update Profile | About our service provider Sent by repbilirakis@ ",1.59818E+12,B001257,116,Gus,Bilirakis,2/8/63,M,FL,12,Republican,House,,162894,2020-08-23 10:53:20,,,,,,,,0.5615667,,,,,,,,,
40,Update on the US Postal Service Crisis from Congressman Andy Levin," Visit my Website Email Me Sign up for my Newsletter SAVING THE USPS Dear Friend, The United States Postal Service (USPS) has come under attack - from within. Postmaster General Louis DeJoy has gained national attention for his operational and organizational changes to the USPS, which have delayed mail delivery and degraded postal service quality. These actions threaten to deny the ability of eligible Americans to cast their votes through the mail in the upcoming elections. The Postal Service itself has warned that voters, even if they send in their ballots by state deadlines, may be disenfranchised in 46 states and Washington, D.C. because of the Postmaster General's manufactured delays. Postmaster General DeJoy has only promised vaguely to ""suspend"" these changes until after the November election, not abandon them. But I am not satisfied yet - significant questions and concerns regarding post-election operations remain unanswered, and this promise does nothing to repair damage already done. The USPS is one of the strongest symbols of a public good in every neighborhood across our country and we must protect it. It is the only organization dedicated to providing timely and affordable mail delivery service to every residential and business address in the United States and its territories. Here are just a few of the actions I'm taking to make sure Michiganders and all Americans can continue to depend on the USPS for timely, reliable service: I toured the Royal Oak Post Office and held a press conference with American Postal Workers Union Local 480-481 President Roscoe Woods and heard firsthand the many difficulties these essential workers have faced in recent weeks; I voted to pass H.R. 8015, the Delivering for America Act, to restore full service, prohibit operational changes until next year, and provide $25 billion the bipartisan USPS Board of Governors asked for to deal with the pandemic; and I called for the resignation or removal of Postmaster General DeJoy, who has already proven he is unfit for the job. Since day one of the pandemic, postal workers have continued to answer the call of service in every corner of our nation. Postal workers have delivered critical PPE needed to stay safe and mitigate the spread of the coronavirus during the public health emergency, helped our seniors remain connected with loved ones during a transition to social distancing, guaranteed Americans can continue to receive the prescriptions they depend on, and much more. If you or someone you know has been affected by the recent USPS changes, I encourage you to share your story with me in this brief survey . As we work to put pressure on the Senate and the Administration to act, your voice in this effort is critical. The U.S. Postal Service has been by our side, and now it's time to stand by theirs and fight back. Sincerely, Andy Levin Member of Congress Washington D.C. Office 228 Cannon House Office Building Washington, D.C. 20515 Phone: (202) 225-4961 Warren Office 30500 Van Dyke Avenue Warren, MI 48093 Phone: (586) 498-7122   ",1.59837E+12,L000592,116,Andy,Levin,8/1/60,M,MI,9,Democrat,House,,162784,2020-08-25 15:40:00,,,,,,,,0.56746376,,,,,,,,,
41,House takes action to preserve USPS," News from Representative Gallego Click here to open this e-mail in its own browser window Click here to open a plain text version of this email Dear    , I want to take a minute to update you on House action to preserve an important American institution- the United States Postal Service (USPS). As you may know, since early July of this year, there have been significant delays in USPS deliveries due to actions taken by Trump-appointed Postmaster General Louis DeJoy. By removing letter collection boxes, eliminating overtime for mail carriers, and shortening post office hours, Postmaster DeJoy has left veterans without important prescription medications, delayed paychecks, and threatened the ability of Americans to vote by mail in upcoming elections. Sadly, our district has experienced many of these problems firsthand: in a recent survey, over 850 constituents said that their letters and packages have been delayed, nearly 300 had to wait longer for their medications or medical supplies, and 243 said that payments they made by mail had been delayed. Additionally, significant numbers reported that their businesses had been impacted by delays, that it was harder to correspond with family and friends, and that their mail-in ballots had been delayed or not counted. The USPS is a Constitutionally mandated government institution, and its manipulation for political gain is unacceptable. That is why I am a proud cosponsor of the Delivering for America Act, and I voted for this bill when it passed the House on August 22, 2020. This bill requires USPS to restore and maintain all postal operations and services at their January 1, 2020 levels and provides $25 billion for Postal Service operations. It also requires that mail-in ballots and other election materials be considered first class mail for delivery priority, and mandates that USPS reverse any action that is causing processing or delivery delays. I will keep working to ensure the integrity of the Post Office, and to combat any efforts to undermine this essential service for political gain. Please do not hesitate to reach out to my office to share your thoughts on this matter by calling (202)225-4065 or sending a message through my website . Very truly yours, Congressman Ruben Gallego Ruben Gallego Member of Congress   | Privacy Policy ",1.59845E+12,G000574,116,Ruben,Gallego,11/20/79,M,AZ,7,Democrat,House,,162730,2020-08-26 13:53:20,,,,,,,,0.55858004,,,,,,,,,
42,Protecting the Postal Service," Protecting the Integrity and Reliability of the U.S. Postal Service As I've traveled across Minnesota, I've seen the important role that the U.S. Postal Service (USPS) plays in the lives of people across our state. From small towns and rural communities to our largest cities, millions of Minnesotans depend upon the USPS to deliver the letters and packages that fuel their lives and our state's economy. And in 2020, the mail is how hundreds of thousands of our state's residents plan to vote. In the past several weeks, I've raised deep concerns about the recent disruptions in mail service because these delays impact millions of businesses and households. They hit veterans, older citizens, rural residents, and U.S. military service members especially hard because they depend on the mail for important things like life-saving medications, paychecks, Social Security checks, census forms, and ballots. In fact, 80 percent of Veterans Administration outpatient prescription medicines are delivered via the USPS. With the COVID-19 pandemic still devastating our nation's economy and public health system, and a fast-approaching election that will include millions of mail-in ballots, I've been demanding answers from Postal Service officials about the reasons for the recent disruptions and the impact of those disruptions on timely, reliable mail delivery. -U.S. Senator Tina Smith *This newsletter was prepared, published, and mailed at taxpayer expense. If you would like to opt-out from receiving these emails, you can   here . Sudden Changes Slowing Mail Delivery Sudden operational and leadership changes put in place this summer by newly-installed Postmaster General Louis DeJoy-including removing mail-sorting machines and denying overtime to postal workers when mail volume is heavy-have slowed delivery for millions of people in Minnesota and across the country. This summer, media reports documented a week-long stoppage in mail service for residents of a public housing complex in Minneapolis. I've also heard from many constituents who contacted my office about mail delays all over the state. I received a letter from one Minnesotan who has been paying bills through the mail for years, and now, with mail delays, must pay late fees. Another Minnesotan, at high-risk for COVID-19, has been ordering much-needed prescriptions by mail instead of going to the pharmacy in person. This summer, he told me he was down to his last five days of medication and his refills had been somewhere ""in transit"" for a week. And I've also heard from a veteran who has had two heart attacks and takes ten pills each day for coronary problems. He receives these vital medications by mail from the VA and is worried they won't continue to arrive on time. While these delays are unacceptable, it is clear that they are not the fault of hard-working postal employees. For letter carriers in Minnesota and around the country, delivering the mail on time is in their DNA, and it's what they've been doing successfully for years. Recent mail delays are a result of the chaotic changes made by top USPS officials in Washington, and we need answers about why these changes were made so suddenly, and at a time when Americans are relying on the USPS more than ever. Responding to the Disruptions at USPS, Demanding Answers In August, to get a better understanding of the recent operational changes, I toured a large mail-processing center in Eagan and discussed with local USPS officials how the facility has been impacted. At the time, they had already lost two mail-sorting machines that could each sort 500,000 pieces of mail per day. They were scheduled to lose up to eight more by the end of August. So, in just this one Minnesota facility, the Postmaster General's decision to remove these machines is slowing down the delivery of millions of pieces of mail. In response to the concerns I've heard from Minnesotans across the state, I joined Senator Elizabeth Warren in asking the USPS Inspector General (IG) to investigate the impact that changes made by the Postmaster General have had on timely mail delivery. We also asked the IG to investigate any potential conflicts of interest that DeJoy might have, since he is heavily invested in delivery services that directly compete with USPS. I'm pleased that only a few days after we pushed for the inquiry, the Inspector General granted our request and is now doing a full investigation. I look forward to the results of the investigation, since the Postmaster General has failed to respond to my direct inquiries. The same day I was at the Eagan mail facility, Postmaster General DeJoy announced that he would suspend the changes he had previously ordered until after the November election. His announcement was due, in large part, to the pressure we were applying to get to the bottom of the mail disruptions. Unfortunately, he refused to commit to rolling back the changes and restoring Minnesota's mail-processing capacity. I'm now pressing the USPS Board of Governors, which oversees Postmaster General DeJoy and all postal operations, to reverse the changes he put in place. U.S. Service Members Also Hit Hard I'm also part of a push to ensure that American service members - especially those serving overseas - aren't hurt by the changes at USPS. I joined Senate Minority Leader Chuck Schumer (D-NY) and other Senate colleagues in writing to Postmaster General DeJoy and reminding him that USPS is the only service that can deliver to the Army Post Office (APO) and Fleet Post Office (FPO) addresses used by our military overseas. These deployed service members and their families are uniquely impacted by changes in service, because, often, the mail is the only reliable connection they have with loved ones during their military service. Service members also rely on the USPS for the delivery of medicines, ballots, bills, and countless other pieces of vital mail. Perhaps most important, service members depend on the mail to vote. Absentee ballots are the only way that most deployed service members can cast their ballots. Making absentee voting more difficult disenfranchises the very Americans who defend our nation. That is unacceptable. Working to Ensure Reliable Mail Service for Minnesota For more than six months, our nation has been rocked by an unprecedented pandemic that has created a public health and economic crisis. During this time, we need a postal service we can rely upon to deliver products for businesses, get prescription drugs to people who need them, and this year, to make sure every citizen who votes by mail has their ballot counted. During this pandemic and beyond, I will continue to push to ensure the USPS continues its long history of reliably delivering mail to every community in Minnesota and across the country. *This newsletter was prepared, published, and mailed at taxpayer expense. If you would like to opt-out from receiving these emails, you can   here . ",1599160000000.0,S001203,116,Tina,Smith,3/4/58,F,MN,,Democrat,Senate,,162367,2020-09-03 19:06:40,,,,,,,,0.5730344,,,,,,,,,
43,Are you voting early or by mail?," Are you voting early or by mail? Congressman Gerry Connolly Enewsletter INFO: Early Voting and Vote-By-Mail Dear Neighbor, Thank you all for continuing to do your best to stay healthy and keep those around us safe. It's more important than ever to continue wearing masks, physically distancing, and avoiding large crowds. As we continue to adhere to these safety precautions, I wanted to share some information about how you can safely vote. Request an Absentee Ballot by Mail: There has been much attention recently on the service changes and disruptions at the United States Postal Service. As Chairman of the House Government Operations Subcommittee, I have been leading the fight to protect the Postal Service and have opposed delivery standard changes proposed by Postmaster General Louis DeJoy. Thankfully, two recent court decisions halted these changes and congressional oversight has forced the Postmaster General to retreat on many of these changes. Voting absentee by mail early is still one of the safest ways to vote, and the USPS will be able to meet this challenge. To apply online to vote absentee by mail click here . If you would prefer to print out an application form, you can find that here . Military and overseas voters can find specific information regarding absentee voting here . If you have questions about applying for an absentee ballot, you can contact your local registrar's office at: Fairfax County Office of Elections : 703-222-0776; voting@ Prince William County Office of Elections : 703-792-6470. Fairfax City Office of Elections: 703-385-7890; Registrar@ Absentee Voting In-person: Northern Virginians can also now vote in-person absentee. As of July 2020, you no longer need a reason to vote absentee. At your registrar's office or satellite location, you will be required to provide your name and address, as well as provide a photo ID. A list of acceptable identification is available here . Fairfax County Early Voting Locations: Currently, you can vote at the Fairfax County Government Center, Monday - Friday from 8:00 AM to 4:40 PM. Fairfax County Government Center 12000 Government Center Pkwy Fairfax, VA 22035 Beginning October 14, 2020, Fairfax will open additional satellite locations in each magisterial district. Info on those satellite locations is available here . Additional Fairfax County Absentee Ballot information is available here . Fairfax City Early Voting Location: You can vote at the City of Fairfax Office of Elections Monday - Friday from 8:30 AM to 5 PM, plus the 2 Saturdays before the election from 8:30 AM to 5 PM. City of Fairfax Office of Elections 10455 Armstrong Street, Suite 300 Fairfax, VA 22030 Prince William County Early Voting Locations : Currently, you can vote at the following Prince William County locations, Monday to Friday from 8:30 AM to 5:00 PM and Saturday from 8:30 AM to 12:00 PM: Prince William Office of Elections 9250 Lee Ave Ste. 1 Manassas, VA 20110 Woodbridge Department of Motor Vehicles 2731 Caton Hill Road Woodbridge, VA 22192 Haymarket Gainesville Community Library 14780 Lightner Rd Haymarket, VA 20169 Beginning October 19, 2020, Prince William County will add eight satellite voting locations . Finally, if you would prefer to vote in person on Election Day, you can go to your current polling location. You can find that information here . As a reminder, the deadline to register to vote in November's election is October 13, 2020. If you are not registered to vote, you can register here . Please continue to take care of yourselves and each other, and remember that my office is here to help. Be sure to visit the COVID-19 page on my website for more information and resources. If you have any questions or concerns, or if you need assistance, please don't hesitate to call us at (703) 256-3071. Sincerely, Gerald E. Connolly Member of Congress Register to Vote Request an Absentee Ballot ### Washington, DC Office 2238 Rayburn HOB Washington, D.C. 20515 Phone: (202) 225-1492 Annandale Office 4115 Annandale Road, Ste. 103 Annandale, VA 22003 Phone: (703) 256-3071 Fax: (703) 354-1284 Prince William Office 2241-D Tacketts Mill Drive Woodbridge, VA 22192 Phone: (571) 408-4407 Fax: (571) 408-4708   | Visit My Website | Privacy Policy Click Here to view this email in your browser Click Here to be removed from this list ",1.60095E+12,C001078,116,Gerald,Connolly,3/30/50,M,VA,11,Democrat,House,,161388,2020-09-24 12:20:00,,,,,,,,0.6843977,,,,,,,,,
44,An Election Update You Can't Afford To Miss," An Election Update You Can't Afford To Miss Friday, October 9, 2020 WEBSITE | SHARE ON: Foxx Report Integrity has always been a hallmark of free and fair elections in the United States. But what happens when that integrity is compromised, the rules are drastically reconstructed, and the looming risk of voter disenfranchisement moves closer and closer into the foreground? In North Carolina, these questions are pressing. Recently, the North Carolina State Board of Elections (NCSBE) accepted a settlement agreement that would, in effect, change the rules of the election even after 320,000 voters cast their ballots. This is a clear lapse in both governance and oversight, and it conveys an unsettling message that pushing forward with a covert, partisan agenda is more important than ensuring a free, fair, and equitable elections process. This week, in response to the settlement, Congressman Rodney Davis, the Ranking Member of the Committee on House Administration, wrote to the NCSBE and expressed his concerns with the proposed changes that were outlined. I too share his concerns, and it's particularly troubling that with less than four weeks until the election, unwarranted modifications to the election system in North Carolina are being entertained. The fact of the matter is that many do not know about these changes, and with the rules shifting under their feet, voters are being left in the dark. This should never be the case in any election, in any state. Let's be clear: voter fraud corrodes the democratic process. The administration of free, fair, and equitable elections is not malleable, and it must be protected from bad actors. Rest assured, I will continue to provide you with updates on this issue, so that you stay informed. ICYMI: The China Task Force Report Last week, the China Task Force released its detailed report that highlights the generational threat of the Chinese Communist Party (CCP). For decades, the CCP has proven to be an untrustworthy adversary while also putting at risk American citizens' safety and prosperity. The report released by the China Task Force provides truth and clarity about the CCP's generational threat to American ideals and creates a detailed roadmap of actions we must consider to meet the greatest geo-political challenge of this generation. As the Republican Leader of the Committee on Education and Labor, I strongly agree with the China Task Force's recommendations to strengthen our 21st century workforce and protect the integrity of American education. Our committee has an obligation to address these issues by cultivating a skilled workforce to spur growth and technological advancement, and by requiring greater transparency of foreign investment in America's colleges and universities. If we want to preserve the American Dream for future generations, we need to implement reforms that will strengthen our workforce and protect our institutions of higher education from the CCP's evolving threat. Let's Talk About Rural Broadband In the High Country, high-speed internet access has been a longstanding issue, and I know first-hand the difficulties of getting reliable broadband internet service in rural areas. As I travel throughout the mountains in the Fifth District, I hear from many constituents who want to see this issue addressed. I think about how better broadband service can be extended for students, those who use telehealth services, and many more. Simply put, this is a digital divide that must be addressed, but we need to understand the facts of what areas need to be improved before a plan is enacted. The Rural Utilities Service and the Universal Service Fund together contribute nearly $10 billion a year in funding to support broadband deployment. Additionally, programs such as the Appalachian Regional Commission and similar programs also spend millions of dollars a year on rural broadband. Yes, there is already money being allocated to expand rural broadband, but when it comes to North Carolina specifically, there must be a coordinated effort so that more people can be reached without the need for excessive spending. In late June, GOP Leaders on the House Energy and Commerce Committee released a comprehensive package of 26 bills that aim to streamline the deployment of broadband infrastructure. At its core, internet access serves as a lifeline to millions of people, and it shouldn't be a luxury for a select few. It's time to have this conversation on how we can connect Americans to a service that carries unparalleled promise. Recent Events Meeting with Secretary DeVos at Jenkins Elementary School in Hickory Speaking in opposition to Speaker Pelosi's new socialist wish list Met with Peter Gwaltney of the NC Bankers Association, Bob Washburn and Joedy Eller of LifeStore Financial Group Have a blessed weekend. Sincerely, NOTE: Please DO NOT respond to this email as this inbox is unattended. To contact my office please click here . SIGN UP TO RECEIVE REGULAR UPDATES | PRIVACY POLICY | CONTACT US Click Here to view this email in your browser Click Here to be removed from this list ",1.60226E+12,F000450,116,Virginia,Foxx,6/29/43,F,NC,5,Republican,House,,36434,2020-10-09 16:13:20,0.5648151,,,,,,,,,,,,,,,,
45,Maintaining the integrity of our elections takes work," Maintaining the integrity of our elections takes work Fighting for a Free and Fair Election for All Americans October 10, 2020 Dear Friends, In these past weeks and months, President Trump has unleashed a torrent of false statements and disinformation about America's election security, and especially about mail-in-voting that millions of Americans have to rely on this year to safely cast their ballots. These deeply disturbing claims fly in the face of his own Administration's intelligence findings and law-enforcement leadership. More ominously, they appear to be a deliberate push to cast serious and unwarranted doubt on the integrity of our elections, a fundamental pillar of our democracy that America's enemies have long sought to undermine. Politics aside, this is a fact: voting by mail is proven to be overwhelmingly secure . And with the pandemic continuing to rage, we must take steps to fortify our elections and make sure every American's voting rights are honored and protected. Strengthening the security and integrity of our elections was our first and highest priority when Democrats gained the majority in the U.S. House of Representatives. In 2019, during the earliest days of our Democratic-led House, we advanced H.R. 1, the For the People Act , landmark legislation to protect and expand voter rights, shine sunlight on dark money from politics and guarantee free and fair elections for the American people. H.R. 1: For the People Act makes critical reforms across three key areas , including: Protecting and promoting clean and fair elections , expanding access to the ballot box by removing institutional barriers such as disenfranchisement and limited voting hours. Our bill also enhances federal support for voting system security and promotes integrity by restoring the Voting Rights Act and putting an end to partisan gerrymandering to prevent politicians from picking their voters. Ending the dominance of big money in our politics : H.R. 1 requires that all organizations involved in political activity disclose their large donors; and it amplifies the political power of everyday Americans -not special interests-by creating a multiple dollar matching system for small individual donations. Ensuring public officials work for the public interest : H.R. 1 increases accountability by, among other things, preventing Members of Congress from serving on corporate boards, and requiring presidents to disclose their tax returns to the American people. We built on this work with the passage of H.R. 4, the John R. Lewis Voting Rights Act , legislation that would restore the full powers of the original landmark 1965 Voting Rights Act by, among other things, restoring ""pre-clearance"", a key provision struck down by the U.S. Supreme Court in Shelby County v. Holder that opened the door for anti-voting rights states to impose significant voter suppression through scientifically-unfounded voter ID laws and other extreme measures. Our fight for election security could not be more vital to the strength of our democratic republic, and it has taken on added urgency in the midst of the COVID-19 crisis and President Trump's relentless efforts to undermine the democratic process. Our House majority once again delivered real, commonsense solutions by advancing an updated Heroes Act that, in addition to providing needed rescue for American families, workers and businesses, supplies $3.6 billion in federal resources to states that can be used to support early voting, voting-by-mail, hiring and recruitment of poll workers, PPE for poll workers, cybersecurity of voter registration databases, and much more. When the U.S. Senate reconvenes later this month to force through the President's political agenda and shape the Supreme Court against the wishes of most Americans, I also urge them to take up these critical pieces of legislation that address the far more urgent issue of ensuring a safe and secure election for the American people. Our democracy is only as strong as our elections. Congress must do everything in its power to protect the right to vote for each and every American. I, for one, will never stop fighting. As always, thank you for reading. Your friend, DID YOU KNOW? Throughout this pandemic, my office and I have worked to make sure you remain informed with the latest updates and recommendations on any and all COVID-19 related topics. With that in mind here is some information that may be of interest to you: Taxpayers who filed an extension of their 2019 tax returns to October 15 must file their tax returns on or before the deadline. Convenient electronic filing options , including IRS Free File , are still available. Taxpayers and tax professionals should continue to use electronic options to support social distancing and speed the processing of tax returns, refunds and payments. Although October 15 is the last day for most people to file, some taxpayers may have more time. They include: Members of the military and others serving in a combat zone . They typically have 180 days after they leave the combat zone to file returns and pay any taxes due. Taxpayers in federally declared disaster areas who already had valid extensions. For details, see the disaster relief page on . Several payment options are available on to help taxpayers who can't pay in full and some can offer taxpayers smaller penalties. Taxpayers should know: Though interest and late-payment penalties continue to accrue on any unpaid taxes after the original July 15 due date, the failure to pay tax penalty rate is cut in half while an installment agreement is in effect. The usual penalty rate of 0.5% per month is reduced to 0.25% per month. For the calendar quarter beginning Oct. 1, 2020, the interest rate for underpayment is 3%. WEBSITE |   | CONTACT Click Here to view this email in your browser Click Here to be removed from this list ",1.60231E+12,T000469,116,Paul,Tonko,6/18/49,M,NY,20,Democrat,House,,161015,2020-10-10 06:06:40,0.68104804,,,,,0.56848025,0.62034696,0.6187192,,,,,,,,,
46,Join my Virtual Town Hall on Election Security," Join my Virtual Town Hall on Election Security October 10, 2020 Dear Friend, With the 2020 election less than a month away, I know that many people are concerned about the security of the election. Given the pandemic, the recent fires and many more people voting by mail than in previous years, I want to make sure you have all the information about the security of the upcoming election. That's why this Tuesday, October 13 at 7:00pm PT, I will hold my fifteenth Virtual Town Hall with special guest John Tuteur, the Napa County Registrar of Voters. We will discuss election security and how to vote safely, particularly in light of the Coronavirus pandemic and the recent fires in many parts of our district. You will need to register for this event by emailing your name to @ . Shortly before the event you will receive an email with instructions on how to join and we will also simulcast the event on my Facebook page. I hope you will join me for this Virtual Town Hall. Know that you can always call my office if you need immediate assistance. Sincerely, Mike Thompson Member of Congress Washington, D.C. 406 Cannon House Office Building Washington, DC 20515 Phone: (202) 225-3311 Fax: (202) 225-4335 Hours: M-F 9-5:30pm Napa 2721 Napa Valley Corporate Drive Napa, CA 94558 Phone: (707) 226-9898 Fax: (707) 251-9800 Hours: M-F 9-5:30pm Santa Rosa 2300 County Center Drive. Suite A100 Santa Rosa, CA 95403 Phone: (707) 542-7182 Fax: (707) 542-2745 Hours: M-F 9-5:30pm Vallejo 420 Virginia Street Suite 1C Vallejo, CA 94590 Phone: (707) 645-1888 Fax: (707) 645-1870 Hours: M-F 9-5:30pm Privacy Policy |   Click Here to view this email in your browser Click Here to be removed from this list ",1.60234E+12,T000460,116,Mike,Thompson,1/24/51,M,CA,5,Democrat,House,,160992,2020-10-10 14:26:40,,,,,,,0.5590298,,,,,,,,,,
47,Vote-By-Mail is safe. Here's what you need to know.," News from Representative Sánchez Click here to open this e-mail in its own browser window Click here to open a plain text version of this email ABOUT LINDA SERVICES LEGISLATION ISSUES MEDIA CENTER CONTACT Dear Neighbor, We're now just 18 days away from the election on November 3, but many people across California and around the country are already voting! It's never been more important to exercise your duty and vote. As we navigate the ""new normal"" of the COVID-19 pandemic, even voting looks different. I know there is a lot of confusion about the process of voting by mail. Let me say this: vote-by-mail is safe. Get the facts about voting by mail below. If you have additional questions, visit the California Secretary of State's website and find more information about voting in the state of California here. Where do I get my mail-in ballot? Every registered voter in California will automatically receive a vote-by-mail ballot. Learn more about voting by mail here . I filled out my mail-in ballot. What now? How do I make sure it gets to the right place? Your vote-by-mail ballot must be postmarked on or before November 3 and received by your county elections office no later than November 20. No postage is required. You can also drop it off at a county elections office, any vote center or polling place in California, or any ballot drop-off location or drop box before the polls close at 8:00 p.m. on November 3. Okay, but how do I find a ballot drop box? You can locate the nearest vote by mail drop box for Los Angeles County here or Orange County here. How do I know my mail-in ballot was actually received and counted? Use ""Where's My Ballot?"" tool from the California Secretary of State. Sign up at to receive automatic updates on the status of your vote-by-mail ballot by text message (SMS), email, or voice call. I would like to request a ballot in my native language. How do I do that? Improved Vote by Mail ballot is now available in 13 languages. Voters may call a toll free number to request that translated election materials are mailed to them every election. They can also receive information about or request vote center locations, bilingual voter registration cards, translated vote-by-mail application and sample ballot booklets. Contact the Bilingual Assistance Hotline at 1-800-815-2666, option 3. You can also learn more here. Your vote matters, so take steps to make sure that you can get your voice heard! You can vote by mail. You can vote early, in person. You can vote in person on November 3. If you need help, or know someone who does, please call my office at (562) 860-5050 or visit my website. Stay safe, Linda T. Sánchez Member of Congress Estimados Vecinos, Ya estamos 18 días hasta la elección del 3 de noviembre, pero hay mucha gente en todo California y en el país que ya están votando! Nunca ha sido más importante a ejercer su responsabilidad y votar. Mientras navegamos por la ""nueva normalidad"" de la pandemia de COVID-19, incluso votando se ve diferente. Yo se qué hay mucha confusión sobre el proceso de votar por correo. Déjame decir esto: votar por correo es seguro. Obtenga información sobre cómo votar por correo aquí. Si tiene preguntas adicionales, por favor visite la página web de la Secretaría de Estado de California, y encuentre más información sobre votando en el estado de California aquí. ¿Dónde recibo mi boleta electoral para votar por correo? Todos los votantes registrados en California recibirán automáticamente una boleta electoral por correo. Obtenga más información sobre cómo votar por correo aquí. Llené mi boleta electoral . ¿Ahora qué hago? ¿Cómo me aseguro de que llegue al lugar correcto? Su boleta electoral devuelta por correo debe ser mastellada en o antes del 3 de noviembre y recibida por su oficina de elecciones del condado no más tarde del 20 de noviembre. No se requiere gastos de envío. También la puede entregar en una oficina de elecciones del condado, cualquier centro de votación o sitio de votación en California, o cualquier urna antes de que sierren los centros de votación a las 8:00 p.m. en el 3 de noviembre. Bueno, pero ¿cómo encuentro una urna? Puede ubicar la urna más cerca de usted en el condado de Los Ángeles aquí o el condado de Orange aquí. ¿Cómo sé que mi boleta electoral fue recibida y contada? Use la herramienta de ""Dónde Está mi Boleta?"" de la Secretaría de Estado de California. Registrase en para recibir actualizaciones automáticas sobre el estado de su boleta por correo por mensaje de texto (SMS), correo electrónico, o llamada de voz. Me gustaría recibir una boleta en mi lengua materna. ¿Cómo lo hago? La boleta electoral mejorada ya está disponible en 13 idiomas. Votantes hasta pueden llamar a un número gratuito para solicitar que los materiales de las elecciones estén traducidos y mandados a ellos en cada elección. Ellos también puede recibir información sobre o solicitar las ubicaciones de los centros de votación, tarjetas de registro de votantes bilingües, aplicaciones para votar por correo ya traducidas, y folletos de boletas de muestra. Contacte la Línea Directa de Asistencia Bilingüe al 1-800-815-2666, opción 3. También puede encontrar más información aquí. Su voto es importante, así que ¡tome las medidas para asegurarse de que su voz se escuche! Puede votar por correo. Puede votar temprano, en persona. Puede votar en persona el 3 de noviembre. Si necesita asistencia, o conoce a alguien que la necesite, por favor llame a mi oficina al (562) 860-5050 o visite mi página web. Manténgase seguro, Linda T. Sánchez Miembro del Congreso Always Here to Help I am always available to help you with any federal matter. Please contact me if you need help with a federal issue , such as Medicare or federal agencies including the Social Security Administration or the Department of Veterans Affairs, would like to order a flag , are requesting tours and tickets for a visit to Washington, DC, or are considering applying to a military academy . Norwalk, CA Office 12440 E. Imperial Hwy., Ste.140 Norwalk, CA 90650 p: (562) 860-5050 f: (562) 924-2914 Washington D.C. Office 2329 Rayburn HOB Washington, DC 20515 p: (202) 225-6676 f: (202) 225-1012 This message was sent from an unmonitored, ""send only"" mailbox. If you wish to respond or leave a comment, please go to the following page on my website: .   | Privacy Policy ",1602870000000.0,S001156,116,Linda,Sánchez,1/28/69,F,CA,38.0,Democrat,House,,36635,2020-10-16 17:40:00,,,,,,,,0.613916,,,,,,,,,
48,Have you voted yet? Check out these resources!," Hi, I want to share a few updates with you on the work I have been doing for our community recently, but first, please check out some of these resources to make sure your vote is counted this election! Are you ready to vote? Election Day is only 11 days away! Here are a few tips and tools to make sure your voice is heard this election. Don't forgot to sign and date your envelope! When a ballot is received by county elections officials, the signature on the envelope is compared to the signature on file. If it doesn't match, you'll be contacted to resolve the issue! You can track your ballot! All vote-by-mail ballots come with return envelopes that have pre-paid, first class postage, and a unique barcode that you can track with the "" Where's My Ballot? "" program. Return your completed ballot by mail or drop box. Ballot drop boxes are a convenient and secure way to return your ballots. Make sure you are only dropping off your ballot at an OFFICIAL county elections drop box. Find official drop boxes in your county at: . Fill in your bubbles totally & completely. When completing your ballot, make sure the bubbles are filled in fully within the lines and with ONLY black or blue ink. Come prepared if you hit the polling booth! If you plan to vote in person, make sure you come prepared just in case the lines are long. I recommend packing snacks, sunscreen, water, hand sanitizer, and of course, wear a mask! (Bring extras for a friend!) P.S. Don't forget to peel off your ""I Voted"" sticker and wear it proudly! In other news... I was pleased to introduce my Zero-Emission Vehicles Act with Rep. Joe Neguse and Senator Jeff Merkley to transition new car sales to zero-emission vehicles by 2035. Our bill will help us lead the world in vehicle innovation, combat the climate crisis, and reduce premature deaths caused by internal combustion engine pollution. We are already experiencing devastating effects of the climate crisis in California, but we can still protect our planet for future generations if we take aggressive action now! I also introduced the INSPECT Act to improve safety at decommissioning nuclear power plants. The bill would require the Nuclear Regulatory Commission (NRC) to keep a resident inspector at decommissioning nuclear power plants until all spent fuel is transferred from the spent fuel pools to canisters. While the NRC failed to maintain a resident inspector at San Onofre during its transfer process, this bill will ensure that other plants have that safety measure in place moving forward. Finally, Día de Los Muertos is right around the corner! I would love to see how everyone is celebrating their Day of the Dead festivities in the District. Please share your alters, face paint, and traditions for celebrating your loved ones that have passed on Día de Los Muertos. Tag me on Instagram or Twitter , and I will share with my followers! Looking forward to seeing your amazing photos. Have a great weekend everyone! Best, Rep. Mike Levin Washington, DC Office 1626 Longworth HOB Washington, DC 20515 Phone: (202) 225-3906 Oceanside Office 2204 El Camino Real Suite 314 Oceanside, CA 92054 Phone: (760) 599-5000 Dana Point Office 33282 Golden Lantern Suite 102 Dana Point, CA 92629 Phone: (949) 281-2449   ",1603450000000.0,L000593,116,Mike,Levin,10/28/78,M,CA,49.0,Democrat,House,,36902,2020-10-23 10:46:40,,,,,,,,,,,,,,,0.5548351,,
49,JOIN ME: Discussion on Debunking Election Myths and Disinformation," JOIN ME: Discussion on Debunking Election Myths and Disinformation Dear Friend, Ensuring the integrity of our elections is absolutely imperative. It is essential we counter the intentional spread of myths and disinformation meant to undermine our electoral 's why TOMORROW at 11:30am I'll be hosting a Facebook Live discussion with Quentin Palfrey, Chair of Voter Protection Corps, and Pam Wilmot, Vice President of State Operations for Common Cause to debunk the top examples of myths and disinformation being circulated just a few days before the HERE to RSVP on Facebook to make sure you get a reminder to tune in! Warm Regards,Lori TrahanMember of Congress P.S. Due to the ongoing public health crisis, my offices will continue to be physically closed. However, my staff and I are teleworking full time and can be reached via phone at 978-459-0101 or by email at @ widgetimage widget Dear Friend, Ensuring the integrity of our elections is absolutely imperative. It is essential we counter the intentional spread of myths and disinformation meant to undermine our electoral process. That's why TOMORROW at 11:30am I'll be hosting a Facebook Live discussion with Quentin Palfrey, Chair of Voter Protection Corps, and Pam Wilmot, Vice President of State Operations for Common Cause to debunk the top examples of myths and disinformation being circulated just a few days before the election. CLICK HERE to RSVP on Facebook to make sure you get a reminder to tune in! Warm Regards, Lori Trahan Member of Congress P.S. Due to the ongoing public health crisis, my offices will continue to be physically closed. However, my staff and I are teleworking full time and can be reached via phone at 978-459-0101 or by email at @ . WASHINGTON, DC OFFICE 1616 Longworth HOB Washington, DC 20515 Phone: (202) 225-3411 LAWRENCE OFFICE 15 Union Street 4th Floor Lawrence, MA 01840 Phone: (978) 258-1138 LOWELL OFFICE 126 John Street Lowell, MA 01852 Phone: (978) 459-0101 FITCHBURG OFFICE HOURS Fitchburg State University Center for Professional Studies 150B Main Street Fitchburg, MA 01420 Phone: (978) 459-0101 Hours: Tuesdays & Thursdays, 8:30 AM â 12:00 PM ACTON OFFICE HOURS Acton Town Hall, Room 121 472 Main Street Acton, MA 01720 Phone: (978) 459-0101 Hours: 1st and 3rd Wednesdays of the Month, 8:30 AM â 12:00 PM 15 Union Street HUDSON OFFICE HOURS Hudson Public Library 3 Washington Street Hudson, MA 01749 Phone: (978) 459-0101 Hours: 2nd and 4th Wednesdays of the Month, 9:00 AM â 12:00 PM   | Share on Facebook | Share on Twitter Click Here to view this email in your browser Click Here to be removed from this list ",1603880000000.0,T000482,116,Lori,Trahan,10/27/73,F,MA,3.0,Democrat,House,,37166,2020-10-28 10:13:20,0.5669888,,,,,,,,,,,,,,,,
50,TODAY: Discussion on Debunking Election Myths and Disinformation," TODAY: Discussion on Debunking Election Myths and Disinformation Dear Friend,Ensuring the integrity of our elections is absolutely imperative. It is essential we counter the intentional spread of myths and disinformation meant to undermine our electoral 's why TODAY at 11:30am I'll be hosting a Facebook Live discussion with Quentin Palfrey, Chair of Voter Protection Corps, and Pam Wilmot, Vice President of State Operations for Common Cause to debunk the top examples of myths and disinformation being circulated just a few days before the HERE to RSVP on Facebook to make sure you get a reminder to tune in!Warm Regards,Lori TrahanMember of Congress P.S. Due to the ongoing public health crisis, my offices will continue to be physically closed. However, my staff and I are teleworking full time and can be reached via phone at 978-459-0101 or by email at @ widget Dear Friend, Ensuring the integrity of our elections is absolutely imperative. It is essential we counter the intentional spread of myths and disinformation meant to undermine our electoral process. That's why TODAY at 11:30am I'll be hosting a Facebook Live discussion with Quentin Palfrey, Chair of Voter Protection Corps, and Pam Wilmot, Vice President of State Operations for Common Cause to debunk the top examples of myths and disinformation being circulated just a few days before the election. CLICK HERE to RSVP on Facebook to make sure you get a reminder to tune in! Warm Regards, Lori Trahan Member of Congress P.S. Due to the ongoing public health crisis, my offices will continue to be physically closed. However, my staff and I are teleworking full time and can be reached via phone at 978-459-0101 or by email at @ . WASHINGTON, DC OFFICE 1616 Longworth HOB Washington, DC 20515 Phone: (202) 225-3411 LAWRENCE OFFICE 15 Union Street 4th Floor Lawrence, MA 01840 Phone: (978) 258-1138 LOWELL OFFICE 126 John Street Lowell, MA 01852 Phone: (978) 459-0101 FITCHBURG OFFICE HOURS Fitchburg State University Center for Professional Studies 150B Main Street Fitchburg, MA 01420 Phone: (978) 459-0101 Hours: Tuesdays & Thursdays, 8:30 AM â 12:00 PM ACTON OFFICE HOURS Acton Town Hall, Room 121 472 Main Street Acton, MA 01720 Phone: (978) 459-0101 Hours: 1st and 3rd Wednesdays of the Month, 8:30 AM â 12:00 PM 15 Union Street HUDSON OFFICE HOURS Hudson Public Library 3 Washington Street Hudson, MA 01749 Phone: (978) 459-0101 Hours: 2nd and 4th Wednesdays of the Month, 9:00 AM â 12:00 PM   | Share on Facebook | Share on Twitter Click Here to view this email in your browser Click Here to be removed from this list ",1603970000000.0,T000482,116,Lori,Trahan,10/27/73,F,MA,3.0,Democrat,House,,37207,2020-10-29 11:13:20,0.56393844,,,,,,,,,,,,,,,,
51,Your Vote Matters!," Having trouble viewing this email? View it on our website. Home Services Issues Media Center Contact November 2, 2020 Your Vote Matters! Dear Friends, Election Day is upon us, and I cannot emphasize enough that your vote matters! Earlier this month, I joined Secretary of State Nellie Gorbea and local officials at North Kingstown Town Hall to kick off early voting in Rhode Island and to urge voters to exercise their right to vote. Due to the pandemic, voting this year is a bit different, but if you have not yet cast your ballot, there are still options open to you. You can still vote early in-person at your local Board of Canvassers until this evening. If you have a mail ballot, you can drop it off at designated drop boxes before 8:00pm tomorrow. Or, of course, you can vote in person at your polling location tomorrow, Election Day. If you have already mailed your ballot, you can check its status by using the State's online tracking tool . No matter what method you decide to vote, if you're going to interact with people, make sure to follow safety guidelines like wearing a face covering and social distancing! I also want to underscore that it is critical that you rely on trusted sources for the latest election information and always verify stories you may hear or read. Two reliable resources for Rhode Islanders are the 2-1-1 Voter Information Hotline and the official Rhode Island Secretary of State website: . Election officials and staff have been working around the clock to adapt to challenges presented by the health crisis, and now it is up to each of us to make sure we participate in the democratic process. Remember, voting is a right that is protected by law. A Know Your Rights guide is also available for reference. To keep up with the latest on my work in Congress, please visit my website and follow me on Twitter , Facebook , YouTube and Instagram . Sincerely, Bolstering Cybersecurity in Schools With millions of students and families relying on online connectivity for remote learning during the coronavirus pandemic, we must ensure cybersecurity is a top priority and that the networks schools are using are safe and secure. Congresswoman Doris Matsui and I introduced the Enhancing K-12 Cybersecurity Act to promote improved coordination and access to information to bolster school cybersecurity. This legislation will protect student privacy and prevent interruptions to distance learning. Honoring Angels in Adoption Kimberley and AJ Maynard of Chepachet and Emilia and Robert Morsilli of Hope were recognized as 2020 Angels in Adoption last month. These families represent the best of Rhode Island, and I applaud their passion to provide children in need with safe and welcoming forever homes filled with love. I was proud to nominate these adoptive parents because they always look out for children from vulnerable newborns at Women & Infants, to the beautiful children they have welcomed to their loving families. Join the Conversation: --> Save The Date DEPENDENT STIMULUS PAYMENTS File by November 21 Deadline to claim stimulus payments of $500 per qualifying child for those who only received their own automatic payment earlier this year. Did You Know...? GOOD CYBER HYGIENE October was National Cybersecurity Awareness Month, and Rep. Langevin joined RI State Senator Lou DiPalma virtually for his Fourth Annual Cyber Hygiene Event to cover the steps we should all be taking to ensure our devices and systems are secure. ›› FAST FACT The more than 60 million people with Medicare can review health and prescription drug plans and make changes to their healthcare coverage for next year. ›› In Other News ENSURING ELECTION SECURITY Rep. Langevin told The Washington Post he has high confidence that our elections are more secure this year but a continued all-hands-on-deck approach is needed. ›› ADDITIONAL BUSINESS RELIEF Rep. Langevin spoke of the importance of additional aid for mom-and-pop shops and restaurants as winter approaches. ›› SUPPLY CHAIN PROTECTIONS Rep. Langevin emphasized the Cyberspace Solarium Commission's new white paper that provides a framework for immediate federal action to address rapidly growing supply chain risks. ›› WATERFIRE SALUTE TO VETERANS Rep. Langevin will be a guest at the upcoming WaterFire Salute to Veterans online program airing November 14 at 8:00pm. ›› IMPROVING THE PORT OF GALILEE Rep. Langevin joined the RI Congressional Delegation, DEM Director Janet Coit, and local officials to announce $5.2 million in improvements at the Port of Galilee. ›› CELEBRATING OLD TOWER HILL ROAD ENHANCEMENTS Rep. Langevin joined Senator Jack Reed and South Kingstown officials to celebrate the completion of the $3.9 million Old Tower Hill Road project. ›› RALLYING WITH THE ARMENIAN COMMUNITY Rep. Langevin joined members of the local Armenian community to urge the cessation of offensive operations endangering civilians in Nagorno-Karabakh and to call for the immediate withdrawal of Azerbaijani forces. ›› PRIVACY STATEMENT: This is an official email from Congressman Jim Langevin. You have received this email by signing up on my website for periodic updates to your email account. If you have not received this email directly, I invite you to join other Rhode Islanders in the Second Congressional District in signing up for my email updates . Please know that because I respect your privacy, your information will never be shared or sold. Also, updates will not overwhelm your email inbox. If you no longer wish to receive these updates, you may   . ",1.60432E+12,L000559,116,James,Langevin,4/22/64,M,RI,2,Democrat,House,Jim,37446,2020-11-02 12:26:40,,,,,,,,0.5703565,,,,,,,,,
52,Find Your Polling Place," Find Your Polling Place U.S. Congressman Don Beyer | E-Newsletter Find Your Polling Place | 11.2.2020 Click here if you have trouble viewing this email Dear Constituent, Tomorrow is Election Day. I hope that you will vote in the 2020 election tomorrow if you have not already done so. You can find your polling place via the Virginia Department of Elections . Remember: current Virginia election law requires all voters to provide either an acceptable form of ID or sign an ID Confirmation Statement at the polls. Acceptable forms of ID include: Voter confirmation documents you received after you registered to vote Virginia DMV-issued Driver's License or Identification Card Valid United States Passport Any ID card issued by the US, Virginia, or a local Virginia government Any student ID card issued by a US university or community college Valid student ID issued by a public school or private school in Virginia Employer-issued photo ID card Any current utility bill, bank statement, government check, paycheck, or other government document with your name and address An ID Confirmation Statement See a complete list here Voters who do not bring an acceptable ID to the polls or do not sign an ID Confirmation Statement will be offered a provisional ballot. My friend, the late Civil Rights leader Congressman John Lewis, would often remind us that friends of his gave their lives to ensure that every American has the right to vote. I hope that you will exercise that right. Please vote! Thank you for your consideration and participation, and please share this information with anyone who might find it helpful! Best, Share on Facebook | Share on Twitter | Permalink Washington, DC Office 1119 Longworth HOB Washington, DC 20515 Phone: (202) 225-4376 Fax: (202) 225-0017 District Office 1901 N. Moore St. Suite 1108 Arlington, VA 22209 Phone: (703) 658-5403 Fax: (703) 658-5408 UPDATE SUBSCRIPTION OPTIONS | PRIVACY POLICY | CONTACT US Click Here to view this email in your browser Click Here to be removed from this list ",1.60434E+12,B001292,116,Donald,Beyer,6/20/50,M,VA,8,Democrat,House,,37469,2020-11-02 18:00:00,,,0.5834686,,,,,,,,,,,,,,
53,[Corrected Link] -- Find Your Polling Place," [Corrected Link] -- Find Your Polling Place U.S. Congressman Don Beyer | E-Newsletter Find Your Polling Place | 11.3.2020 Click here if you have trouble viewing this email Dear Constituent, Today is Election Day. I hope that you will vote in the 2020 election if you have not already done so. You can find your polling place via the Virginia Department of Elections . Remember: current Virginia election law requires all voters to provide either an acceptable form of ID or sign an ID Confirmation Statement at the polls. Acceptable forms of ID include: Voter confirmation documents you received after you registered to vote Virginia DMV-issued Driver's License or Identification Card Valid United States Passport Any ID card issued by the US, Virginia, or a local Virginia government Any student ID card issued by a US university or community college Valid student ID issued by a public school or private school in Virginia Employer-issued photo ID card Any current utility bill, bank statement, government check, paycheck, or other government document with your name and address An ID Confirmation Statement See a complete list here Voters who do not bring an acceptable ID to the polls or do not sign an ID Confirmation Statement will be offered a provisional ballot. My friend, the late Civil Rights leader Congressman John Lewis, would often remind us that friends of his gave their lives to ensure that every American has the right to vote. I hope that you will exercise that right. Please vote! Thank you for your consideration and participation, and please share this information with anyone who might find it helpful! Best, Share on Facebook | Share on Twitter | Permalink Washington, DC Office 1119 Longworth HOB Washington, DC 20515 Phone: (202) 225-4376 Fax: (202) 225-0017 District Office 1901 N. Moore St. Suite 1108 Arlington, VA 22209 Phone: (703) 658-5403 Fax: (703) 658-5408 UPDATE SUBSCRIPTION OPTIONS | PRIVACY POLICY | CONTACT US Click Here to view this email in your browser Click Here to be removed from this list ",1.6044E+12,B001292,116,Donald,Beyer,6/20/50,M,VA,8,Democrat,House,,37491,2020-11-03 10:40:00,,,0.60069543,,,,,,,,,,,,,,
54,As Ballots are Still Being Counted…," News from Representative Brooks RESOURCES ISSUES LEGISLATION CONTACT Dear Friend, Thank you to the record number of Americans who fulfilled their civic duty by voting this election. I also want to thank the thousands of election officials and hundreds of thousands of poll workers across this country who worked to ensure Americans could vote safely during this pandemic. Thanks to the leadership of Indiana's Secretary of State, Connie Lawson, hopefully Hoosiers cast their ballots without fear of fraud or election interference. As ballots across the nation are still being counted and misinformation continues to circulate, I would like to take the opportunity to share the ways the government is working to protect election integrity. I want to reassure you that Indiana and the rest of our nation's elections are fully protected. This is all because of the hard work of our county officials, Secretaries of State, and federal officials who work year-round to protect our elections. The Cybersecurity and Infrastructure Security Agency (CISA) is responsible for our national election security. Over the past three and a half years, they have worked to ensure the 2020 election is safe from bad actors. We know there were attempts from Iran and Russia to attempt to interfere with the 2020 election. Thankfully, our federal agencies including the CISA, were able to address this threat quickly and efficiently. While ultimate responsibility for administering elections rests with state and local governments, CISA offers a variety of free services to help states ensure both the physical security and cybersecurity of their election's infrastructure. CISA helped state and local officials ensure election security leading up to Election Day, on Election Day itself, and in the days following Election Day. If you are interested in learning about some of the common misperceptions about the election, I encourage you to read about it here . At least 159.8 million Americans voted in the 2020 presidential election. The projected vote total marks a record high number of ballots cast in a presidential election and the highest percentage voter turnout rate among eligible citizens since 1900! This is something EVERY American should be proud of, no matter what the results are. I am sure you may have read things on social media or heard news reports of information that may not be accurate following Election Day. I believe we must all play a part in reducing the spread of misinformation that comes from unreliable sources. It is as simple as following the guidelines that the CISA has set forth and letting rational decision-making prevail over emotional reactions. Regarding the issue of vote counting - counting EVERY LEGAL vote is the heart of our democracy. Recounts have occurred for decades, at all levels of elected office, in accordance with the state's governing laws. Additionally, vote counting must be in compliance with the state's laws. If it is not, it should stop, and the procedures must be followed. It is crucial we remain patient as every legal ballot is counted and allow the process to work to ensure compliance with vote counting procedures. At the conclusion of counting the votes, the Secretaries of State from each state must certify the results by their state's preestablished certification date. Each of us owes it to our communities and our neighbors to respect the outcome of the election, no matter what the result. We also owe it to the hard-working election staff to give them the time they need to do their jobs thoroughly. It is not uncommon for elections to take sometimes days or weeks to be completely decided. Our country has a robust system of checks and balances, including some of the most secure voting systems in the world and a thorough process for counts and recounts. As a former U.S. Attorney for the Southern District of Indiana, I can attest first-hand to the dedication and non-partisanship of the federal officials at Homeland Security, FBI, and U.S. Attorney's Offices to protect the integrity of our elections. They are consummate professionals dedicated to upholding democracy and ensuring all Americans rights to vote are protected. Federal law protects against such crimes as intimidating or bribing voters, buying and selling votes, impersonating voters, altering vote tallies, stuffing ballot boxes, and marking ballots for voters against their wishes or without their input. It also contains special protections for the rights of voters and provides that they can vote free from acts that intimidate or harass them. It is the responsibility of the Department of Justice to uphold federal law. To learn more about how our U.S. Attorneys' Office ensures and protects the security of our elections, click here . I am committed to respecting and defending the outcome of a free and fair election. I implore all Americans to do the same. Sincerely, Congresswoman Susan W. Brooks Washington, D.C. 2211 Rayburn House Office Building Washington, DC 20515 Phone: 202-225-2276 Fax: 202-225-0016 Carmel District Office 11611 North Meridian St., #415 Carmel, IN 46032 Phone: 317-848-0201 Toll free in Indiana: 800-382-6020 Fax: 317-846-7306 Anderson District Office 120 East 8th Street, #101 Anderson, IN 46016 Phone: 765-640-5115 Fax: 765-640-5116   | Privacy Policy ",1.60467E+12,B001284,116,Susan,Brooks,8/25/60,F,IN,5,Republican,House,,37548,2020-11-06 13:40:00,,,,,,,0.5965827,,,,,,,,,,
55,where we are today," News from Representative Rouzer November 6, 2020 Dear Friend, Given where we find our electoral process at this point, it's important that we stick to the facts of the process. Senate Majority Leader Mitch McConnell had this to say earlier today, and he is exactly right: ""Here's how this must work in our great country: Every legal vote should be counted. Any illegally-submitted ballots must not . All sides must get to observe the process. And the courts are here to apply the laws & resolve disputes. That's how Americans' votes decide the result."" No one questions that every legal vote should be counted. Transparency is critical to ensuring integrity of the vote. Each state has its own laws governing the election process, if late ballots can be submitted, etc. In Georgia, for example, absentee ballots mailed in do not require any sort of voter identification; Election Day ballots and Early Vote ballots do. The Secretary of State in Georgia has announced that a recount will be forthcoming. Multiple challenges are being filed in court in all of these states where fraud concerns exist. In North Carolina, Early Vote ballots (those cast at Early Vote polling locations prior to Election Day) are technically Absentee ballots and are referred to as such on the state board of elections website. Absentee ballots are also those which are requested via mail and returned via mail. If you go to the North Carolina State Board of Elections website to see if your vote was registered, it will only show for those who voted on Election Day. If you voted during Early Vote (Absentee) or by mail-in Absentee ballot, it will not show on the website until the official canvass on November 13. The Pender County Board of Elections sent out this Memo below regarding this specific point: Any voter that did not vote election day voted absentee. Either absentee in person or absentee by mail. The absentee tracking tool is for voters who DID NOT vote election day. All voters on election day placed their ballot into the ds200, election night those total votes were submitted to the state board and made public to the website. Vote History does not show up until the election is certified Canvass Day. Certification is November 13th. You will see your vote history then! If you Voted Election Day: all those votes were counted and reported election night. Regarding the vote in North Carolina: Republicans made gains in the State House and kept the majority in the State Senate, won two open Council of State seats, Lt. Governor and Commissioner of Labor, and maintained the other Council of State seats that were held by Republicans. Senator Thom Tillis won re-election and all the other incumbent members of the N.C. Congressional Delegation that chose to file for election were re-elected. Two new members, both Democrats, will now represent the 2nd District and the 6th District as of January 3, 2021. At present, all state-wide Republican judicial candidates are ahead by fairly significant margins; the closest is the race for Chief Justice with Justice Paul Newby up by 3,000+ votes. Any mail-in absentee ballots postmarked by Election Day that arrive by November 9 will be counted. This extra length of time was challenged in federal court by state House and Senate Republicans, but the U.S. Supreme Court chose to let it stand in a 5-3 decision. Looking at the math, it is unlikely any outcomes will change. Because the election process is governed by state government, State House Speaker Tim Moore has directed the Joint (House/Senate) Elections Committee to take all necessary steps to ensure the integrity of the elections in North Carolina. You can find his letter here. While we wait to see what happens in Georgia, Pennsylvania, Arizona, and Nevada, it is very clear that there was no blue wave this election. Once all the votes are counted, Republicans in the US House will come just a few seats short of taking the majority. Many of the polls suggested House Democrats would expand their majority by 10 to 15 seats -- in some polls, by 25 seats. Just the opposite happened. And the Senate is very likely to remain in Republican hands once the two runoff elections in Georgia for U.S. Senate are completed in January. To date, only two Republicans lost re-election, while one Democrat seat flipped to the Republicans for a net loss of just one so far for Senate Republicans. Here is the bottom line: Republicans at the state and federal levels across the country not only held their own; they made gains in many cases - particularly in state legislative races across the country. And the Presidential race is still yet to be determined. House Republicans are calling for transparency and supporting the Trump campaign and the Republican National Committee in their efforts on the ground in each of the key contested states. There is a legal process to resolve these issues and that process is ongoing. Sincerely, Washington DC Office 2439 Rayburn HOB House Office Building Washington, DC 20515 Phone: (202) 225-2731 Fax: (202) 225-5773 Brunswick County Office 310 Government Center Dr. Unit 1 Bolivia, NC 28422 Phone: (910) 253-6111 Fax: (910) 253-6114 Johnston County Office 4001 US Hwy. 301 S. Suite 106 Four Oaks, NC 27524 Phone: (919) 938-3040 Fax: (919) 938-3540 New Hanover County Office 201 N. Front Street Suite 502 Wilmington, NC 28401 Phone: (910) 395-0202 Fax: (910) 395-0209   | Privacy Click here to open this e-mail in its own browser window Click here to open a plain text version of this email ",1.60468E+12,R000603,116,David,Rouzer,2/16/72,M,NC,7,Republican,House,,37557,2020-11-06 16:26:40,,,,,,,,,,,,,,,0.56794995,,
56,Americans Deserve An Honest Election ," Americans Deserve An Honest Election U.S. Congressman Brian Babin | E-Newsletter Babin Bulletin | November 8, 2020 Click here if you have trouble viewing this email The Fight Is Not Over I'm humbled - thank you all for your outpouring of support on Tuesday. It's truly an honor to represent the fine citizens of TX-36 in the U.S. Congress for another term. The media's projected winner is NOT the official winner. The fight isn't over. My trust is with President Trump and his legal team to leave no stone unturned. I trust in God, but I don't trust the Democrats. We must ensure every LEGAL vote was counted - FAIRLY! Americans Deserve an Honest Election There's a BIG DIFFERENCE in every vote counting vs. ensuring every LEGAL vote is counted. The American people deserve transparency. The American people deserve a fair election. Identity Politics Are a Thing of the Past The exit polls proved that identity politics are a thing of the past. Millions from all backgrounds/races/genders supported President Trump. In fact, the GOP's planning to welcome its most diverse class yet! To watch interview, please click here . Endless Democrat Fearmongering Let's be clear: There will be a peaceful transfer of power. Democrats saying otherwise are purposefully fearmongering. What Americans are actually worried about is the risk of a fraud-filled election. The mainstream media needs to wake up and stop spinning this into something it's not. To read article, please click here . The Bias Is Real It's interesting how the #FakeNewsMedia loses it over President Trump's optimism about the election but says NOTHING when Speaker Pelosi declares a winner before the results are final. The bias is real. To read article, please click here . The U.S. Marshals Service Rescues 27 Missing Children More missing children have been found thanks to the efforts of the U.S. Marshals Service. This Administration is dedicated to protecting our most innocent as we all continue the fight against human trafficking. To read article, please click here . Promises Made, Promises Kept For nearly four years, Democrats drug the nation through conspiracy after conspiracy and REFUSED to work with President Trump on ANYTHING - including COVID-19 relief. They wanted him to fail and our nation remain stagnant. You think that stopped the President from delivering on his promises? NO!! To enlarge photo, please click here . U.S. Businesses Prepared for More Riots and Destruction Think they were preparing for Republican riots? The answer is NO. To read article, please click here . Life Without Oil and Gas We need an active and thriving oil and gas industry. Take a look at the list below of every-day products that depend on fossil fuels. Without petroleum we will be a weak nation with a failing economy who heavily relies on others. Fight for our energy independence! President Trump Delivers on Medical Bill Transparency Another promise delivered from President Trump! Americans deserve to know what's in their medical bills and why. This new rule finally gives patients what they've been asking for - TRANSPARENCY. For more details, click the link below. To read article, please click here . I Will Never Support Socialism The Left's radical agenda will endanger every American citizen. History has clearly shown what the path of the socialist road looks like: overreaching government control with poverty-stricken citizens and a devastated, nonexistent economy. I WILL NEVER SUPPORT THIS. The U.S. Economy Continues to Recover Unemployment fell to 6.9% as 638,000 jobs were added back into the market in October. America's economy is recovering under the leadership of President Trump. He's fought for our nation since DAY ONE and will continue to do so because THE BEST IS YET TO COME. To read article, please click here . America Will Never Be a Socialist Country The majority of Americans don't want socialism. The U.S. will never be a socialist country. Deal with it. To read article, please click here . 400 Miles of Border Wall Completed The Left said President Trump would and could never build a wall along the southern border. THEY WERE WRONG! We now have 400 miles of new border wall - making America more secure by the day! Discussing Election Night on the Sam Malone Show Listen to my interview on the Sam Malone Show for my immediate thoughts about election night. To listen to interview, please click here . Big Tech's Day of Reckoning Is Coming Facebook will ""temporarily demote"" content... AKA ""suppress Republican, pro-Trump rhetoric."" Lets just call it was it is - biased censorship. Big Tech's day of reckoning is coming - QUICK. To read article, please click here . Attending Evadale's Annual Frog Leg and Fish Fry It's always a treat to attend Evadale's annual frog leg and fish fry hosted by the Evadale Volunteer Fire Department and G & S Fish Market. I enjoyed visiting with local elected officials, law enforcement, first responders, and numerous members of the community earlier this week. Once again, Glenn Connor, owner of G & S Fish Market, and his family outdid themselves - it was delicious! Thanks for the invitation! To enlarge photo, please click here . The GOP's Commitment to America I promise to fight tooth and nail to restore our way of life, rebuild the greatest economy in history, and renew the American Dream. Join me in continuing to reject the Democrats' vision to defund, dismantle, and destroy our great nation. U.S. Manufacturing Hit Sixth Month of Growth U.S. manufacturing hit its sixth month of growth! Under President Trump, manufacturing is coming back to American shores - bringing more jobs and more money to our economy. Democrat Green New Deal policies will cut thousands of jobs and crumble our economy. To read article, please click here . TDEM's COVID-19 Testing Information The Texas Division of Emergency Management (TDEM) released helpful information for those needing to get tested for COVID-19. Follow the instructions below. COVID-19 Call Centers If you're a TX-36 resident and experiencing flu-like symptoms (fever or cough), shortness of breath, or believe you've been exposed to the novel coronavirus, please call your county's COVID-19 call center. Current COVID-19 Numbers in the U.S. As of November 8, 2020, the current number of confirmed COVID-19 cases and deaths in the U.S. are as follows: Total Cases: 9,808,411 Total Deaths: 236,547 These numbers have most likely changed as more tests are becoming available each day. You can keep track on the CDC's webpage below. To visit webpage, please click here . Stay Tuned to the CDC's Website Remember you can always find current information and guidance on COVID-19 by visiting the CDC's regularly updated website. To visit website, please click here . Stay Updated on COVID-19 Cases in Texas To view the latest number of confirmed COVID-19 cases in Texas or get answers to Texas-specific questions or concerns, please visit the Texas Department of State Health Services' website below. You can also contact them by calling (877) 570-9779 or by emailing coronavirus@ . To visit website, please click here . Share What is Important to You | Share on Facebook | Share on Twitter UPDATE SUBSCRIPTION OPTIONS | PRIVACY POLICY | CONTACT US ",1.60485E+12,B001291,116,Brian,Babin,3/23/48,M,TX,36,Republican,House,,37619,2020-11-08 15:40:00,0.5734376,,,,,,,,,,,,,,,,
57,Statement on the Election," Statement on the Election Statement on the Election This week, Americans around the country went to the polls in historic numbers to participate in our election - the foundation or our democracy. As several states continue counting and recounting their votes, I joined Mississippi's Senators Roger Wicker and Cindy Hyde-Smith as well as Representatives Trent Kelly and Michael Guest in issuing the below statement:Americans should have confidence in our voting system and that all ballots have been submitted correctly and legally. This is precisely what President Trump and his legal team are allegations of voting irregularities, including ballot tampering or voting by ineligible persons, should be investigated and adjudicated to the fullest extent of the is essential to our democracy and the integrity of our elections that this process be allowed to play out in full view of the American people, and that election observers from both sides of the aisle be allowed to the media nor states should rush to declare a winner in closely contested states until all legally-cast ballots have been counted and all legal challenges and required recounts have been weeks ahead are going to be critical for the country and our future. Rest assured, all votes cast can and will be authenticated and certified. Enews Sign Up November 9, 2020 Contact Steven Statement on the Election This week, Americans around the country went to the polls in historic numbers to participate in our election - the foundation or our democracy. As several states continue counting and recounting their votes, I joined Mississippi's Senators Roger Wicker and Cindy Hyde-Smith as well as Representatives Trent Kelly and Michael Guest in issuing the below statement: Americans should have confidence in our voting system and that all ballots have been submitted correctly and legally. This is precisely what President Trump and his legal team are seeking. Any allegations of voting irregularities, including ballot tampering or voting by ineligible persons, should be investigated and adjudicated to the fullest extent of the law. It is essential to our democracy and the integrity of our elections that this process be allowed to play out in full view of the American people, and that election observers from both sides of the aisle be allowed to participate. Neither the media nor states should rush to declare a winner in closely contested states until all legally-cast ballots have been counted and all legal challenges and required recounts have been resolved. The weeks ahead are going to be critical for the country and our future. Rest assured, all votes cast can and will be authenticated and certified. Let Election Process Finish CLICK THE ABOVE IMAGE TO WATCH MY INTERVIEW WITH WDAM Change of Command Ceremony at Camp Shelby On Saturday, I attended the Change of Command Ceremony at Camp Shelby to see a transition of leadership over the nation's largest state-owned military training site. As a member of the Mississippi National Guard, and a member of Congress, I am so incredibly grateful to have worked with Colonel Bobby Ginn through the years and appreciate his dedication and leadership while serving the Mississippi National Guard at Camp Shelby. I look forward to serving and working with our new Commander, Col. Rick Weaver. I know he will be a fantastic leader for our guardsmen and community. Outgoing Commander, Colonel Bobby Ginn (left); Incoming Commander, Colonel Rick Weaver (right) Please know my office is here to serve you and your families, no matter what circumstances come our way. If we can be of assistance to you with casework or locating resources to help recover from Hurricane Zeta, please give us a call . I'd also like to remind you to connect with me on social media so you can receive frequent updates on the work I am doing in Congress through Facebook , Twitter , and Instagram . In your service, Steven NOTE: Please DO NOT respond to this email as this inbox is unattended. To contact my office please click here   | Privacy Policy | Contact Us Click Here to view this email in your browser Click Here to be removed from this list ",1.60492E+12,P000601,116,Steven,Palazzo,2/21/70,M,MS,4,Republican,House,,37641,2020-11-09 11:06:40,0.59253,,,,,,,,,,,,,,,,
58,Voter Fraud Must Be Investigated," Friends, Legitimate claims of voter fraud have surfaced in several closely-contested swing states. These reports must be investigated. Every American should want an election result they can have faith in. I joined 38 of my colleagues in asking Attorney General Barr to examine these claims. The Department of Justice has since launched an inquiry into the reports coming out of the battleground states in question. The American people deserve to have confidence in the outcome of our elections. You can read more about the letter below. Sincerely, To continue receiving updates like this, sign up for my E-Newsletter here. The Daily Wire | 39 GOP House Members Send Letter to Barr: Investigate Voter Fraud To read the article on The Daily Wire's website, click here. On Saturday, 39 House Republicans sent a letter to Attorney General William Barr requesting the Department of Justice to investigate allegations of potential voter fraud. The letter asserted, ""With widespread reports of irregularities, particularly in the vote counting process, it is time for you to use the resources of the Department to ensure that the process is conducted in a manner that is fully consistent with state and federal law. The letter added, ""The U.S. Marshals Service is also available to ensure that judicial orders are carried out. When it comes to a federal election, it should not matter whether those judicial orders come from a state or federal court."" The full text of the letter reads: ""Dear Attorney General Barr, While each state runs its own election process, the United States Department of Justice is ultimately responsible for the integrity of federal elections. The American people must have the utmost confidence that the outcome of the presidential election is legitimate. With widespread reports of irregularities, particularly in the vote counting process, it is time for you to use the resources of the Department to ensure that the process is conducted in a manner that is fully consistent with state and federal law. And, it is also important that the process be completely transparent, so that the American people will have full confidence in the result. The Justice Department's Civil Rights Division Voting Section's responsibility to ensure that the right to vote is sacred. This not only means access to the ballot box, but it also means ensuring that no one's vote is devalued by any means of voter fraud. The U.S. Marshals Service is also available to ensure that judicial orders are carried out. When it comes to a federal election, it should not matter whether those judicial orders come from a state or federal court. For example, if a state court orders that observers can watch ballot counting in a federal election, no local election official should be able to defy that order. With that in mind, we request an immediate response to the following questions. What are you doing to ensure the integrity of the voting and counting process right now? Will you commit to using all the resources at your disposal to ensure that only legal votes are being counted and being counted in a fully transparent and manner immediately? Thank you for your prompt reply."" The signers included representatives from these states: Arizona: Andy Biggs California: Doug LaMalfa Florida: Bill Posey, Greg Steube Georgia: Rick Allen, Jody Hice Indiana: Jim Banks Kansas: Roger Marshall Kentucky: James Comer Maryland: Andy Harris Minnesota: Tom Emmer North Carolina: Dan Bishop, Ted Budd Ohio: Warren Davidson, Bob Gibbs, Bill Johnson, Robert Latta Oklahoma: Kevin Hern Pennsylvania: John Joyce, Mike Kelly, Scott Perry, Guy Reschenthaler South Carolina: Jeff Duncan Tennessee: Scott DesJarlais, Mark Green Texas: Jodey Arrington, Brian Babin, Michael Cloud, Michael Conaway, Dan Crenshaw, Bill Flores, Lance Gooden, John Rose, Chip Roy, Randy Weber Virginia: Ben Cline, Morgan Griffith, Ralph Norman Wisconsin: Glen Grothman ### OUR OFFICES: Washington Office | 425 Cannon House Office Building | Washington, DC 20515 (202) 225-3484 Mesquite Office | 18601 LBJ Freeway, Suite 725 | Mesquite, TX 75150 (214) 765-6789 Canton Office | 220 Burnett Trail | Canton, TX 75103   | Privacy ",1.60503E+12,G000589,116,Lance,Gooden,12/1/82,M,TX,5,Republican,House,,37704,2020-11-10 17:40:00,,0.56585467,,,,,,,,,,,,,,,
59,It's Not Over," It's Not Over U.S. Congressman Morgan Griffith | E-Newsletter November 12, 2020 Share this email: Congressman Griffith's Weekly E-Newsletter 11.12.20 Thursday, November 12, 2020 - It's Not Over The process for electing a president of the United States continues to play out according to the Constitution. It includes several steps, none of which involve media organizations calling the race or projecting winners. Instead, states count the votes for the purposes of choosing electors to vote in the Electoral College, and the Electoral College's tally must be certified by Congress. In many presidential election years, these actions are viewed as mere formalities, but in some close races throughout our history, they have been contested well after the ballots of individual voters were cast. The act you are likely most familiar with is going to the polls on Election Day to vote for president. This process is primarily under the control of the states, so the 50 states can differ on which candidates are on the ballot, absentee and mail-in voting policies, early voting, and so on. As we have seen this year, states also differ in how quickly they count the votes. The Constitution and federal laws, however, do guarantee fundamental protections to voters. For example, the Fourteenth Amendment holds that a state cannot ""deny to any person within its jurisdiction the equal protection of the laws."" This clause was decisive in 2000. The U.S. Supreme Court ruled that a statewide manual recount in Florida ordered by the state Supreme Court would violate the Fourteenth Amendment because counties had different standards for the recount, denying equal protection for voters within the state. That case was decided by the Supreme Court on December 12, 2000, after more than a month of recounts and litigation between the campaigns of Al Gore and George W. Bush. This example shows that candidates have the right to pursue legal remedies well after the polls close. The vote count in the states decides their slate of electors for the Electoral College. The Constitution allows state legislatures to decide on their electors however they want, but all states except two award every one of their electors to the winner of the state's popular vote. Maine and Nebraska allocate electors based on winners in their congressional districts. The electors meet in their states on the first Monday after the second Wednesday in December, which falls on December 14 this year. They vote by ballot, and the results are sent to Washington for counting. Federal law sets January 6 as the day for the House of Representatives and the Senate to meet in joint session to count the Electoral College vote. The vice president, acting in his or her capacity as president of the Senate, presides. He or she opens the certificates from each state in alphabetical order and gives them to the four tellers, two appointed from each chamber, to be announced. The final results are announced by the vice president. During the count, Members of Congress can challenge votes, and they have. I was in the House chamber on January 6, 2017 when several House Democrats frequently interrupted the count by challenging the results of multiple states. Their protests failed because the law requires challenges to be submitted in writing with endorsements from at least one representative and one senator, and no senators had joined their protests. In 2005, the joint session certifying President Bush's reelection had to recess because a challenge to his victory in Ohio did have support in both chambers. As a result, the House and the Senate had to separately debate and vote on the challenge. Both rejected it. As you can see, the standard procedure for electing a president takes a few months, and while it can be a formality, the system allows for contention and legal challenges. This does not even take into account extraordinary circumstances, such as those found in the 1876 election during the Reconstruction era. That year, the results in Florida, Louisiana, and South Carolina were disputed, while an elector in Oregon was disqualified and replaced. The deadlock led Congress to appoint a commission to decide the matter; it awarded the disputed votes and thus the presidency to Rutherford B. Hayes only days before the inauguration was to take place. In the presidential election process, the length of time to declare a winner is not as important as ensuring that all the steps are conducted fairly and with integrity according to our Constitution and laws. That is the process we are wading through and waiting for now. And that's why it's not over. If you have questions, concerns, or comments, feel free to contact my office. You can call my Abingdon office at 276-525-1405 or my Christiansburg office at 540-381-5671. To reach my office via email, please visit my website at . ### Washington, DC Office 2202 Rayburn HOB Washington, D.C. 20515 T (202) 225-3861 F (202) 225-0076 Abingdon Office 323 West Main St. Abingdon, VA 24210 T (276) 525-1405 F (276) 525-1444 Christiansburg Office 17 West Main St. Christiansburg, VA 24073 T (540) 381-5671 F (540) 381-5675 UPDATE SUBSCRIPTION OPTIONS | PRIVACY POLICY | CONTACT US Click Here to view this email in your browser Click Here to be removed from this list ",1.60518E+12,G000568,116,H.,Griffith,3/15/58,M,VA,9,Republican,House,,37787,2020-11-12 11:20:00,,,,,,,,,,,0.5543481,,,,,,
60,ICYMI: Restoring Confidence in Our Election System," stopn In Case You Missed It! U.S. Sen. Rick Scott: Here's How We Restore Trust in Our Election System In case you missed it, Senator Rick Scott wrote an op-ed for Fox News on how the coronavirus pandemic changed the way Americans vote, and why Congress must pass his Verifiable, Orderly, & Timely Election Results (VOTER) Act to establish uniform standards for vote-by-mail across the country and help restore Americans' trust in the voting system. Senator Rick Scott wrote, ""Free and fair elections are the foundation of our democracy. The stability of our nation and trust in our system of government relies on the stability and confidence in our election systems. I always say we need 100% participation and 0% fraud in our elections. Right now, we are seeing what happens when that trust disappears and the legality and integrity of our elections remains uncertain. The American people do not have confidence in our electoral process, resulting in an increasingly fractured America. …This is not what America is about, and now more than ever, we have to work to protect the integrity of our elections and then make changes necessary to preserve our democracy. …The coronavirus pandemic changed everything this year, including how we vote. We saw an unprecedented amount of mail-in voting across the nation. Currently, the process for mail-in voting varies by state, with different deadlines for requesting, returning and receiving mailed ballots. …We need standards nationwide to ensure voters decide the outcomes of elections. My VOTER Act would ensure the security, reliability and orderly conduct of elections by creating nationwide standards for vote-by-mail systems. Voter ID is an important part of that, and states should not allow same-day voter registration, which is a recipe for fraud. The VOTER Act also protects the integrity of federal elections with fraud prevention measures and requires all eligible ballots to be counted and reported within 24 hours after polls close on Election Day to promote certainty in the outcome of a federal election. Ballots should be submitted before the polls close on Election Day. …We live in the greatest country in the world where absolutely anything is possible. We must never give up on protecting the sacred right to vote. Passing my VOTER Act is a common-sense step we can take right now to ensure any future election is decided in a timely manner by the American people. This is not a partisan bill in the least, it's merely a common sense and fair approach."" Read the full op-ed HERE . In September, Senator Rick Scott introduced the Verifiable, Orderly, & Timely Election Results (VOTER) Act . Currently, mail-based absentee voting in federal elections is governed by a patchwork of state laws, with varying deadlines for requesting, returning and receiving mailed ballots. As states pursue the expanded use of mail-in ballots, the VOTER Act will ensure the security, reliability and orderly conduct of federal elections. The bill also creates a deadline for state election officials to tally and report the election results to avoid prolonged uncertainty in the outcome of a federal election. Read the full text HERE . Official Website   ",1.60519E+12,S001217,116,Rick,Scott,12/1/52,M,FL,,Republican,Senate,,37792,2020-11-12 14:06:40,0.6346414,,,,,,0.5587143,,,,,,,,,,
61,Safeguarding the promise of our democracy," Visit my Website Email Me Sign up for my Newsletter PROTECTING OUR DEMOCRACY Dear Friend, We the People made history last Saturday, November 7, 2020. We learned the results of a presidential election in which a record-breaking number of Americans turned out to vote. I'm so proud of our election process, and the dedicated local clerks and patriotic citizens across the country who worked tirelessly to ensure that nearly one hundred and fifty million ballots were counted safely, securely and accurately. I'm especially proud of Americans right here in Michigan's 9th District. More than 270,000 people in the Macomb County portion of the 9th District exercised their right to vote, as did more than 130,000 people in the Oakland County portion. I am happy to report that there is no credible evidence of voter fraud in Michigan, as confirmed by Secretary of State Jocelyn Benson. While there have been claims of mass voter fraud on a national level, numerous courts have determined that these allegations are baseless. I encourage you to read more about the facts of this election and how to interpret claims you might come across here . During my first term in Congress, I have worked diligently to enhance voter security and safeguard the promise of our nation's democracy. In my first two months, I voted to pass H.R. 1, the For the People Act, a package of historic reforms to return power to the American voter and end the dominance of special interests, dark money and voter suppression in our elections. H.R. 1 also makes voting easier by creating an automatic voter registration system as well as expanding secure early and absentee voting. Unfortunately, the Senate has yet to take up these crucial reforms. As your representative, I am committed to strengthening and protecting our democratic institutions so that all of us feel empowered to participate, debate the issues, defend our interests and demand our rights. I am humbled and honored by the trust you have placed in me to represent your views in Congress. I look forward to keeping up the fight for Michiganders and democracy itself. I hope you stay informed and continue to stay in contact with me by visiting my congressional website at You can also connect with me on Facebook ( Congressman Andy Levin ) or follow me on Twitter ( @RepAndyLevin ). Sincerely, Andy Levin Member of Congress Washington D.C. Office 228 Cannon House Office Building Washington, D.C. 20515 Phone: (202) 225-4961 Warren Office 30500 Van Dyke Avenue Warren, MI 48093 Phone: (586) 498-7122   ",1.60528E+12,L000592,116,Andy,Levin,8/1/60,M,MI,9,Democrat,House,,37840,2020-11-13 15:06:40,,0.58112276,,,,,,,,,,,,,,,
62,The media doesn't make the call…," News from Representative Duncan Friends, I wanted to provide you with an update on the status of the Presidential election. I will continue to pass along more information as I receive it, so be sure to follow me on Facebook , Twitter , and Instagram for real time updates. First, I'd like to make something abundantly clear: despite what the media continues to tell you, Joe Biden is NOT the President-Elect. It is currently unclear who will be the next President of the United States, and the media should have enough respect for the voters to let the legal process play out. By attempting to will Joe Biden into the Presidency by prematurely calling the election, the media is creating lasting reputational damage not only on themselves, but on our entire electoral process. Further, it is an extremely sad time when the threats to our elections come not from outside forces like Russia, Iran, North Korea, or radical Islamic terrorism, but from political operatives hindering transparency efforts in our free election system. I want you to know that I'm doing everything in my power to ensure election integrity is upheld. I recently joined my colleagues in urging the Department of Justice (DOJ) to investigate the irregularities we are seeing in various parts of the country to the fullest extent. Every LEGAL vote must be counted, and every illegal vote must be thrown out. With allegations of fraud and abuse in various states, the American people deserve COMPLETE transparency. We asked Attorney General Barr to answer questions such as - What are you doing to ensure the integrity of the voting and counting process right now? Will you commit to using all the resources at your disposal to ensure that only legal votes are being counted and being counted in a fully transparent manner immediately? You can read our full request to AG Barr HERE . Thankfully, he heard our concerns loud and clear and responded swiftly by authorizing the DOJ to probe any substantial allegations of voter fraud. Read more about the investigation HERE. We have since requested that DOJ also investigate election software and hardware that may be linked to the irregularities. Given their quick response to our initial request, we are hopeful these additional concerns will be included in the investigation as well. Read our most recent request to AG Barr HERE . I spoke in Columbia alongside the Federal Republican Delegation to the U.S. House of Representatives. We had a unified message: we need secure elections and a transparent process. You can view my remarks HERE . Here's the bottom line: election integrity matters. I will continue fighting to ensure that every legal vote is counted, and every illegal vote is thrown out. This is absolutely critical for the American people! It is an honor to serve the people of the Third District. Please don't hesitate to reach out if there is anything I can assist you and your family with during this time. Blessings and Liberty, Jeff Duncan Member of Congress WASHINGTON, DC OFFICE 2229 Rayburn HOB Washington, DC 20515 Phone: (202) 225-5301 Fax: (202) 225-3216 ANDERSON OFFICE 303 West Beltline Blvd. Anderson, SC 29625 Phone: (864) 224-7401 Fax: (864) 225-7049 CLINTON OFFICE 100 Plaza Circle, Suite A1 Clinton, SC 29325 Phone: (864) 681-1028 Fax: (864) 681-1030   | Privacy Open in browser Open in plain text ",1.60528E+12,D000615,116,Jeff,Duncan,1/7/66,M,SC,3,Republican,House,,37841,2020-11-13 15:06:40,0.57738435,,,,,,,,,,,,,,,,
63,"Law, Order, and Investigations"," Law, Order, and Investigations View this email in your browser GET CONNECTED: Dear Friend, In the United States, every living citizen over the age of eighteen has the right to vote. This is one of the most fundamental pillars of our constitutional republic and we must protect it at all costs. If the criteria for voter eligibility are not being met, public trust in our elections and our government will inevitably erode. That's why the American people should question the outcome of this election based on the allegations of voter fraud that occurred. From reports of deceased individuals casting ballots in Georgia, to ballot tampering in Pennsylvania - the list goes on and on. I have the upmost faith and respect for our institutions and consider protecting them one of my most sacred responsibilities, but these allegations raise serious questions regarding the way this election has been conducted. Getting to the bottom of these fraud claims should not be a partisan issue - both Democrats and Republicans should strive above all else to protect the integrity of our elections... KEEP READING HERE WHAT'S GREAT IN THE 8TH Families and community members gathered all over Southern Missouri this Wednesday to honor those who have fought for our freedom. Community organizations and schools helped orchestrate ceremonies to commemorate the bravery of our veterans and our promise to never forget them. God bless America and those who protect her. I was happy to be able to attend the Healthy Dent County's gym ribbon cutting ceremony in Salem this week. I am always pleased to see investments in the health and education of our communities, and this facility provides an excellent opportunity for both in Dent County. This year, one of the most iconic Christmas publications will include stories from Southern Missouri natives. Congratulations to Donna Womack, of Farmington, and Stacey Sisk, of Potosi, for having their stories chosen for the Chicken Soup for the Soul book ""Christmas is in the Air: 101 Stories about the Most Wonderful Time of the Year. U.S. Army Corps of Engineers veteran Charles Tutone and wife Janice, owners of Tu-Goats Antiques on Court Square, collect antiques as a post-retirement career. Charles remains active in veterans services while operating his antique business. Thank you Charles, for your service to our country. It is an honor to represent veteran owned businesses like yours in Congress. The Help the Hungry Bake Sale raised over $97,000 for those in need thanks to generous donations from the community and an incredible turn out of participants. The proceeds will go to stock local food pantries during the upcoming holiday season. IN CASE YOU MISSED IT This week, Attorney General Barr responded to my letter calling for thorough investigations into legitimate claims of voter fraud by authorizing Justice Department prosecutors to investigate specific allegations of voter fraud. These investigations are a great step toward ensuring the American people have faith in a confidential and honest election process. WASHINGTON, DC 2418 Rayburn HOB Washington, DC 20515 p: (202) 225-4404 f: (202) 226-0326 CAPE GIRARDEAU 2502 Tanner Drive, Ste. 205 Cape Girardeau, MO 63703 p: (573) 335-0101 f: (573) 335-1931 FARMINGTON 22 East Columbia Street Farmington, MO 63640 p: (573) 756-9755 f: (573) 756-9762 ROLLA 830A S. Bishop Rolla, MO 65401 p: (573) 364-2455 f: (573) 364-1053 WEST PLAINS 35 Court Square, Ste. 300 West Plains, MO 65775 p: (417) 255-1515 f: (417) 255-2009 POPLAR BLUFF 2725 N. Westwood Blvd., Suite 5A Poplar Bluff, MO 63901 p: (573) 609-2996   | Share on Facebook | Share on Twitter ",1.60548E+12,S001195,116,Jason,Smith,6/16/80,M,MO,8,Republican,House,,37938,2020-11-15 22:40:00,,0.60253173,,,,,,,,,,,,,,,
64,Update on Election Integrity," The best way to ensure confidence in our elections is through greater transparency. Weekly Newsletter Update on Election Integrity With widespread reports of irregularities, particularly in the vote counting process, I recen tly sent a letter to U.S. Attorney General William Barr . I req uested that he use the resources of the Department of Justice (DOJ) to ensure that the process is conducted in a manner that is fully consistent with state and federal law. He responded to the concerns in our letter by authorizing the DOJ to probe any substantial allegations of voter fraud. A full and fair accounting of this election is important to restore the American people's confidence in our election system. I also signed onto Congressman Bill Posey's letter asking AG Barr to investigate election hardware and software used by states and counties in the 2020 general election. We urged the DOJ to fully investigate these matters with expediency as the integrity of the vote is the foundation upon which our Democrat Republic is built. Click HERE to read the full letter. The best way to ensure confidence in our elections is through greater transparency. SURVEY: Reports of Election Irregularities Are you concerned by reports of election irregularities across the country? Please take this one question survey to share your thoughts with me. SURVEY Modernized Chief of Naval Air Training Headquarters Building The men and women serving at the Naval Air Station Corpus Christi (NASCC) play a critical role in our national security. NASCC's rich history goes back to World War II when pilots first began training in the south Texas skies and since then have gone on to fight for our country all around the world. Some notable former cadets include President George H.W. Bush, John Glenn, Neil Armstrong, and even game show host Bob Barker. Technology has advanced since then, and recently NASCC celebrated the completion of the restoration and modernization of the Chief of Naval Air Training headquarters building. Having such a high-quality facility helps ensure our pilots have the best tools and training in order for us to remain the most capable fighting force on the planet. The Navy is an incredible force keeping us secure out in the world right now. God bless our men and women in uniform. Speaking at the Victoria Partnership Meeting Part of my job is bridging the divide between Washington and our part of Texas. At the Victoria Partnership meeting last week, we discussed several of my priorities as Congress prepares for next year. I'll continue working to ensure the Port of Victoria, as well as the other ports throughout our district, are protected. Another priority also continues to be supporting our local leaders as we respond to the coronavirus. I'm committed to assisting our local government whenever needed and helping our economy and small businesses recovery from the difficulties of the past few months. I'm grateful to everyone who came out to talk with me. Touring Manufacturing Plant Veritacor in Luling Many people think of the oil and gas industry when they think of Luling - but that's not the only thing in Luling fueling the world. Frank Santos & Derrick Curtiss started a health supplement manufacturing plant there called Veritacor. Both grew up in the area and left after high school but found themselves back in the town they grew up in and are making a difference. ﻿ They began their company in January 2020. When COVID hit, they weren't sure what was going to happen. However, they've grown as the population's attention has shifted to being healthy as a way to combat any kind of sickness, especially COVID. Their business is growing and expanding, and they have great plans for the near future. They also focus on hiring locally and providing careers for members of their community. Customs & Border Protection Operations in Corpus Christi Recently I toured the Customs & Border Protection Operations in Corpus Christi. The Port Operations look for illegal activity in order to keep our nation safe. One way they do that is by protecting the trade that comes in and out of our ports each day. We also met with agents from the Air & Marine Operations who showed me the P3 plane that they use to patrol from the air. They combat criminal and cartel activity and coordinate with the Coast Guard to apprehend wrongdoers who threaten our coasts. ﻿ Our Customs & Border Protection agents relentlessly pursue those who wish to harm Americans and do heroic work each and every day. In Other News The new Regional Disaster Response and Recovery Center in Victoria is much needed, and I'm glad to see it's officially opened. It provides a centralized location for residents to get assistance immediately in the case of any future disasters. We've come a long way since Hurricane Harvey, and this new facility is another step in the direction of recovery. I was honored to attend the opening, tour the facility, and have the opportunity to thank our community partners for their work caring for the needs of our region. Read more about it HERE . ﻿ The U.S. Postal Service released guidelines ahead of the holiday season regarding the types of packages that can be sent in the mail. Click HERE for the information. God Bless, Rep. Michael Cloud 27th District, Texas VISIT THE WEBSITE ‌ ‌ ‌ ‌ Corpus Christi Office 101 Blvd. Suite 306 Corpus Christi, TX 78401 (361) 884-2222 Victoria Office 111 N. Glass St. Suite 102 Victoria, TX 77901 (361) 894-6446 Rep. Michael Cloud | 1314 Longworth House Office Building , Washington, DC 20515   @ About our service provider Sent by noreply@ ",1.60563E+12,C001115,116,Michael,Cloud,5/13/75,M,TX,27,Republican,House,,38011,2020-11-17 16:20:00,0.6329913,,,,,,,,,0.59916055,,,,,,,
65,Was the 2020 election administered fairly?," News from Representative Kelly Dear Neighbor, As our nation waits patiently for the official results of the 2020 presidential election, one thing has become abundantly clear: the administration of the election in several states has caused millions of Americans to lose faith in our electoral system . Do you believe Pennsylvania election officials administered the election fairly? Many of you have contacted me to express how you feel, so I immediately looked for opportunities to strengthen election integrity and restore your faith in the process. Yesterday, I introduced H.R. 8753, the Protect Election Integrity Act of 2020 , which would amend the Help America Vote Act of 2002 to require states to have certain election procedures in place to be eligible for funding under that law , including: a law that bans the practice of ballot harvesting in state elections; a law that permits observation of polling places and vote counting by at least two appointed representatives of each campaign; a law requiring that mail-in and absentee ballots be counted and recorded immediately upon receipt with results kept secret until the polls have closed on the date of the election; a law requiring that ballot counting begins when the polls close and does not stop until all ballots are counted; a law providing video surveillance of absentee and mail-in ballot drop boxes; a law requiring election officials to be transparent regarding plans for staffing and equipment in advance of election day; and a law requiring that municipal entities responsible for certifying elections conduct audits of their voting systems, the findings of which are to be made public. The United States Congress has jurisdiction over federal elections, and in addition to the above requirements for states to be eligible for federal funding, this legislation would prohibit the practice of ballot harvesting in campaigns for federal office . These changes would go a long way toward establishing effective oversight of elections, but by no means is this everything we need to do. I am working with my colleagues on additional proposals, including voter ID requirements and more. We must ensure that our elections are free, fair, and count every legal vote. That is the only way to restore faith in our system, which is essential to the health of our republic. As always, do not hesitate to contact one of my offices at the numbers below to make your views known or if you need assistance. It is a tremendous honor to be your voice in our nation's capital and I look forward to serving you for two more years. Sincerely, Mike Kelly Member of Congress Click here to subscribe to my eNewsletter Note: By participating in this survey, you are subscribing to my eNewsletter Washington, DC Office 1707 Longworth HOB Washington, DC 20515 Phone: (202) 225-5406 Fax: (202) 225-3103 Erie Office 208 E. Bayfront Pkwy, #102 Erie, PA 16507 Phone: (814) 454-8190 Fax: (814) 454-8197 Butler Office 101 E. Diamond St., #210 Butler, PA 16001 Phone: 724-282-2557 Fax: 724-282-3682 Sharon Office 33 Chestnut Avenue Sharon, PA 16146 Phone: (724) 342-7170 Fax: (724) 342-7242   | Privacy Click here to open this e-mail in its own browser window Click here to open a plain text version of this email ",1.60572E+12,K000376,116,Mike,Kelly,5/10/48,M,PA,16,Republican,House,,38042,2020-11-18 17:20:00,0.60741043,,,,,,0.56098425,,,,,,,,,,
66,Protecting the Integrity of Our Elections," Protecting the Integrity of Our Elections Protecting the Integrity of Our Elections Dear Friends, Americans have high yet simple expectations for our elections. We want free and fair votes, honest counts of legal ballots, and serious investigations of fraud allegations. I have deep concerns that the State of Georgia has failed to meet these standards. Newly uncovered ballots, suspicious irregularities, and a flawed verification process have caused many of us to doubt this election's integrity. One of my biggest frustrations has been with the signature verification of absentee ballots. This year, a massive number of Georgians voted absentee by mail. Mail-in voting is inherently more susceptible to fraud and requires a meticulous verification process to compare the signatures of absentee voters to ensure that they are indeed legally registered voters. That this failed to occur is evident in the data. In 2018, approximately 223,000 Georgians voted absentee by mail, and 3.5% of these ballots were rejected because the signatures could not be verified - a rate comparable with other states. In 2020, however, more than 1.3 million Georgians voted absentee by mail but just 0.3% of ballots were rejected. It defies commonsense that the number of absentee ballots would skyrocket and the number of signature mismatches would plummet. Until a rigorous signature verification process occurs, we will never know how many of the 1.3 million absentee ballots were illegal votes that should not be included in the count. It was no surprise to me that the Georgia recount did not significantly change the margins of the race. The recount merely counted the same ballots a second time, and made no effort whatsoever to remove illegal ballots. This is completely unacceptable. Every single illegal ballot diminishes the value of each legal vote. All Georgians, regardless of our politics, deserve legitimate elections. Looking forward, as your federal representative in Washington, I am committed to working to restore the integrity of our election system - and to encourage our state representatives in Georgia to do the same. November Hice Headliner Earlier this week, I announced Thomson-McDuffie Middle School student Reagan Rhodes as the ""Hice Headliner"" for the month of November. Diagnosed at age five with Type 1 diabetes, 12-year-old Reagan has made kindness and volunteerism a focus of her young life. Reagan's work to improve opportunities for local students by creating a lending library for her elementary school, reading books to younger children, and championing kindness through anti-bullying campaigns is nothing short of exceptional. Just as admirable is her work to comfort and encourage young patients at the Children's Hospital of Georgia. Through Reagan's Dogs for Diabetes initiative, she has donated 425 stuffed dogs to the Endocrinology Department so that newly diagnosed Type 1 diabetics have a 'friend' to receive the 'first shot' as a means to offering comfort to those children. And her volunteer work doesn't stop there. From delivering gifts to teachers, healthcare providers, and seniors in her community to donating food items and clothing to those in need, it is clear that Reagan may be small in stature, but she has a giant and generous heart. Reagan will compete in Orlando next week at the USA National Miss Scholarship Pageant as the Southern Coast Preteen. If you would like to nominate an outstanding member of the community for the Hice Headliner Award, send an email to @ . Don't Forget to Follow As always, it's an honor to serve you, and I encourage you contact my office with any questions, comments, or concerns. Be sure to follow me on Facebook , Twitter , YouTube , and Instagram to keep track of news and upcoming pieces of legislation! Sincerely, FOLLOW US In This Edition - Protecting the Integrity of Our Elections - November Hice Headliner - Don't Forget to Follow Top News Newsmax: Rep. Hice to Newsmax TV: Election Process Has Been 'Absolute Chaos' New York Post: GOP lawmakers call for probe into anti-Trump violence at 'Million MAGA March' Daily Caller: Top House Oversight Republicans Write Letter To Chairwoman Demanding Investigations Into Violence Against Trump Supporters At MAGA March Washington Post: Democrats bash Graham over claims he pressured Georgia to discard ballots One America News: After Hours with Alex Salvi   | PRIVACY POLICY | CONTACT US Click Here to view this email in your browser Click Here to be removed from this list ",1.60588E+12,H001071,116,Jody,Hice,4/22/60,M,GA,10,Republican,House,,38113,2020-11-20 13:46:40,0.61667275,,,,0.5974003,,,0.5805557,,,,,,,,,
67,This Week With Gosar," This Week With Gosar What's Happening in Washington D.C.: The Final Days of the 116th Congress Election Integrity Update Contact Me | Media Center | Our District For Immediate Release Contact: Jessica Lycos Date: December 7, 2020 @ What's Happening in Washington D.C.: The Final Days of the 116th Congress Election Integrity Update Ensuring Transparency and Integrity: I continue to fight to ensure your vote was counted and recorded fairly and legally, and as part of this effort I will continue to provide you with a weekly update on my efforts. I can assure you that there will be new things to highlight each week, as I will not rest until the state of Arizona proves that it did not undermine your democratic rights. One of my biggest concerns with this entire process has been the lack of transparency from the state government. We are not making any outrageous or difficult request, we are in fact asking for one simple act: to audit the count to ensure it is accurate. Yet, Secretary Hobbs and other state officials continue to reassure us that everything is fine, and even certified the election on these assurances. If everything is fine - then show us the evidence. The failure to be transparent speaks louder than their words of assurance. Therefore, last week I sent letters to Governor Ducey, Secretary Hobbs, Attorney General Brnovich, and the Maricopa County Board of Supervisors requesting records on the 2020 general election to gain access to any and all records covering: sharpies used to fill out ballots, the use of Dominion and Smartmatic voting systems, bids placed to service Arizona elections, jobs overseeing the election, all communication regarding an audit of the count, and more. Wasting The People's Time Votes: Here we are, another week in Nancy Pelosi's Democrat controlled Congress. Top priority last week: Big Cats and Weed. That's right! While millions of Americans are suffering because of draconian shutdowns, Speaker Pelosi felt it was most important to decriminalize marijuana and outlaw private ownership of large jungle cats. We only have a few weeks left this Congress to pass a budget, deliver COVID relief and pass the NDAA. If Speaker Pelosi actually wanted to be productive last week, we could've had a hearing or passed my legislation to limit the liability shield of Big Tech companies under Section 230, a bill which now has 21 cosponsors including Democrat Tulsi Gabbard. We could've done the same with my legislation to end the Optional Practical Training program or ""OPT"" as it's more commonly known. This is a program that provides unlimited visas to individuals who come to this country on an F1 visa. These foreign students simply shift from the F1 visa to OPT where they can then work and not have to pay payroll taxes but can also collect Medicare and Social Security, a double dip as you will, giving Americans in STEM a huge disadvantage when trying to find employment. There are so many better things we could've spent our time focusing on and I hope that next Congress, our increased numbers in the GOP, will cause Pelosi and the Democrats to do what's best for Americans. You can guarantee that I will continue to put the pressure on. House Committee on Oversight and Reform Census Hearing: Last week, the House Oversight Committee had a hearing on the 2020 Census. To give a little background, the committee has had many hearings this year on the census ranging from the citizenship question all the way to COVID's overall on the count impact. Since the Democrats are in the majority, they have the ability to call hearings on whatever they like. So throughout this year, time and time again, the Democrats have called multiple hearings with the goal of undermining the count of legal American citizens. This time was no different. The hearing was focused primarily around a process called ""apportionment."" This is simply the reorganization of congressional seats based on population shifts. So for instance, if many individuals leave a state like New York while people start to flood a state like Arizona, the congressional seats will reflect an increase in Arizona and a decrease in New York. This also corresponds to electoral votes in presidential elections. In this hearing, Democrats made the case that because of COVID and everything that has happened in 2020, there is no possible way the U.S. Census Bureau would be able to finish it's official count on time. That legal end date is December 31st. The significance of this date is once the count is completed, it goes to the President who will finalize the numbers. The President will then present the count to Congress who is expected to approve it for the reapportionment set to last the next ten years. By delaying this schedule, I believe Democrats are trying to push the final count to a new ""potential"" Biden Administration in order to manipulate the count but my colleagues and I have fought back with facts to ensure we finish the census on time in an accurate manner. I will not stand for the census to be a manipulated political tool. Section 230 Update The National Defense Authorization Act: Last week was rather eventful for the potential passage of NDAA, specifically in the space of Section 230. As I mentioned earlier, Section 230 is the provision in the Communications Decency Act that gives broad, blanket immunity to Big Tech platforms allowing them to regulate content they deem as ""objectionable."" This has been a problem not just for free speech but also competition, both items my bill ""Stop the Censorship Act"" addresses. Just recently, the President threatened to veto the NDAA unless Congress addresses section 230. I have been in talks with the White House, President Trump and Chief of Staff Mark Meadows about including my solution in negotiations. Congress needs to step up and face this issue head on. Big Tech is becoming out of control and it's time to reel them in. There is a chance NDAA may have enough support to be veto proof but that's not as easy as it sounds. I support the President in his fight and will do what I can to be a part of the solution. Tone Deaf Legislation Senate Passes India's Visa Pipeline Bill; Next Stop, The House: Just recently, the Senate passed a bill called ""Fairness for High Skilled Immigrants Act"" which would simply eliminate the per country visa cap for foreign workers into the United States. Currently, every country has a max number of work visas they can receive for individuals from that country to work in the United States. This has created a bit of a backlog for countries that funnel tons of foreign workers into our country, the worst offender, India. To me, I feel this is completely tone deaf given the current US Unemployment. COVID restrictions and lockdowns ballooned our unemployment to almost 15%. It has gone down since then but it still sits around 6.7% or 10.7 million people. But now we want to increase competition for American workers in order to garner cheaper labor for big businesses? Absolutely not. Let's also not forget that if this were to pass and be signed by the president, we would see the foreign visa pipeline industry flourish in countries like India and China where these foreign workers would most likely monopolize the tech field leaving Americans with higher competition and most likely needing to take a pay decreases just to stay in the field. This is wrong and I will fight like hell to prevent this from this passing the House. What's Up Next? Outlook for the 117th Congress: Also last week, House Democrats released the 2021 work schedule for the new Congress. Having barely been called to work over the last eight months because of COVID, the U.S. Government must and should return to work. How did House Democrats respond? They scheduled a mere 101 days in session next year, a 25% reduction. Speaker Pelosi's ""leadership"" of this House has been a disgrace to its Constitutional role and the democratic principles it is built on. On top of this pathetic schedule, Speaker Pelosi also extended proxy voting, allowing representatives to phone in their votes rather than show up to work for their constituents. There are now rumors that Democrats are considering modifying a legislative process for the minority party known as a motion to recommit, which simply allows Republicans to get one final say on a bill before it is passed. Because Republicans have been so successful with this tactic in the 116th and because she will have a much smaller majority, Pelosi is considering trampling on these democratic rights because she knows her Liberal, Socialist agenda is out of touch with the American people and their representatives. But Republicans will fight on, and with the help of the Senate and our great democracy, we will continue to check the power of the federal government. Congress Keeps Gosar's Critical Minerals Amendment Fighting to End our Reliance on China and Other Adversarial Nations: If you are a frequent reader of my newsletters, then you know that the NDAA, the annual defense policy bill, has been going through the conference committee process to resolve disputes between the House and Senate version. When the House considered its version of the NDAA, I introduced an amendment which would end America's reliance on adversaries like China for critical and rare earth minerals by 2035. On Thursday, Congress released the final conference committee report and maintained my amendment, Section 842 titled Supply for Strategic and Critical Materials for the Department of Defense. I am very pleased that the House and Senate agreed to my provision and am proud that it will now get a chance to pass through Congress and be sent to President Trump. As the Chairman of the Western Caucus, member of the Natural Resources Committee, and Arizona representative, fighting to end our reliance on China and other adversarial nations for critical minerals has been one of my main focuses, and I am proud that my efforts have been ingrained in the defense and military policy of the United States. You can view the NDAA conference report HERE . Fighting for The Right To Life Supporting The Hyde Amendment: The Hyde Amendment is a crucial government policy to defend the right to life and protect religious liberties. Dating back to 1977, the Amendment is a legislative vehicle passed and continually supported by pro-life members of Congress which prevents the use of federal funds to pay for abortions. As your representative, I have always fought to protect the unborn, and the Hyde Amendment and other pro-life legislative vehicles prevents Congress from passing any laws contrary to our most basic founding ideals, by preventing Congress from using the power of the purse to fund abortions. That is why last week I joined Congressman Jim Banks in a letter defending the Amendment, highlighting its protection of over 2 million lives, and pledged my support to never vote for legislation which would weaken the Hyde Amendment and other pro-life protections. I am honored to join this letter and to support my good friend Congressman Banks who has just been elected the new Chairman of the Republican Study Committee, of which I am a member, where he and I will continue to use this platform to protect the right to life. Modernizing Arizona's Land Ports of Entry Arizona Economic Development and Security: Land ports of entry (LPOEs) serve a critical economic and national security role for the nation, something border states like Arizona know very well. The majority of American trade with Canada and Mexico flows through LPOEs, and they also serve an important role in Custom and Border Patrol's mission to combat the illicit flow of drugs into our country. LPOEs play a vital role in the economic development and security for states like Arizona, and by extension the entire country. Unfortunately, many were constructed in the early 20th century and therefore are ill prepared to process the large volume of traffic running through them in the 21st century. LPOEs are desperately in need of modernization, which is why I joined the Arizona delegation and other border state members of Congress in a letter to the House and Senate Appropriations Committees requesting that the FY21 government spending bill include funding for LPOE modernization and construction. You can read more about this effort and view the letter HERE . Resources I work for YOU! I want to serve my constituents in any way I can. Whether you need help with a federal agency, are trying to find out if federal grants are available for your project, or are considering applying to a service academy, my office is always here to help. Help With a Federal Agency Federal Job Postings Help With Federal Grants Service Academy Nominations Additionally, the phone numbers for all of my offices are listed at the bottom of this email. ### Website |   | Contact Me Washington, DC Office 2057 Rayburn HOB Washington, DC 20515 Phone: (202) 225-2315 Kingman 220 N. 4th Street Kingman , AZ 86401 (By Appointment Only) Prescott 122 N. Cortez Street, Suite 104 Prescott, AZ 86301 Phone: (928) 445-1683 Gold Canyon 6499 S. Kings Ranch Road #4 Gold Canyon, AZ 86118 Phone: (480) 882-2697 Click Here to view this email in your browser Click Here to be removed from this list ",1.60735E+12,G000565,116,Paul,Gosar,11/22/58,M,AZ,4,Republican,House,,160672,2020-12-07 14:06:40,0.591576,,,,,,,,,,,,,,,,
68,Continuing to Fight for Election Integrity," Weekly Newsletter Continuing to Fight for Election Integrity Affidavits of irregularities in the voting and tabulation processes have been sworn in a number of jurisdictions. People are going on the record under oath and risking being canceled, doxed, and even accosted, to tell what they have seen about this election process. The apparent lack of action from the Justice Department regarding a number of anomalies, statistical improbabilities, and sworn accusations of fraud is troubling. I spoke last week at a press conference to shed light on this issue and call for a proactive effort from the Department of Justice. Americans must have absolute confidence in our election processes and a diligent investigative effort will go a long way to shedding light on a number of election anomalies. WATCH: OANN's ""Tipping Point"" A recent survey revealed almost half the American electorate believes there was likely fraud in this election. It's important that we do everything we can do secure the confidence of the American people in our election process. We are setting a dangerous precedent by overlooking some of the massive issues coming out of the states. I joined One America News Network's ""Tipping Point"" to talk about the integrity of our elections. Watch HERE . Proxy Voting Scheme Continues The House Democrats' ongoing proxy voting scheme is unconstitutional and antithetical to our system of government. The Constitution requires a quorum and expects Representatives from around the country to assemble in the Capitol to study ideas, debate and amend legislation, and vote. House Democrats conducted official business and voted last week without showing up in D.C. to work. I've said this before - Washington is broken. Congress must assemble, and my hope for the ongoing lawsuit I signed onto earlier this year is to right our course and side with the Constitution. This Week's Legislative Update from Washington This week the House is considering several pieces of legislation. I continue to support extending the Paycheck Protection Program (PPP) as well as a targeted Covid relief package. It's unconscionable that Speaker Pelosi has continued to use the PPP as a political football when the lives and livelihoods of so many are at stake. Earlier today, we passed a bill authorizing water transportation projects called the Water Resources and Development Act. It included four big wins for our part of Texas: 1) Allowing the Port of Corpus Christi to continue to receive funding for the channel improvement project 2) Authorization to improve the Brazos River Floodgates and Colorado River Lock 3) Authorization for the Matagorda Ship Channel Improvement Project, which will deepen and widen the Matagorda Ship Channel to allow larger vessels to travel in and out of the channel and 4) Calls for a feasibility study on potentially raising the Port of Victoria's levees for flood control purposes. Finally, tonight we will be considering the National Defense Authorization Act, the annual defense bill. Celebrating Our National Guard Happy Birthday to the United States National Guard this Sunday, December 13! 🇺🇸 Thank you to all who serve! In Other News: I'm on Parler! Follow me by clicking here: @RepCloudTX The U.S. Postal Service released guidelines ahead of the holiday season regarding the types of packages that can be sent in the mail. Click HERE for the information. Do not hesitate to reach out to my offices if you have any questions or concerns. We stand ready to assist you. Contact information is at the end of this email. God Bless, Rep. Michael Cloud 27th District, Texas VISIT THE WEBSITE ‌ ‌ ‌ ‌ Corpus Christi Office 101 Blvd. Suite 306 Corpus Christi, TX 78401 (361) 884-2222 Victoria Office 111 N. Glass St. Suite 102 Victoria, TX 77901 (361) 894-6446 Rep. Michael Cloud | 1314 Longworth House Office Building , Washington, DC 20515   @ About our service provider Sent by noreply@ ",1.60745E+12,C001115,116,Michael,Cloud,5/13/75,M,TX,27,Republican,House,,160617,2020-12-08 17:53:20,0.6153621,0.55828977,,,,,,,,,,,0.56361055,,,,
69,The Guest Column: Term In Review (Part 2)," News from Representative Guest Dear Friend, Today, I announced that I cosponsored the Integrity of Our Elections Act , which would ensure that only U.S. citizens who are eligible to vote receive a mail ballot for a federal election. The foundation of any democracy is the trust that the people place in the process of the election. Since our country's founding, most voting has taken place at the polls. However, the 2020 election introduced America to an entirely new election process that relied on mail-in voting, a process that presents many potential pitfalls that we don't yet fully understand. We must set up provisions that protect our elections from natural human error, from the unknown risks of a new style of voting, and, most importantly, from those who desire to intentionally undermine our elections. This bill is a strong first step towards addressing those concerns. At the end of each legislative week, I post on my Facebook page a short ""Week in Review"" video to discuss the major news from the week in Washington. As the 116th Congress comes to a close, I will wrap up my first term with a ""Term in Review"" exclusively for my newsletter subscribers. I'll review the major policy wins I fought for in my first term in Congress for a quick review of the last two years. This week, I'm including some information on my efforts to support our small businesses and rural hospitals. One of the highlights of my first term was joining Mississippi Congressman Bennie Thompson to host a bipartisan Rural Healthcare Summit in Jackson in August 2019. The purpose of this event was to discuss rural healthcare needs in our state and highlight Mississippi's innovations to ensure patients have access to care. We look forward to continuing to champion these issues through Congressional action. Paycheck Protection Program (PPP) and PPP Loan Forgiveness Relief From the early stages of the pandemic, I have prioritized our small businesses in Mississippi. The PPP, created through the CARES Act, was able to help thousands of small businesses across our state and more than 5 million small businesses throughout the nation while also offering support to many of our hospitals as front-line healthcare workers battled the coronavirus. This program was vital to sustaining jobs, supporting our economy, and ensuring an effective recovery by providing loans to American businesses that allowed them to retain employees as shutdown measures went into effect. The loans were eligible for forgiveness if businesses met certain criteria, including retaining a high level of their staff compared to pre-COVID employment levels. Following the enactment of this crucial program, I pushed for the U.S. Treasury to provide clear loan forgiveness guidance and, subsequently, simplified loan forgiveness application processes. In a time of financial hardship, this was vitally important to provide businesses with relevant information to make informed decisions about the loans offered by the PPP. PPP Access for Rural Hospitals Act Mississippi's hospitals have experienced financial burdens during the COVID-19 pandemic. While certain smaller hospitals were eligible for the PPP, small, rural hospitals that are part of larger health systems were not eligible for the PPP and could not receive the payroll assistance it offered. I joined Congresswoman Terri Sewell of Alabama to introduce the bipartisan PPP Access for Rural Hospitals Act in the House of Representatives. This legislation allowed smaller hospitals that are part of a larger health system to waive affiliation requirements to be eligible for the PPP. The language was narrowly tailored to ensure rural hospitals or those in most need are able to participate in the PPP. During a Congress locked in partisanship, I was pleased to join my colleagues across the aisle to introduce the important legislation. This legislation gained momentum through the support of all four of Mississippi's House Members, as well as a companion bill introduced by Senator Wicker and cosponsored by Senator Hyde-Smith. The Insulin Affordability Data Collection Act This legislation, which I helped lead in the House, was included in the conference agreement of the National Defense Authorization Act (NDAA). This bill would require the Department of Health and Human Services to study insulin affordability issues and the effect of insulin affordability on prescription adherence, health outcomes, and Federal healthcare spending, among other factors. This legislation will be important to determining opportunities to address the high costs of insulin to the benefit of Mississippians. Bank Enterprise Award (BEA) program I am pleased to have amendments to the Financial Services and General Government Appropriations bills approved by the full House of Representatives in both 2019 and 2020. These amendments would increase the BEA by $1 million. The BEA program provides critical funding for loans and other assistance to consumers and small businesses in Mississippi.. These loans support economic growth in local communities that can lift individuals, families, and communities out of poverty. I am proud to support our Mississippi banks and businesses through this important program. Staff Highlight Elizabeth Joseph serves as the Policy Director in my office and handles a portfolio that includes banking/finance, energy and the environment, health care, and telecommunications. Previously, she served as Health Policy Advisor for Congressman Gregg Harper and worked for the Committee on House Administration that he chaired. Elizabeth also worked for former U.S. Senator Thad Cochran as Health Policy Fellow on assignment from the UMMC Center for Telehealth. She began her work in public service with former Governor Haley Barbour. Elizabeth is from Clinton, MS. She received her undergraduate degree from The University of Mississippi and her Master's degree from The University of Texas at Austin. Elizabeth is a member of the Capitol Hill Baptist Church in Washington, D.C., and is involved in the Junior League of Washington. She enjoys watching and talking about football, walking on the National Mall, playing golf, and cooking. COVID-19 Testing Sites and Resources Individuals experiencing COVID-19 symptoms or who have had a known exposure to someone who has tested positive for the coronavirus can receive an appointment for free COVID-19 testing by completing the online questionnaire found at / or by contacting the UMMC Center for Telehealth at (601) 496-7200 from 8 a.m.-5 p.m. Monday-Saturday. Anyone determined to need testing will be given an appointment date and time at the testing site most convenient. The testing site in Jackson is located at the West Street Farmers Market on Woodrow Wilson Avenue. You can find information on local testing near you by visiting the Mississippi Department of Health's website . I have compiled a list of resources on my website for your convenience. By visiting my Coronavirus Relief page , you can find helpful information on managing this crisis. We will continue to update the page as more information becomes available, so be sure to check back every few days and subscribe to my newsletter to receive updates. Latest Statistics As of Wednesday, December 9, 2020, the Centers for Disease Control and Prevention (CDC) reported that 15,040,175 cases of COVID-19 have been confirmed in the United States. In the last seven days, we've seen 1,414,240 additional cases. The total number of individuals who have passed away as a result of infection in the U.S. from the virus is now 285,351. As reported yesterday, an additional 2,746 Mississippians have contracted the coronavirus, and 24 more Mississippians passed away from the virus. In total, 1,490,817 COVID-19 tests have been conducted in the state, and 136,627 COVID-19 cases are presumed to have recovered. See below for graphs and infographics from the Mississippi State Department of Health on the number of cases in Mississippi. Sincerely, Michael Guest Member of Congress WASHINGTON, DC OFFICE 230 Cannon HOB Washington, DC 20515 Phone: (202) 225-5031 BRANDON OFFICE 308 B East Government Street Brandon, MS 39042 Phone: (769) 241-6120 STARKVILLE OFFICE 600 Russell St., Suite 160 Starkville, MS 39759 Phone: (662) 324-0007 MERIDIAN OFFICE 2214 5th Street, Ste. 2170 Meridian, MS 39301 Phone: (601) 693-6681 BROOKHAVEN OFFICE 230 S Whitworth Ave Brookhaven, MS 39601 Call for Appointment Phone: (601) 823-3400   | Privacy Open in browser window Open plain text version ",1.60754E+12,G000591,116,Michael,Guest,2/4/70,M,MS,3,Republican,House,,160574,2020-12-09 18:53:20,0.57260484,,,,,,,0.6288259,,,,,,,,,
70,Reminder: Continuing to Fight for Election Integrity," Weekly Newsletter Continuing to Fight for Election Integrity Affidavits of irregularities in the voting and tabulation processes have been sworn in a number of jurisdictions. People are going on the record under oath and risking being canceled, doxed, and even accosted, to tell what they have seen about this election process. The apparent lack of action from the Justice Department regarding a number of anomalies, statistical improbabilities, and sworn accusations of fraud is troubling. I spoke last week at a press conference to shed light on this issue and call for a proactive effort from the Department of Justice. Americans must have absolute confidence in our election processes and a diligent investigative effort will go a long way to shedding light on a number of election anomalies. WATCH: OANN's ""Tipping Point"" A recent survey revealed almost half the American electorate believes there was likely fraud in this election. It's important that we do everything we can do secure the confidence of the American people in our election process. We are setting a dangerous precedent by overlooking some of the massive issues coming out of the states. I joined One America News Network's ""Tipping Point"" to talk about the integrity of our elections. Watch HERE . Proxy Voting Scheme Continues The House Democrats' ongoing proxy voting scheme is unconstitutional and antithetical to our system of government. The Constitution requires a quorum and expects Representatives from around the country to assemble in the Capitol to study ideas, debate and amend legislation, and vote. House Democrats conducted official business and voted last week without showing up in D.C. to work. I've said this before - Washington is broken. Congress must assemble, and my hope for the ongoing lawsuit I signed onto earlier this year is to right our course and side with the Constitution. This Week's Legislative Update from Washington This week the House is considering several pieces of legislation. I continue to support extending the Paycheck Protection Program (PPP) as well as a targeted Covid relief package. It's unconscionable that Speaker Pelosi has continued to use the PPP as a political football when the lives and livelihoods of so many are at stake. Earlier today, we passed a bill authorizing water transportation projects called the Water Resources and Development Act. It included four big wins for our part of Texas: 1) Allowing the Port of Corpus Christi to continue to receive funding for the channel improvement project 2) Authorization to improve the Brazos River Floodgates and Colorado River Lock 3) Authorization for the Matagorda Ship Channel Improvement Project, which will deepen and widen the Matagorda Ship Channel to allow larger vessels to travel in and out of the channel and 4) Calls for a feasibility study on potentially raising the Port of Victoria's levees for flood control purposes. Finally, tonight we will be considering the National Defense Authorization Act, the annual defense bill. Celebrating Our National Guard Happy Birthday to the United States National Guard this Sunday, December 13! 🇺🇸 Thank you to all who serve! In Other News: I'm on Parler! Follow me by clicking here: @RepCloudTX The U.S. Postal Service released guidelines ahead of the holiday season regarding the types of packages that can be sent in the mail. Click HERE for the information. Do not hesitate to reach out to my offices if you have any questions or concerns. We stand ready to assist you. Contact information is at the end of this email. God Bless, Rep. Michael Cloud 27th District, Texas VISIT THE WEBSITE ‌ ‌ ‌ ‌ Corpus Christi Office 101 Blvd. Suite 306 Corpus Christi, TX 78401 (361) 884-2222 Victoria Office 111 N. Glass St. Suite 102 Victoria, TX 77901 (361) 894-6446 Rep. Michael Cloud | 1314 Longworth House Office Building , Washington, DC 20515   @ About our service provider Sent by noreply@ ",1.60771E+12,C001115,116,Michael,Cloud,5/13/75,M,TX,27,Republican,House,,38636,2020-12-11 18:06:40,0.6153621,0.55828977,,,,,,,,,,,0.56361055,,,,
71,This Week with Gosar," This Week with Gosar Election Integrity Update Never Give Up:I have written to you in recent weeks to provide updates on the ways in which I continue to fight for the integrity of your vote. And, as promised, there will always be new updates. Besides the several interviews and statements I made last week to keep the pressure on and to inform the public, I also took the following two actions last week to raise support for the cause here in Arizona and Washington D.C. Bowyer v. Ducey is another case addressing the Dominion voting systems and fraud in our election. Used in Maricopa County and several other swing states, I have been keenly focused on the presence of fraud or error with these systems. To compliment this fight, I sent a letter with Congressman Andy Biggs in support of this court case, raising the issue that Governor Ducey and Secretary Hobbs continue to offer blanket ""assurances"" that there was either no fraud or not enough fraud to influence the vote. To this I say again, simply, show us the evidence. In light of their failure to ensure the integrity of the vote, I wrote in support of this legal case because if the state authorities in charge of this process fail to do their jobs, then we the people will. We must know the election is legitimate and until such confirmation comes, I will continue to fight for it. I also joined several of my Republican colleagues in the House to introduce House Resolution 1256, which supports President Trump's effort to ensure that every legal vote is counted and to investigate and bring to justice those who perpetuate election fraud. I hope my Republican and Democrat colleagues will join me in this effort and agree that every legal vote in America should be counted and that fraud is not only adverse to our democratic principles, but should be prosecuted as crimes against our republic. Contact Me | Media Center | Our District For Immediate Release Contact: Jessica Lycos Date: December 17, 2020 @ Election Integrity Update Never Give Up: I have written to you in recent weeks to provide updates on the ways in which I continue to fight for the integrity of your vote. And, as promised, there will always be new updates. Besides the several interviews and statements I made last week to keep the pressure on and to inform the public, I also took the following two actions last week to raise support for the cause here in Arizona and Washington D.C. Bowyer v. Ducey is another case addressing the Dominion voting systems and fraud in our election. Used in Maricopa County and several other swing states, I have been keenly focused on the presence of fraud or error with these systems. To compliment this fight, I sent a letter with Congressman Andy Biggs in support of this court case, raising the issue that Governor Ducey and Secretary Hobbs continue to offer blanket ""assurances"" that there was either no fraud or not enough fraud to influence the vote. To this I say again, simply, show us the evidence. In light of their failure to ensure the integrity of the vote, I wrote in support of this legal case because if the state authorities in charge of this process fail to do their jobs, then we the people will. We must know the election is legitimate and until such confirmation comes, I will continue to fight for it. I also joined several of my Republican colleagues in the House to introduce House Resolution 1256, which supports President Trump's effort to ensure that every legal vote is counted and to investigate and bring to justice those who perpetuate election fraud. I hope my Republican and Democrat colleagues will join me in this effort and agree that every legal vote in America should be counted and that fraud is not only adverse to our democratic principles, but should be prosecuted as crimes against our republic. Votes Government Funding - Continuing to Kick the Can Down The Road: Last Wednesday, I voted no on the continuing resolution to avert a government shutdown on Friday and keep the government open for one week. Yup, you heard me correctly, one week of funding. Our fearless leader Speaker Pelosi, having all year to do so, once again fell short in agreeing to a deal with Senate Majority Leader McConnell to pass a true appropriations bill to fund the government. I voted no on this measure because House Democrats dropped the continuing resolution the night before the vote when negotiations officially stalled, in violation of the House 72 hour rule, and because these band aid bills kick the can down the road, leaving our military and other essential government duties funded at outdated spending levels. Facing a global pandemic, economic recovery, needing to maintain national security, and more, kneecapping the government from moving forward is the exact opposite of what we need, especially when we are funding the government based on previous Democratic frivolous spending proposals. The 116th Congress extends by another week now as we await the issuance of a potential spending bill. National Defense Authorization Act Veto Threat?: The House and Senate passed the NDAA over the veto threat of President Trump. While I was proud that my critical minerals amendment was added to the legislation and liberal policies such as red flag laws and immigration loopholes were removed, I ultimately voted no. I voted against the bill because of objections from our Commander in Chief, who is ultimately charged with defending our nation based on the provisions in the bill. Our objection rested on several bad provisions, such as: The bill mandates renaming military bases named after Confederate soldiers within one year, the same bases which trained the forces that fought against tyranny and authoritarianism It contained no provision to reform Section 230 to end censorship, a fair bargaining position the President made to drop his veto threat It prevented the President from using authorized money and resources to remove all of our troops from Afghanistan It even took aim at President Trump's signature border wall by limiting how much money can be used on emergency military construction-an authority President Trump has used to repurpose funds for the border wall. The names of military installations have nothing to do with force readiness, social media disinformation and foreign influence is a national security threat, and after 19 years, it is time for our troops to come home. Since the NDAA did not support these positions, I could not support the bill. President Trump has threatened to veto this bill again today, despite there being enough Republicans to override his veto. It's unclear if he will do so and if he did, whether or not Republicans would vote to override him. You've Got To Be Kidding Me H.R. 5758 Ceiling Fan Improvement Act: That's right folks, while businesses are suffering, health care costs are sky high, and debt is out of control, Nancy Pelosi feels it's time to fix regulations regarding ceiling fans. Why we even have such stringent regulations over CEILING FANS has to really make you understand that the Federal Government has way too much control over our lives. Now of course, the legislation does roll back unwanted regulations regarding efficiency standards so I support it but my oh my, is this not indicative of where we are. What will be fascinating is, come the new year, the power that has shifted to Republicans in the House. Democrats have a slim majority so they need to be extra careful with how they want to proceed with truly bogus legislation. You can guarantee that I will be doing everything I can to help bring back good process to this body. No matter your beliefs, we should all advocate for an open process in the House of Representatives to let the best ideas win the day because in the end: Good Process, builds Good Policy, builds Good Politics. Things Are Not Always As They Seem Hong Kong People's Freedom and Choice Act of 2020: Don't you just love some of these bill titles? I swear if there was a bill called the ""Puppies and Cuddles Act"" the media and advocacy groups would say that any member who votes against this must hate both of those things! This bill is one of those examples. Democrats are notorious for catchy bill titles that sound like bipartisan bills, yet their text paints a completely different picture. Calling for freedom and choice for the people of Hong Kong in the title, the text of the bill actually makes them eligible to be included in a U.S. refugee program. Specifically, the refugee program is called Temporary Protected Status or ""TPS"" which is a refugee program that has been around for decades helping individuals from countries that have either undergone political unrest or natural disaster come to the U.S. to seek refuge. Now, I'm supportive of helping temporarily house individuals in order to escape death and destruction BUT the only snag here is it has almost never been temporary. But it says temporary in the title of the program, it must be true right? By that logic, healthcare would be affordable according to the Affordable Care Act or ""Obamacare."" In the underlying language of the program, individuals who find refuge can only be returned when ""their nation of origin is ready to receive them."" That's about as subjective as it gets and has made it so individuals who sought refuge decades ago are still here and debates now have started about granting them some sort of legalization in the U.S, and a pathway to citizenship because it is all they know. At the end of the day, this program needs heavy reform if you ever want my support for future designations. Temporary needs to mean temporary or else we're not REALLY talking about refugees. The American Worker is Getting Screwed! Fairness for High Skilled Workers: If you've been reading my newsletters, you should know my qualms with this bill named ""Fairness for High Skilled Immigrants."" What it should be called is ""Putting the Screws to the American Tech Worker."" This bill is egregious as it removes the per-country caps for employment based green cards. India has a ten year backlog on visa requests, and since most Indian nationals work in the tech industry with these visas, this legislation would increase job competition and wage pressures for American workers. This legislation does not pu t Americans first. Given we're in session for another week, we now have the distinct possibility that the House could see this dreadful legislation again. Tell your families, tell your neighbors, tell everyone you know to get Congress to stop this legislation if it comes to the floor for a vote, I know I'll do my part! Partisan Shenanigans Motion to Recommit Letter: I have recently highlighted how Speaker Pelosi, on top of her usual shenanigans, was working to end a procedural tactic known as the Motion to Recommit (MTR) for the next Congress. The MTR is a critical procedural tool that gives the Minority party one last opportunity to improve legislation before a final vote on the House floor. An important staple of legislative practice and fundamental for fulfilling the democratic practice of representing all Americans, Speaker Pelosi is seeking to rid it from the House because Republicans have been successful in getting them passed in recent years and because we closed the gap on her Majority for the 117th Congress. Following her usual MO, Speaker Pelosi is trying to consolidate power under her liberal agenda rather than allow regular order to proceed to the detriment of the American people. I ran for Congress out of frustration for party leaders caring more about their own status in Washington D.C. than working for the American people, which is why I joined my colleagues in a letter to Congressman McGovern, the Chairman of the House Rules Committee, to protest this latest Democrat power grab. You can view more information about this letter HERE Coronavirus Relief Package COVID-19 Update: While I remain adamant that the best economic response to the COVID pandemic is to allow for our economies to reopen for those who choose to re-enter life based on their own health situation and personal choices, we cannot ignore that the reason so many small businesses have gone under, lost revenue, or had to lay off workers is government mandates. The government created the problem, and therefore the government must provide relief and means to restore your prosperity. I supported the CARES Act and the Paycheck Protection Program (PPP) it created. Congressional intent was for PPP to assist with revenue loss so companies can pay mortgage, business expenses, payroll, and more. American businesses have the ability to write off their business expenses in their taxes, however when we passed the CARES Act, the IRS announced that any forgiven PPP loan could not be written off in your taxes. This is completely unacceptable because 1. these companies would not have required PPP to replace their revenue had we not shut down their businesses, and 2. if we do not allow them to write off their expenses as usual, then we will be giving them a tax increase on top of restricting their business. I have since been very concerned with this issue and over the summer wrote a letter to the Treasury Department protesting this rule and its harm to American small businesses. I am also a cosponsor of the Small Business Expense Protection Act which seeks to correct this wrong and I am proud to announce that the provisions of this bill and its Senate companion are in the new COVID relief bill which was debuted this week. Another Middle East Peace Deal! Morocco & Israel Historic Peace Agreement: When President Trump took office, he committed to a national security strategy based on a realistic assessment of the world, seeking peace through strength. The Commander in Chief has promoted this policy once again as Morocco last week opened diplomatic relations with Israel, the fourth country to do so since August, under the supervision of the President - for which any other American President would have most certainly been awarded a Nobel Prize. In return for opening diplomatic relations, President Trump recognized Morocco's claim to Western Sahara, a separatist region which has fought Morocco since 1975. This was another strategic move by the President as the Polisario Front, which runs the Western Sahara opposition movement, is a Cold War hold over group which was aligned with the Soviet Union and its several proxy states, including Libya, Algeria, and Cuba. In one swift action, the President brought diplomatic cooperation, rather than violence, to one of the most conflicted regions in the world while at the same time severely damaging the campaign of a Marxist group. In fact, in June I called on the Administration to denounce the Polisario Front and support Morocco, and I applaud President Trump for his continued commitment to our nation's partners like Israel and Morocco. Democrat Congressman Caught in Chinese Honeypot Chinese Spy Compromises Democrat Congressman: Last week, reporting broke that between 2011-2015, a suspected Chinese intelligence operative, Christine Fang, developed ties with American politicians, including Congressman Eric Swalwell (D-CA). The spy targeted politicians in the Bay Area, and in the case of Rep. Swalwell, the spy assisted with political fundraising and even placed an intern in his office. This case presents an interesting insight into Chinese influence and intelligence operations. From what we can tell, she did not contribute any illegal funds to Rep. Swalwell's campaign nor gained access to classified documents. So one might wonder where the threat is? China, which sees itself in competition to overcome the U.S., places great reliance on influence operations. They seek to gain access to American policymakers to influence the lawmaking process. This influence is carefully selected - for example Rep. Swalwell is a member of the House Permanent Select Committee on Intelligence and co-chair of the Critical Minerals Caucus. Wanting to gain access to our intelligence policies and funding, and to combat America's attempts to end global reliance on China for critical minerals, this political influence the operative gained could have led to China using this access to influence policies to the detriment of the U.S. and in support of Beijing. This spy also operates out of the Bay Area, where there are known Chinese Communist Party front groups, to which I have raised concern in the past . I applaud our counterintelligence officials for working diligently to expose this serious threat, and also j oined my Republican colleagues on the Oversight Committee in a letter to Speaker Pelosi to remove Rep. Swalwell from the House Intelligence Committee. Stengthening Diplomatic Ties Support for the U.S.-Taiwan Relationship: Last week I joined several of my colleagues in a letter to Secretary of State Mike Pompeo to push new initiatives to strongly support the relationship between America and Taiwan. Taiwan, which China seeks to control through force, is a strategic partner for our country as one of the few democratic entities in the region. First, the letter requests to change the name of Taiwan's unofficial embassy in America. Currently known as the Taipei Economic and Cultural Representative Office, we are seeking to have it renamed the Taiwan Representative Office to ensure it better represents the 23 million people of Taiwan. Second, the letter calls for a U.S.-Taiwan bilateral trade agreement, as Taiwan has taken the proper steps towards such an agreement, and already enjoys strong economic coordination with America, including in Arizona. As Taiwan is ready, and China is trying to push back on their preparedness to the detriment of American and Taiwanese businesses, it is time that we take this step in the pursuit of democracy and economic prosperity. Annual Army-Navy Football Game President Donald Trump Attends Army-Navy Game: President Donald Trump emerged from the tunnel in the south end zone as it was announced: ""Ladies and gentlemen, the 45th president of the United States..."" An audience of approximately 9,000 at Michie Stadium erupted with a standing ovation. Trump stopped in the Army end zone and waved in all directions as the crowd chanted ""USA, USA, USA."" Trump attended Saturday's 121st Army-Navy game, marking the third straight year he has done so as sitting president. Saturday Army shut out Navy 15-0 for the first time since 1969. Tweet of the Week @RepGosar: ""If Maricopa County was in Syria, Libya, or Iraq, many of my Republican colleagues would be demanding intervention to protect democracy."" #2020Election See Tweet HERE. Resources I work for YOU! I want to serve my constituents in any way I can. Whether you need help with a federal agency, are trying to find out if federal grants are available for your project, or are considering applying to a service academy, my office is always here to help. Help With a Federal Agency Federal Job Postings Help With Federal Grants Service Academy Nominations Additionally, the phone numbers for all of my offices are listed at the bottom of this email. ### Website |   | Contact Me Washington, DC Office 2057 Rayburn HOB Washington, DC 20515 Phone: (202) 225-2315 Kingman 220 N. 4th Street Kingman , AZ 86401 (By Appointment Only) Prescott 122 N. Cortez Street, Suite 104 Prescott, AZ 86301 Phone: (928) 445-1683 Gold Canyon 6499 S. Kings Ranch Road #4 Gold Canyon, AZ 86118 Phone: (480) 882-2697 Click Here to view this email in your browser Click Here to be removed from this list ",1.60823E+12,G000565,116,Paul,Gosar,11/22/58,M,AZ,4,Republican,House,,38850,2020-12-17 18:33:20,0.6237569,,,,,,,,,,,,,,,,
72,Objecting the Fraud," Objecting the Fraud U.S. Congressman Brian Babin | E-Newsletter Babin Bulletin | December 27, 2020 Click here if you have trouble viewing this email Objecting the Fraud I've formally requested House and Senate leadership investigate and conduct hearings regarding voter fraud and election theft before January 6, so that Congress is fully equipped to address the legality of the November 3, 2020 election. Confidence in our election process must be restored. It is my duty to do everything in my power to ensure that every legal vote is counted, every illegal vote is not, and our elections remain transparent. Our democracy will not survive otherwise. If Congress refuses to act before January 6, I will object to the electoral college vote submissions on the House floor on behalf of the millions of Americans, myself included, who do not trust the validity of this election. Read more in my press release below. To read press release, please click here . Discussing My No Vote on the $2.3 Trillion Omnibus/Covid Relief Package Forcing a nearly 6,000-page bill through Congress without giving members more than a few hours to actually READ what they're voting for is a disservice to the American people. I could not in good conscience blindly support spending $2.3 trillion. Our federal government should NOT operate this way. To watch interview, please click here . Exposing the Left's Plan for Conservatives Should Joe Biden find himself in the White House come January... he will work to make us less free, more secular, and more like his own fanatical base under the guise of ""progress."" Read more from my Op-Ed about the attack on our religious freedoms by clicking the link below. To read Op-Ed, please click here . Joining Rob Schmitt Tonight on Newsmax TV President Trump said from the start that the National Defense Authorization Act (NDAA) needed to include the Section 230 repeal. As a veteran, I will always support our military, but to not put an end to protections for Big Tech - who unfairly censor our voices because they don't agree with us - is dangerous. To watch interview, please click here . Where Is the Censure and Backlash? Portraying your ""enemy"" as rats is the same anti-Semitic propaganda used in Nazi Germany. Let that sink in. Where is the censure and backlash? The Left and their allies delight in grossly attacking the ideals of millions. Jeff Bezos and the Washington Post must be held accountable. To view tweet, please click here . The Democrats' Dilemma Without a doubt, the COVID-19 pandemic only increased the need to secure the southern border. The real question is will Democrats finally choose to prioritize the well-being of U.S. citizens over that of illegal aliens or will we continue to come in second? To read article, please click here . AG Barr Refuses to Appoint a Special Counsel to Investigate Hunter Biden A Joe Biden Administration investigating Hunter Biden seems like a precarious conflict of interest to me. It's clear that these investigations will vanish and trust me, Big Tech - as mouthpieces for the liberal media - are standing by to silence this. To read article, please click here . My 2020 Christmas Message On behalf of the Babin Family, I hope you all had a very Merry Christmas! I pray that God continues to bless you and your families. To watch video, please click here . Committing to January 6 Electoral College Objections I spoke with President Trump, Vice President Pence, and Rudy Giuliani on Monday at the White House - the fight is NOT over. We haven't been allowed our day in court, but we WILL have our day in Congress. It's time to make a choice, and I choose the side of The People. To watch interview, please click here . Thanking Our Frontline Workers At our ports and on the water, frontline workers have kept our economy moving throughout the COVID-19 pandemic. Thank you! Talking About $2K Stimulus Checks on the Evening Edit I support taking every dime spent on wasteful programs/foreign aid and giving it back to the hardworking men and women of this country. But to be clear: the best and most effective stimulus package is reopening the economy. We need to end swamp spending and stand up for America. To watch interview, please click here . America's Allies Will Benefit From Operation Warp Speed I'm glad to see that our European allies will benefit from President Trump's Operation Warp Speed. A new vaccine approved and distributed internationally in less than a year - a historical achievement that will save THOUSANDS! To read article, please click here . TDEM's COVID-19 Testing Information The Texas Division of Emergency Management (TDEM) released helpful information for those needing to get tested for COVID-19. Follow the instructions below. COVID-19 Call Centers If you're a TX-36 resident and experiencing flu-like symptoms (fever or cough), shortness of breath, or believe you've been exposed to the novel coronavirus, please call your county's COVID-19 call center. Current COVID-19 Numbers in the U.S. As of December 26, 2020, the current number of confirmed COVID-19 cases and deaths in the U.S. are as follows: Total Cases: 18,730,806 Total Deaths: 329,592 These numbers have most likely changed as more tests are becoming available each day. You can keep track on the CDC's webpage below. To visit webpage, please click here . Stay Tuned to the CDC's Website Remember you can always find current information and guidance on COVID-19 by visiting the CDC's regularly updated website. To visit website, please click here . Stay Updated on COVID-19 Cases in Texas To view the latest number of confirmed COVID-19 cases in Texas or get answers to Texas-specific questions or concerns, please visit the Texas Department of State Health Services' website below. You can also contact them by calling (877) 570-9779 or by emailing coronavirus@ . To visit website, please click here . Share What is Important to You | Share on Facebook | Share on Twitter UPDATE SUBSCRIPTION OPTIONS | PRIVACY POLICY | CONTACT US ",1.60908E+12,B001291,116,Brian,Babin,3/23/48,M,TX,36,Republican,House,,160438,2020-12-27 14:40:00,,0.57631534,,,,,,,,,,,,,,,
